TIME,N_001_v000,N_002_v000
2025-01-01 00:01:00,0.9933416,1.3106593
2025-01-01 00:02:00,0.99359846,1.3107548
2025-01-01 00:03:00,0.9938563,1.31085
2025-01-01 00:04:00,0.99411553,1.3109454
2025-01-01 00:05:00,0.9943759,1.3110406
2025-01-01 00:06:00,0.9946374,1.3111356
2025-01-01 00:07:00,0.99490035,1.3112309
2025-01-01 00:08:00,0.9951646,1.3113261
2025-01-01 00:09:00,0.9954301,1.3114214
2025-01-01 00:10:00,0.9956969,1.3115166
2025-01-01 00:11:00,0.9959651,1.3116121
2025-01-01 00:12:00,0.9962348,1.3117079
2025-01-01 00:13:00,0.99650574,1.3118036
2025-01-01 00:14:00,0.99677825,1.3118995
2025-01-01 00:15:00,0.9970522,1.3119957
2025-01-01 00:16:00,0.99732757,1.3120921
2025-01-01 00:17:00,0.99760455,1.3121889
2025-01-01 00:18:00,0.997883,1.3122859
2025-01-01 00:19:00,0.998163,1.3123832
2025-01-01 00:20:00,0.9984446,1.3124809
2025-01-01 00:21:00,0.99872786,1.3125789
2025-01-01 00:22:00,0.9990127,1.3126775
2025-01-01 00:23:00,0.99929905,1.3127763
2025-01-01 00:24:00,0.99958724,1.3128756
2025-01-01 00:25:00,0.99987704,1.3129755
2025-01-01 00:26:00,1.0001684,1.3130757
2025-01-01 00:27:00,1.0004617,1.3131766
2025-01-01 00:28:00,1.0007567,1.313278
2025-01-01 00:29:00,1.0010533,1.3133799
2025-01-01 00:30:00,1.001352,1.3134824
2025-01-01 00:31:00,1.0016522,1.3135855
2025-01-01 00:32:00,1.0019543,1.3136892
2025-01-01 00:33:00,1.0022583,1.3137937
2025-01-01 00:34:00,1.0025641,1.3138988
2025-01-01 00:35:00,1.0028718,1.3140047
2025-01-01 00:36:00,1.0031812,1.3141111
2025-01-01 00:37:00,1.0034927,1.3142184
2025-01-01 00:38:00,1.0038061,1.3143264
2025-01-01 00:39:00,1.0041213,1.3144351
2025-01-01 00:40:00,1.0044386,1.3145448
2025-01-01 00:41:00,1.0047579,1.3146552
2025-01-01 00:42:00,1.005079,1.3147663
2025-01-01 00:43:00,1.0054022,1.3148785
2025-01-01 00:44:00,1.0057274,1.3149914
2025-01-01 00:45:00,1.0060546,1.3151052
2025-01-01 00:46:00,1.0063838,1.3152199
2025-01-01 00:47:00,1.006715,1.3153356
2025-01-01 00:48:00,1.0070484,1.3154522
2025-01-01 00:49:00,1.0073837,1.3155696
2025-01-01 00:50:00,1.0077212,1.3156883
2025-01-01 00:51:00,1.0080608,1.3158077
2025-01-01 00:52:00,1.0084023,1.3159281
2025-01-01 00:53:00,1.0087461,1.3160497
2025-01-01 00:54:00,1.0090921,1.3161722
2025-01-01 00:55:00,1.0094401,1.3162957
2025-01-01 00:56:00,1.0097902,1.3164203
2025-01-01 00:57:00,1.0101426,1.3165461
2025-01-01 00:58:00,1.0104971,1.3166729
2025-01-01 00:59:00,1.0108535,1.3168006
2025-01-01 01:00:00,1.0112123,1.3169296
2025-01-01 01:01:00,1.0115733,1.3170598
2025-01-01 01:02:00,1.0119364,1.3171908
2025-01-01 01:03:00,1.0123018,1.3173231
2025-01-01 01:04:00,1.0126693,1.3174566
2025-01-01 01:05:00,1.013039,1.3175912
2025-01-01 01:06:00,1.0134109,1.317727
2025-01-01 01:07:00,1.0137851,1.317864
2025-01-01 01:08:00,1.0141613,1.318002
2025-01-01 01:09:00,1.01454,1.3181413
2025-01-01 01:10:00,1.0149207,1.3182819
2025-01-01 01:11:00,1.0153037,1.3184235
2025-01-01 01:12:00,1.0156889,1.3185663
2025-01-01 01:13:00,1.0160763,1.3187106
2025-01-01 01:14:00,1.016466,1.3188559
2025-01-01 01:15:00,1.0168579,1.3190024
2025-01-01 01:16:00,1.017252,1.3191502
2025-01-01 01:17:00,1.0176483,1.3192992
2025-01-01 01:18:00,1.0180467,1.3194494
2025-01-01 01:19:00,1.0184475,1.3196009
2025-01-01 01:20:00,1.0188506,1.3197536
2025-01-01 01:21:00,1.0192556,1.3199075
2025-01-01 01:22:00,1.0196631,1.3200629
2025-01-01 01:23:00,1.0200728,1.3202194
2025-01-01 01:24:00,1.0204847,1.3203771
2025-01-01 01:25:00,1.0208986,1.320536
2025-01-01 01:26:00,1.0213149,1.3206962
2025-01-01 01:27:00,1.0217334,1.3208578
2025-01-01 01:28:00,1.0221539,1.3210205
2025-01-01 01:29:00,1.0225767,1.3211844
2025-01-01 01:30:00,1.0230018,1.3213497
2025-01-01 01:31:00,1.0234288,1.321516
2025-01-01 01:32:00,1.0238582,1.3216839
2025-01-01 01:33:00,1.0242896,1.3218528
2025-01-01 01:34:00,1.0247232,1.3220229
2025-01-01 01:35:00,1.0251589,1.3221945
2025-01-01 01:36:00,1.0255969,1.3223671
2025-01-01 01:37:00,1.0260369,1.322541
2025-01-01 01:38:00,1.0264789,1.322716
2025-01-01 01:39:00,1.0269231,1.3228924
2025-01-01 01:40:00,1.0273694,1.3230699
2025-01-01 01:41:00,1.0278177,1.3232486
2025-01-01 01:42:00,1.0282682,1.3234286
2025-01-01 01:43:00,1.0287206,1.3236097
2025-01-01 01:44:00,1.029175,1.323792
2025-01-01 01:45:00,1.0296316,1.3239754
2025-01-01 01:46:00,1.0300902,1.3241601
2025-01-01 01:47:00,1.0305508,1.324346
2025-01-01 01:48:00,1.0310133,1.3245327
2025-01-01 01:49:00,1.0314778,1.3247209
2025-01-01 01:50:00,1.0319443,1.3249102
2025-01-01 01:51:00,1.0324126,1.3251004
2025-01-01 01:52:00,1.0328829,1.3252919
2025-01-01 01:53:00,1.0333552,1.3254844
2025-01-01 01:54:00,1.0338292,1.3256779
2025-01-01 01:55:00,1.0343052,1.3258727
2025-01-01 01:56:00,1.034783,1.3260684
2025-01-01 01:57:00,1.0352626,1.3262651
2025-01-01 01:58:00,1.0357441,1.3264629
2025-01-01 01:59:00,1.0362273,1.3266617
2025-01-01 02:00:00,1.0367124,1.3268616
2025-01-01 02:01:00,1.0371991,1.3270624
2025-01-01 02:02:00,1.0376877,1.3272642
2025-01-01 02:03:00,1.038178,1.3274668
2025-01-01 02:04:00,1.0386697,1.3276705
2025-01-01 02:05:00,1.0391634,1.3278751
2025-01-01 02:06:00,1.0396587,1.3280807
2025-01-01 02:07:00,1.0401554,1.328287
2025-01-01 02:08:00,1.040654,1.3284943
2025-01-01 02:09:00,1.0411539,1.3287024
2025-01-01 02:10:00,1.0416554,1.3289113
2025-01-01 02:11:00,1.0421586,1.3291211
2025-01-01 02:12:00,1.0426632,1.3293316
2025-01-01 02:13:00,1.0431694,1.3295431
2025-01-01 02:14:00,1.0436769,1.3297551
2025-01-01 02:15:00,1.0441859,1.329968
2025-01-01 02:16:00,1.0446962,1.3301816
2025-01-01 02:17:00,1.0452079,1.3303958
2025-01-01 02:18:00,1.045721,1.3306108
2025-01-01 02:19:00,1.0462354,1.3308264
2025-01-01 02:20:00,1.0467511,1.3310425
2025-01-01 02:21:00,1.0472682,1.3312594
2025-01-01 02:22:00,1.0477864,1.3314768
2025-01-01 02:23:00,1.0483057,1.3316947
2025-01-01 02:24:00,1.0488263,1.3319134
2025-01-01 02:25:00,1.0493481,1.3321323
2025-01-01 02:26:00,1.049871,1.3323519
2025-01-01 02:27:00,1.0503949,1.3325719
2025-01-01 02:28:00,1.05092,1.3327924
2025-01-01 02:29:00,1.0514461,1.3330133
2025-01-01 02:30:00,1.051973,1.3332345
2025-01-01 02:31:00,1.0525011,1.3334562
2025-01-01 02:32:00,1.05303,1.3336782
2025-01-01 02:33:00,1.0535598,1.3339005
2025-01-01 02:34:00,1.0540906,1.3341231
2025-01-01 02:35:00,1.0546222,1.3343459
2025-01-01 02:36:00,1.0551544,1.334569
2025-01-01 02:37:00,1.0556877,1.3347924
2025-01-01 02:38:00,1.0562216,1.3350159
2025-01-01 02:39:00,1.0567561,1.3352395
2025-01-01 02:40:00,1.0572914,1.3354633
2025-01-01 02:41:00,1.0578272,1.3356872
2025-01-01 02:42:00,1.0583638,1.3359112
2025-01-01 02:43:00,1.0589008,1.3361351
2025-01-01 02:44:00,1.0594385,1.3363591
2025-01-01 02:45:00,1.0599766,1.3365831
2025-01-01 02:46:00,1.060515,1.336807
2025-01-01 02:47:00,1.0610541,1.337031
2025-01-01 02:48:00,1.0615935,1.3372548
2025-01-01 02:49:00,1.0621332,1.3374783
2025-01-01 02:50:00,1.0626733,1.3377018
2025-01-01 02:51:00,1.0632137,1.3379252
2025-01-01 02:52:00,1.0637543,1.3381482
2025-01-01 02:53:00,1.0642949,1.3383709
2025-01-01 02:54:00,1.064836,1.3385935
2025-01-01 02:55:00,1.0653771,1.3388157
2025-01-01 02:56:00,1.0659182,1.3390375
2025-01-01 02:57:00,1.0664595,1.339259
2025-01-01 02:58:00,1.0670009,1.33948
2025-01-01 02:59:00,1.0675421,1.3397006
2025-01-01 03:00:00,1.0680833,1.3399208
2025-01-01 03:01:00,1.0686245,1.3401405
2025-01-01 03:02:00,1.0691655,1.3403596
2025-01-01 03:03:00,1.0697062,1.340578
2025-01-01 03:04:00,1.0702469,1.3407959
2025-01-01 03:05:00,1.0707873,1.3410132
2025-01-01 03:06:00,1.0713273,1.3412297
2025-01-01 03:07:00,1.0718671,1.3414456
2025-01-01 03:08:00,1.0724065,1.3416607
2025-01-01 03:09:00,1.0729454,1.3418751
2025-01-01 03:10:00,1.073484,1.3420886
2025-01-01 03:11:00,1.074022,1.3423014
2025-01-01 03:12:00,1.0745596,1.3425132
2025-01-01 03:13:00,1.0750965,1.3427241
2025-01-01 03:14:00,1.0756329,1.3429341
2025-01-01 03:15:00,1.0761688,1.3431432
2025-01-01 03:16:00,1.0767037,1.3433512
2025-01-01 03:17:00,1.0772381,1.3435582
2025-01-01 03:18:00,1.0777717,1.3437642
2025-01-01 03:19:00,1.0783043,1.3439689
2025-01-01 03:20:00,1.0788363,1.3441726
2025-01-01 03:21:00,1.0793674,1.3443751
2025-01-01 03:22:00,1.0798974,1.3445764
2025-01-01 03:23:00,1.0804266,1.3447764
2025-01-01 03:24:00,1.0809548,1.3449752
2025-01-01 03:25:00,1.0814818,1.3451726
2025-01-01 03:26:00,1.0820079,1.3453687
2025-01-01 03:27:00,1.0825329,1.3455635
2025-01-01 03:28:00,1.0830566,1.3457569
2025-01-01 03:29:00,1.0835791,1.3459487
2025-01-01 03:30:00,1.0841004,1.3461391
2025-01-01 03:31:00,1.0846205,1.346328
2025-01-01 03:32:00,1.085139,1.3465153
2025-01-01 03:33:00,1.0856564,1.3467011
2025-01-01 03:34:00,1.0861723,1.3468853
2025-01-01 03:35:00,1.0866867,1.3470677
2025-01-01 03:36:00,1.0871998,1.3472486
2025-01-01 03:37:00,1.0877113,1.3474276
2025-01-01 03:38:00,1.0882212,1.3476049
2025-01-01 03:39:00,1.0887295,1.3477805
2025-01-01 03:40:00,1.0892361,1.3479543
2025-01-01 03:41:00,1.0897412,1.3481263
2025-01-01 03:42:00,1.0902444,1.3482962
2025-01-01 03:43:00,1.0907459,1.3484644
2025-01-01 03:44:00,1.0912457,1.3486305
2025-01-01 03:45:00,1.0917435,1.3487946
2025-01-01 03:46:00,1.0922395,1.3489568
2025-01-01 03:47:00,1.0927335,1.349117
2025-01-01 03:48:00,1.0932256,1.349275
2025-01-01 03:49:00,1.0937157,1.3494309
2025-01-01 03:50:00,1.0942038,1.3495848
2025-01-01 03:51:00,1.0946898,1.3497363
2025-01-01 03:52:00,1.0951737,1.3498858
2025-01-01 03:53:00,1.0956556,1.3500329
2025-01-01 03:54:00,1.0961351,1.3501779
2025-01-01 03:55:00,1.0966125,1.3503205
2025-01-01 03:56:00,1.0970875,1.3504608
2025-01-01 03:57:00,1.0975604,1.3505988
2025-01-01 03:58:00,1.0980308,1.3507342
2025-01-01 03:59:00,1.098499,1.3508674
2025-01-01 04:00:00,1.0989647,1.350998
2025-01-01 04:01:00,1.0994278,1.3511262
2025-01-01 04:02:00,1.0998886,1.3512518
2025-01-01 04:03:00,1.1003469,1.351375
2025-01-01 04:04:00,1.1008025,1.3514955
2025-01-01 04:05:00,1.1012557,1.3516135
2025-01-01 04:06:00,1.1017063,1.3517289
2025-01-01 04:07:00,1.1021541,1.3518416
2025-01-01 04:08:00,1.1025991,1.3519515
2025-01-01 04:09:00,1.1030416,1.3520588
2025-01-01 04:10:00,1.1034813,1.3521634
2025-01-01 04:11:00,1.1039181,1.3522651
2025-01-01 04:12:00,1.1043522,1.3523641
2025-01-01 04:13:00,1.1047834,1.3524603
2025-01-01 04:14:00,1.1052116,1.3525535
2025-01-01 04:15:00,1.1056371,1.352644
2025-01-01 04:16:00,1.1060596,1.3527315
2025-01-01 04:17:00,1.1064789,1.3528161
2025-01-01 04:18:00,1.1068952,1.3528978
2025-01-01 04:19:00,1.1073086,1.3529764
2025-01-01 04:20:00,1.107719,1.3530521
2025-01-01 04:21:00,1.108126,1.3531247
2025-01-01 04:22:00,1.10853,1.3531944
2025-01-01 04:23:00,1.1089308,1.3532609
2025-01-01 04:24:00,1.1093284,1.3533242
2025-01-01 04:25:00,1.1097227,1.3533845
2025-01-01 04:26:00,1.110114,1.3534417
2025-01-01 04:27:00,1.1105016,1.3534956
2025-01-01 04:28:00,1.1108862,1.3535464
2025-01-01 04:29:00,1.1112673,1.353594
2025-01-01 04:30:00,1.1116451,1.3536384
2025-01-01 04:31:00,1.1120194,1.3536794
2025-01-01 04:32:00,1.1123903,1.3537172
2025-01-01 04:33:00,1.1127578,1.3537518
2025-01-01 04:34:00,1.1131217,1.3537829
2025-01-01 04:35:00,1.1134822,1.3538108
2025-01-01 04:36:00,1.1138391,1.3538353
2025-01-01 04:37:00,1.1141924,1.3538563
2025-01-01 04:38:00,1.1145421,1.3538742
2025-01-01 04:39:00,1.1148883,1.3538885
2025-01-01 04:40:00,1.1152308,1.3538994
2025-01-01 04:41:00,1.1155696,1.3539069
2025-01-01 04:42:00,1.1159048,1.3539108
2025-01-01 04:43:00,1.1162363,1.3539114
2025-01-01 04:44:00,1.1165639,1.3539083
2025-01-01 04:45:00,1.1168879,1.3539019
2025-01-01 04:46:00,1.1172081,1.3538918
2025-01-01 04:47:00,1.1175245,1.3538783
2025-01-01 04:48:00,1.1178371,1.3538612
2025-01-01 04:49:00,1.1181458,1.3538406
2025-01-01 04:50:00,1.1184506,1.3538162
2025-01-01 04:51:00,1.1187518,1.3537884
2025-01-01 04:52:00,1.1190488,1.3537569
2025-01-01 04:53:00,1.119342,1.3537217
2025-01-01 04:54:00,1.1196313,1.3536831
2025-01-01 04:55:00,1.1199167,1.3536408
2025-01-01 04:56:00,1.120198,1.3535948
2025-01-01 04:57:00,1.1204754,1.3535451
2025-01-01 04:58:00,1.1207488,1.3534917
2025-01-01 04:59:00,1.1210182,1.3534347
2025-01-01 05:00:00,1.1212834,1.3533739
2025-01-01 05:01:00,1.1215448,1.3533095
2025-01-01 05:02:00,1.1218021,1.3532414
2025-01-01 05:03:00,1.1220552,1.3531694
2025-01-01 05:04:00,1.1223043,1.3530939
2025-01-01 05:05:00,1.1225493,1.3530146
2025-01-01 05:06:00,1.1227901,1.3529315
2025-01-01 05:07:00,1.1230268,1.3528447
2025-01-01 05:08:00,1.1232595,1.3527542
2025-01-01 05:09:00,1.1234881,1.35266
2025-01-01 05:10:00,1.1237123,1.3525618
2025-01-01 05:11:00,1.1239325,1.35246
2025-01-01 05:12:00,1.1241485,1.3523545
2025-01-01 05:13:00,1.1243602,1.3522451
2025-01-01 05:14:00,1.1245679,1.352132
2025-01-01 05:15:00,1.1247714,1.3520151
2025-01-01 05:16:00,1.1249704,1.3518944
2025-01-01 05:17:00,1.1251655,1.35177
2025-01-01 05:18:00,1.1253562,1.3516418
2025-01-01 05:19:00,1.1255426,1.3515097
2025-01-01 05:20:00,1.125725,1.351374
2025-01-01 05:21:00,1.1259031,1.3512346
2025-01-01 05:22:00,1.1260769,1.3510913
2025-01-01 05:23:00,1.1262465,1.350944
2025-01-01 05:24:00,1.1264118,1.3507932
2025-01-01 05:25:00,1.126573,1.3506387
2025-01-01 05:26:00,1.1267296,1.3504802
2025-01-01 05:27:00,1.1268822,1.3503182
2025-01-01 05:28:00,1.1270306,1.3501523
2025-01-01 05:29:00,1.1271745,1.3499826
2025-01-01 05:30:00,1.1273143,1.3498093
2025-01-01 05:31:00,1.1274499,1.3496321
2025-01-01 05:32:00,1.1275811,1.3494514
2025-01-01 05:33:00,1.1277081,1.3492668
2025-01-01 05:34:00,1.1278307,1.3490784
2025-01-01 05:35:00,1.1279494,1.3488865
2025-01-01 05:36:00,1.1280634,1.3486907
2025-01-01 05:37:00,1.1281735,1.3484914
2025-01-01 05:38:00,1.1282792,1.3482884
2025-01-01 05:39:00,1.1283805,1.3480816
2025-01-01 05:40:00,1.1284778,1.3478712
2025-01-01 05:41:00,1.1285709,1.3476572
2025-01-01 05:42:00,1.1286596,1.3474394
2025-01-01 05:43:00,1.1287441,1.3472182
2025-01-01 05:44:00,1.1288245,1.3469933
2025-01-01 05:45:00,1.1289006,1.3467648
2025-01-01 05:46:00,1.1289725,1.3465326
2025-01-01 05:47:00,1.1290402,1.3462969
2025-01-01 05:48:00,1.1291038,1.3460577
2025-01-01 05:49:00,1.129163,1.3458148
2025-01-01 05:50:00,1.1292182,1.3455685
2025-01-01 05:51:00,1.1292694,1.3453187
2025-01-01 05:52:00,1.1293161,1.3450652
2025-01-01 05:53:00,1.1293589,1.3448085
2025-01-01 05:54:00,1.1293975,1.3445482
2025-01-01 05:55:00,1.129432,1.3442843
2025-01-01 05:56:00,1.1294624,1.3440173
2025-01-01 05:57:00,1.1294887,1.3437467
2025-01-01 05:58:00,1.129511,1.3434727
2025-01-01 05:59:00,1.1295291,1.3431952
2025-01-01 06:00:00,1.1295432,1.3429146
2025-01-01 06:01:00,1.1295533,1.3426305
2025-01-01 06:02:00,1.1295593,1.3423431
2025-01-01 06:03:00,1.1295614,1.3420525
2025-01-01 06:04:00,1.1295595,1.3417586
2025-01-01 06:05:00,1.1295536,1.3414613
2025-01-01 06:06:00,1.1295437,1.3411609
2025-01-01 06:07:00,1.12953,1.3408573
2025-01-01 06:08:00,1.1295122,1.3405504
2025-01-01 06:09:00,1.1294905,1.3402405
2025-01-01 06:10:00,1.1294651,1.3399274
2025-01-01 06:11:00,1.1294358,1.3396113
2025-01-01 06:12:00,1.1294025,1.3392919
2025-01-01 06:13:00,1.1293654,1.3389696
2025-01-01 06:14:00,1.1293247,1.3386443
2025-01-01 06:15:00,1.12928,1.3383158
2025-01-01 06:16:00,1.1292316,1.3379844
2025-01-01 06:17:00,1.1291795,1.3376502
2025-01-01 06:18:00,1.1291236,1.3373128
2025-01-01 06:19:00,1.1290641,1.3369727
2025-01-01 06:20:00,1.1290009,1.3366297
2025-01-01 06:21:00,1.128934,1.3362839
2025-01-01 06:22:00,1.1288635,1.3359351
2025-01-01 06:23:00,1.1287894,1.3355837
2025-01-01 06:24:00,1.1287117,1.3352295
2025-01-01 06:25:00,1.1286304,1.3348725
2025-01-01 06:26:00,1.1285456,1.334513
2025-01-01 06:27:00,1.1284574,1.3341507
2025-01-01 06:28:00,1.1283656,1.3337857
2025-01-01 06:29:00,1.1282705,1.3334181
2025-01-01 06:30:00,1.1281719,1.3330481
2025-01-01 06:31:00,1.1280698,1.3326753
2025-01-01 06:32:00,1.1279644,1.3323003
2025-01-01 06:33:00,1.1278558,1.3319228
2025-01-01 06:34:00,1.1277436,1.3315426
2025-01-01 06:35:00,1.1276283,1.3311602
2025-01-01 06:36:00,1.1275097,1.3307754
2025-01-01 06:37:00,1.1273879,1.3303883
2025-01-01 06:38:00,1.1272628,1.3299987
2025-01-01 06:39:00,1.1271347,1.329607
2025-01-01 06:40:00,1.1270033,1.329213
2025-01-01 06:41:00,1.1268688,1.3288168
2025-01-01 06:42:00,1.1267313,1.3284185
2025-01-01 06:43:00,1.1265907,1.3280181
2025-01-01 06:44:00,1.1264471,1.3276155
2025-01-01 06:45:00,1.1263006,1.3272109
2025-01-01 06:46:00,1.1261511,1.3268043
2025-01-01 06:47:00,1.1259986,1.3263958
2025-01-01 06:48:00,1.1258432,1.3259852
2025-01-01 06:49:00,1.125685,1.3255727
2025-01-01 06:50:00,1.125524,1.3251585
2025-01-01 06:51:00,1.1253601,1.3247422
2025-01-01 06:52:00,1.1251935,1.3243244
2025-01-01 06:53:00,1.1250243,1.3239046
2025-01-01 06:54:00,1.1248522,1.3234832
2025-01-01 06:55:00,1.1246775,1.3230602
2025-01-01 06:56:00,1.1245003,1.3226354
2025-01-01 06:57:00,1.1243204,1.322209
2025-01-01 06:58:00,1.1241379,1.3217812
2025-01-01 06:59:00,1.123953,1.3213518
2025-01-01 07:00:00,1.1237656,1.320921
2025-01-01 07:01:00,1.1235757,1.3204886
2025-01-01 07:02:00,1.1233834,1.3200549
2025-01-01 07:03:00,1.1231887,1.3196199
2025-01-01 07:04:00,1.1229917,1.3191833
2025-01-01 07:05:00,1.1227924,1.3187457
2025-01-01 07:06:00,1.1225909,1.3183068
2025-01-01 07:07:00,1.1223869,1.3178667
2025-01-01 07:08:00,1.1221809,1.3174254
2025-01-01 07:09:00,1.1219728,1.3169831
2025-01-01 07:10:00,1.1217624,1.3165395
2025-01-01 07:11:00,1.1215501,1.3160951
2025-01-01 07:12:00,1.1213357,1.3156496
2025-01-01 07:13:00,1.1211193,1.3152033
2025-01-01 07:14:00,1.1209008,1.3147558
2025-01-01 07:15:00,1.1206805,1.3143077
2025-01-01 07:16:00,1.1204582,1.3138587
2025-01-01 07:17:00,1.120234,1.3134089
2025-01-01 07:18:00,1.1200081,1.3129584
2025-01-01 07:19:00,1.1197804,1.3125072
2025-01-01 07:20:00,1.119551,1.3120551
2025-01-01 07:21:00,1.1193198,1.3116027
2025-01-01 07:22:00,1.119087,1.3111497
2025-01-01 07:23:00,1.1188524,1.310696
2025-01-01 07:24:00,1.1186163,1.3102419
2025-01-01 07:25:00,1.1183788,1.3097875
2025-01-01 07:26:00,1.1181396,1.3093326
2025-01-01 07:27:00,1.117899,1.3088772
2025-01-01 07:28:00,1.117657,1.3084217
2025-01-01 07:29:00,1.1174135,1.3079659
2025-01-01 07:30:00,1.1171685,1.3075097
2025-01-01 07:31:00,1.1169224,1.3070534
2025-01-01 07:32:00,1.116675,1.306597
2025-01-01 07:33:00,1.1164262,1.3061404
2025-01-01 07:34:00,1.1161764,1.305684
2025-01-01 07:35:00,1.1159253,1.3052274
2025-01-01 07:36:00,1.1156732,1.3047708
2025-01-01 07:37:00,1.1154197,1.3043143
2025-01-01 07:38:00,1.1151655,1.3038579
2025-01-01 07:39:00,1.1149101,1.3034017
2025-01-01 07:40:00,1.1146536,1.3029456
2025-01-01 07:41:00,1.1143963,1.3024899
2025-01-01 07:42:00,1.1141382,1.3020344
2025-01-01 07:43:00,1.1138791,1.301579
2025-01-01 07:44:00,1.1136192,1.3011242
2025-01-01 07:45:00,1.1133586,1.3006698
2025-01-01 07:46:00,1.1130971,1.3002158
2025-01-01 07:47:00,1.1128349,1.2997624
2025-01-01 07:48:00,1.1125722,1.2993095
2025-01-01 07:49:00,1.1123087,1.298857
2025-01-01 07:50:00,1.1120447,1.2984053
2025-01-01 07:51:00,1.1117802,1.2979541
2025-01-01 07:52:00,1.111515,1.2975037
2025-01-01 07:53:00,1.1112493,1.2970539
2025-01-01 07:54:00,1.1109834,1.2966051
2025-01-01 07:55:00,1.1107169,1.2961571
2025-01-01 07:56:00,1.11045,1.2957097
2025-01-01 07:57:00,1.1101829,1.2952634
2025-01-01 07:58:00,1.1099155,1.2948182
2025-01-01 07:59:00,1.1096476,1.2943736
2025-01-01 08:00:00,1.1093796,1.2939303
2025-01-01 08:01:00,1.1091115,1.293488
2025-01-01 08:02:00,1.1088433,1.2930467
2025-01-01 08:03:00,1.1085747,1.2926066
2025-01-01 08:04:00,1.1083063,1.2921677
2025-01-01 08:05:00,1.1080378,1.29173
2025-01-01 08:06:00,1.1077691,1.2912935
2025-01-01 08:07:00,1.1075007,1.2908584
2025-01-01 08:08:00,1.1072322,1.2904246
2025-01-01 08:09:00,1.1069638,1.2899921
2025-01-01 08:10:00,1.1066955,1.289561
2025-01-01 08:11:00,1.1064274,1.2891314
2025-01-01 08:12:00,1.1061594,1.2887032
2025-01-01 08:13:00,1.1058917,1.2882767
2025-01-01 08:14:00,1.1056244,1.2878517
2025-01-01 08:15:00,1.1053573,1.2874283
2025-01-01 08:16:00,1.1050904,1.2870063
2025-01-01 08:17:00,1.1048241,1.2865862
2025-01-01 08:18:00,1.104558,1.2861677
2025-01-01 08:19:00,1.1042924,1.2857509
2025-01-01 08:20:00,1.1040273,1.2853359
2025-01-01 08:21:00,1.1037626,1.2849228
2025-01-01 08:22:00,1.1034983,1.2845113
2025-01-01 08:23:00,1.1032349,1.284102
2025-01-01 08:24:00,1.1029719,1.2836944
2025-01-01 08:25:00,1.1027094,1.2832887
2025-01-01 08:26:00,1.1024477,1.2828851
2025-01-01 08:27:00,1.1021867,1.2824835
2025-01-01 08:28:00,1.1019263,1.2820839
2025-01-01 08:29:00,1.1016667,1.2816863
2025-01-01 08:30:00,1.1014079,1.2812908
2025-01-01 08:31:00,1.1011498,1.2808976
2025-01-01 08:32:00,1.1008925,1.2805064
2025-01-01 08:33:00,1.1006362,1.2801174
2025-01-01 08:34:00,1.1003807,1.2797307
2025-01-01 08:35:00,1.100126,1.2793461
2025-01-01 08:36:00,1.0998724,1.278964
2025-01-01 08:37:00,1.0996197,1.2785841
2025-01-01 08:38:00,1.099368,1.2782066
2025-01-01 08:39:00,1.0991173,1.2778314
2025-01-01 08:40:00,1.0988677,1.2774587
2025-01-01 08:41:00,1.098619,1.2770884
2025-01-01 08:42:00,1.0983714,1.2767204
2025-01-01 08:43:00,1.0981251,1.276355
2025-01-01 08:44:00,1.0978799,1.2759922
2025-01-01 08:45:00,1.0976356,1.2756318
2025-01-01 08:46:00,1.0973928,1.2752739
2025-01-01 08:47:00,1.097151,1.2749188
2025-01-01 08:48:00,1.0969105,1.274566
2025-01-01 08:49:00,1.0966713,1.2742162
2025-01-01 08:50:00,1.0964334,1.2738689
2025-01-01 08:51:00,1.0961968,1.2735243
2025-01-01 08:52:00,1.0959613,1.2731823
2025-01-01 08:53:00,1.0957274,1.2728431
2025-01-01 08:54:00,1.0954949,1.2725067
2025-01-01 08:55:00,1.0952635,1.272173
2025-01-01 08:56:00,1.0950336,1.2718421
2025-01-01 08:57:00,1.0948052,1.2715142
2025-01-01 08:58:00,1.0945781,1.2711889
2025-01-01 08:59:00,1.0943527,1.2708665
2025-01-01 09:00:00,1.0941287,1.2705472
2025-01-01 09:01:00,1.093906,1.2702304
2025-01-01 09:02:00,1.093685,1.2699168
2025-01-01 09:03:00,1.0934654,1.2696061
2025-01-01 09:04:00,1.0932475,1.2692983
2025-01-01 09:05:00,1.093031,1.2689935
2025-01-01 09:06:00,1.0928162,1.2686917
2025-01-01 09:07:00,1.092603,1.2683929
2025-01-01 09:08:00,1.0923913,1.268097
2025-01-01 09:09:00,1.0921812,1.2678043
2025-01-01 09:10:00,1.0919728,1.2675146
2025-01-01 09:11:00,1.091766,1.2672279
2025-01-01 09:12:00,1.0915608,1.2669444
2025-01-01 09:13:00,1.0913575,1.2666639
2025-01-01 09:14:00,1.0911556,1.2663865
2025-01-01 09:15:00,1.0909555,1.2661122
2025-01-01 09:16:00,1.0907573,1.2658412
2025-01-01 09:17:00,1.0905606,1.2655733
2025-01-01 09:18:00,1.0903656,1.2653084
2025-01-01 09:19:00,1.0901724,1.2650468
2025-01-01 09:20:00,1.0899811,1.2647884
2025-01-01 09:21:00,1.0897913,1.264533
2025-01-01 09:22:00,1.0896033,1.2642809
2025-01-01 09:23:00,1.0894172,1.2640321
2025-01-01 09:24:00,1.0892328,1.2637864
2025-01-01 09:25:00,1.0890502,1.2635441
2025-01-01 09:26:00,1.0888695,1.2633048
2025-01-01 09:27:00,1.0886903,1.2630689
2025-01-01 09:28:00,1.0885131,1.2628362
2025-01-01 09:29:00,1.0883378,1.2626067
2025-01-01 09:30:00,1.0881642,1.2623806
2025-01-01 09:31:00,1.0879924,1.2621576
2025-01-01 09:32:00,1.0878224,1.261938
2025-01-01 09:33:00,1.0876544,1.2617216
2025-01-01 09:34:00,1.0874879,1.2615085
2025-01-01 09:35:00,1.0873235,1.2612987
2025-01-01 09:36:00,1.087161,1.2610921
2025-01-01 09:37:00,1.087,1.2608888
2025-01-01 09:38:00,1.0868411,1.2606888
2025-01-01 09:39:00,1.086684,1.2604922
2025-01-01 09:40:00,1.0865287,1.2602987
2025-01-01 09:41:00,1.0863751,1.2601086
2025-01-01 09:42:00,1.0862236,1.2599218
2025-01-01 09:43:00,1.0860738,1.2597383
2025-01-01 09:44:00,1.0859257,1.259558
2025-01-01 09:45:00,1.0857797,1.259381
2025-01-01 09:46:00,1.0856353,1.2592075
2025-01-01 09:47:00,1.0854927,1.259037
2025-01-01 09:48:00,1.0853522,1.2588699
2025-01-01 09:49:00,1.0852133,1.2587061
2025-01-01 09:50:00,1.0850762,1.2585455
2025-01-01 09:51:00,1.084941,1.2583883
2025-01-01 09:52:00,1.0848076,1.2582343
2025-01-01 09:53:00,1.0846759,1.2580835
2025-01-01 09:54:00,1.0845461,1.257936
2025-01-01 09:55:00,1.084418,1.2577918
2025-01-01 09:56:00,1.0842918,1.2576507
2025-01-01 09:57:00,1.0841672,1.2575129
2025-01-01 09:58:00,1.0840445,1.2573783
2025-01-01 09:59:00,1.0839236,1.2572471
2025-01-01 10:00:00,1.0838042,1.2571188
2025-01-01 10:01:00,1.0836868,1.256994
2025-01-01 10:02:00,1.0835711,1.2568723
2025-01-01 10:03:00,1.0834569,1.2567537
2025-01-01 10:04:00,1.0833446,1.2566383
2025-01-01 10:05:00,1.083234,1.2565261
2025-01-01 10:06:00,1.083125,1.256417
2025-01-01 10:07:00,1.0830176,1.256311
2025-01-01 10:08:00,1.0829121,1.2562083
2025-01-01 10:09:00,1.0828081,1.2561086
2025-01-01 10:10:00,1.0827057,1.256012
2025-01-01 10:11:00,1.082605,1.2559185
2025-01-01 10:12:00,1.082506,1.2558281
2025-01-01 10:13:00,1.0824084,1.2557408
2025-01-01 10:14:00,1.0823125,1.2556565
2025-01-01 10:15:00,1.0822182,1.2555753
2025-01-01 10:16:00,1.0821253,1.2554969
2025-01-01 10:17:00,1.0820341,1.2554218
2025-01-01 10:18:00,1.0819445,1.2553495
2025-01-01 10:19:00,1.0818563,1.2552803
2025-01-01 10:20:00,1.0817695,1.2552139
2025-01-01 10:21:00,1.0816842,1.2551504
2025-01-01 10:22:00,1.0816004,1.25509
2025-01-01 10:23:00,1.081518,1.2550323
2025-01-01 10:24:00,1.0814371,1.2549777
2025-01-01 10:25:00,1.0813576,1.254926
2025-01-01 10:26:00,1.0812794,1.2548769
2025-01-01 10:27:00,1.0812027,1.2548307
2025-01-01 10:28:00,1.0811273,1.2547874
2025-01-01 10:29:00,1.0810531,1.2547468
2025-01-01 10:30:00,1.0809804,1.254709
2025-01-01 10:31:00,1.0809089,1.254674
2025-01-01 10:32:00,1.0808388,1.2546418
2025-01-01 10:33:00,1.0807697,1.254612
2025-01-01 10:34:00,1.080702,1.2545851
2025-01-01 10:35:00,1.0806355,1.2545608
2025-01-01 10:36:00,1.0805701,1.2545391
2025-01-01 10:37:00,1.080506,1.2545202
2025-01-01 10:38:00,1.0804429,1.2545037
2025-01-01 10:39:00,1.0803809,1.2544898
2025-01-01 10:40:00,1.0803201,1.2544785
2025-01-01 10:41:00,1.0802604,1.2544698
2025-01-01 10:42:00,1.0802016,1.2544633
2025-01-01 10:43:00,1.0801439,1.2544596
2025-01-01 10:44:00,1.0800873,1.2544582
2025-01-01 10:45:00,1.0800316,1.2544593
2025-01-01 10:46:00,1.0799768,1.2544626
2025-01-01 10:47:00,1.079923,1.2544684
2025-01-01 10:48:00,1.0798701,1.2544767
2025-01-01 10:49:00,1.079818,1.254487
2025-01-01 10:50:00,1.0797669,1.2544999
2025-01-01 10:51:00,1.0797166,1.2545149
2025-01-01 10:52:00,1.079667,1.2545321
2025-01-01 10:53:00,1.0796182,1.2545516
2025-01-01 10:54:00,1.0795703,1.2545733
2025-01-01 10:55:00,1.079523,1.2545972
2025-01-01 10:56:00,1.0794764,1.254623
2025-01-01 10:57:00,1.0794305,1.2546512
2025-01-01 10:58:00,1.0793853,1.2546813
2025-01-01 10:59:00,1.0793405,1.2547135
2025-01-01 11:00:00,1.0792965,1.2547477
2025-01-01 11:01:00,1.0792531,1.254784
2025-01-01 11:02:00,1.07921,1.254822
2025-01-01 11:03:00,1.0791676,1.2548622
2025-01-01 11:04:00,1.0791256,1.2549042
2025-01-01 11:05:00,1.0790842,1.2549479
2025-01-01 11:06:00,1.079043,1.2549937
2025-01-01 11:07:00,1.0790024,1.2550412
2025-01-01 11:08:00,1.0789621,1.2550905
2025-01-01 11:09:00,1.0789222,1.2551415
2025-01-01 11:10:00,1.0788825,1.2551943
2025-01-01 11:11:00,1.0788432,1.2552488
2025-01-01 11:12:00,1.078804,1.2553048
2025-01-01 11:13:00,1.0787652,1.2553626
2025-01-01 11:14:00,1.0787265,1.2554221
2025-01-01 11:15:00,1.0786879,1.2554829
2025-01-01 11:16:00,1.0786496,1.2555454
2025-01-01 11:17:00,1.0786114,1.2556094
2025-01-01 11:18:00,1.0785731,1.2556747
2025-01-01 11:19:00,1.0785351,1.2557417
2025-01-01 11:20:00,1.078497,1.25581
2025-01-01 11:21:00,1.0784589,1.2558798
2025-01-01 11:22:00,1.0784208,1.2559507
2025-01-01 11:23:00,1.0783826,1.2560232
2025-01-01 11:24:00,1.0783443,1.2560968
2025-01-01 11:25:00,1.0783058,1.2561717
2025-01-01 11:26:00,1.0782673,1.2562479
2025-01-01 11:27:00,1.0782287,1.2563252
2025-01-01 11:28:00,1.0781896,1.2564037
2025-01-01 11:29:00,1.0781505,1.2564833
2025-01-01 11:30:00,1.078111,1.256564
2025-01-01 11:31:00,1.0780712,1.2566458
2025-01-01 11:32:00,1.0780312,1.2567286
2025-01-01 11:33:00,1.0779908,1.2568125
2025-01-01 11:34:00,1.07795,1.2568973
2025-01-01 11:35:00,1.0779086,1.2569829
2025-01-01 11:36:00,1.077867,1.2570697
2025-01-01 11:37:00,1.0778248,1.2571572
2025-01-01 11:38:00,1.0777822,1.2572455
2025-01-01 11:39:00,1.077739,1.2573348
2025-01-01 11:40:00,1.0776953,1.2574247
2025-01-01 11:41:00,1.0776508,1.2575154
2025-01-01 11:42:00,1.0776058,1.257607
2025-01-01 11:43:00,1.0775603,1.257699
2025-01-01 11:44:00,1.0775139,1.2577918
2025-01-01 11:45:00,1.077467,1.2578852
2025-01-01 11:46:00,1.0774193,1.2579793
2025-01-01 11:47:00,1.0773709,1.2580739
2025-01-01 11:48:00,1.0773214,1.2581689
2025-01-01 11:49:00,1.0772713,1.2582645
2025-01-01 11:50:00,1.0772204,1.2583607
2025-01-01 11:51:00,1.0771686,1.2584572
2025-01-01 11:52:00,1.0771159,1.2585541
2025-01-01 11:53:00,1.0770622,1.2586515
2025-01-01 11:54:00,1.0770075,1.258749
2025-01-01 11:55:00,1.076952,1.258847
2025-01-01 11:56:00,1.0768955,1.2589453
2025-01-01 11:57:00,1.0768377,1.2590438
2025-01-01 11:58:00,1.076779,1.2591425
2025-01-01 11:59:00,1.0767193,1.2592416
2025-01-01 12:00:00,1.0766584,1.2593408
2025-01-01 12:01:00,1.0765963,1.25944
2025-01-01 12:02:00,1.0765331,1.2595394
2025-01-01 12:03:00,1.0764687,1.2596388
2025-01-01 12:04:00,1.0764029,1.2597383
2025-01-01 12:05:00,1.076336,1.2598379
2025-01-01 12:06:00,1.076268,1.2599374
2025-01-01 12:07:00,1.0761983,1.2600368
2025-01-01 12:08:00,1.0761276,1.2601364
2025-01-01 12:09:00,1.0760555,1.2602358
2025-01-01 12:10:00,1.0759821,1.260335
2025-01-01 12:11:00,1.0759071,1.260434
2025-01-01 12:12:00,1.0758308,1.2605331
2025-01-01 12:13:00,1.0757531,1.2606318
2025-01-01 12:14:00,1.0756738,1.2607303
2025-01-01 12:15:00,1.0755931,1.2608286
2025-01-01 12:16:00,1.075511,1.2609266
2025-01-01 12:17:00,1.075427,1.2610242
2025-01-01 12:18:00,1.0753418,1.2611216
2025-01-01 12:19:00,1.075255,1.2612187
2025-01-01 12:20:00,1.0751665,1.2613153
2025-01-01 12:21:00,1.0750763,1.2614115
2025-01-01 12:22:00,1.0749847,1.2615074
2025-01-01 12:23:00,1.0748912,1.2616028
2025-01-01 12:24:00,1.0747961,1.2616976
2025-01-01 12:25:00,1.0746994,1.2617921
2025-01-01 12:26:00,1.0746009,1.2618861
2025-01-01 12:27:00,1.0745006,1.2619793
2025-01-01 12:28:00,1.0743986,1.2620721
2025-01-01 12:29:00,1.0742948,1.2621644
2025-01-01 12:30:00,1.0741892,1.2622559
2025-01-01 12:31:00,1.0740818,1.2623469
2025-01-01 12:32:00,1.0739726,1.2624372
2025-01-01 12:33:00,1.0738615,1.2625268
2025-01-01 12:34:00,1.0737486,1.2626157
2025-01-01 12:35:00,1.0736338,1.2627039
2025-01-01 12:36:00,1.0735171,1.2627914
2025-01-01 12:37:00,1.0733984,1.2628781
2025-01-01 12:38:00,1.0732777,1.262964
2025-01-01 12:39:00,1.0731553,1.2630492
2025-01-01 12:40:00,1.0730307,1.2631334
2025-01-01 12:41:00,1.0729042,1.263217
2025-01-01 12:42:00,1.0727758,1.2632996
2025-01-01 12:43:00,1.0726453,1.2633814
2025-01-01 12:44:00,1.0725129,1.2634622
2025-01-01 12:45:00,1.0723784,1.2635423
2025-01-01 12:46:00,1.0722418,1.2636212
2025-01-01 12:47:00,1.0721033,1.2636994
2025-01-01 12:48:00,1.0719626,1.2637767
2025-01-01 12:49:00,1.0718199,1.2638528
2025-01-01 12:50:00,1.071675,1.263928
2025-01-01 12:51:00,1.0715281,1.2640023
2025-01-01 12:52:00,1.0713791,1.2640755
2025-01-01 12:53:00,1.0712278,1.2641476
2025-01-01 12:54:00,1.0710745,1.2642188
2025-01-01 12:55:00,1.0709192,1.264289
2025-01-01 12:56:00,1.0707614,1.2643579
2025-01-01 12:57:00,1.0706017,1.264426
2025-01-01 12:58:00,1.0704399,1.2644929
2025-01-01 12:59:00,1.0702759,1.2645587
2025-01-01 13:00:00,1.0701096,1.2646232
2025-01-01 13:01:00,1.0699412,1.2646868
2025-01-01 13:02:00,1.0697706,1.2647493
2025-01-01 13:03:00,1.0695977,1.2648104
2025-01-01 13:04:00,1.0694227,1.2648705
2025-01-01 13:05:00,1.0692456,1.2649295
2025-01-01 13:06:00,1.069066,1.2649872
2025-01-01 13:07:00,1.0688845,1.2650439
2025-01-01 13:08:00,1.0687007,1.2650993
2025-01-01 13:09:00,1.0685146,1.2651534
2025-01-01 13:10:00,1.0683264,1.2652066
2025-01-01 13:11:00,1.0681359,1.2652584
2025-01-01 13:12:00,1.0679431,1.2653089
2025-01-01 13:13:00,1.0677482,1.2653583
2025-01-01 13:14:00,1.067551,1.2654065
2025-01-01 13:15:00,1.0673517,1.2654535
2025-01-01 13:16:00,1.06715,1.2654991
2025-01-01 13:17:00,1.0669463,1.2655436
2025-01-01 13:18:00,1.0667403,1.2655869
2025-01-01 13:19:00,1.0665319,1.2656288
2025-01-01 13:20:00,1.0663215,1.2656696
2025-01-01 13:21:00,1.0661088,1.265709
2025-01-01 13:22:00,1.0658938,1.2657472
2025-01-01 13:23:00,1.0656767,1.2657843
2025-01-01 13:24:00,1.0654575,1.26582
2025-01-01 13:25:00,1.065236,1.2658546
2025-01-01 13:26:00,1.0650121,1.2658877
2025-01-01 13:27:00,1.0647863,1.2659197
2025-01-01 13:28:00,1.0645583,1.2659506
2025-01-01 13:29:00,1.0643278,1.2659799
2025-01-01 13:30:00,1.0640955,1.2660083
2025-01-01 13:31:00,1.0638609,1.2660352
2025-01-01 13:32:00,1.0636241,1.266061
2025-01-01 13:33:00,1.0633852,1.2660855
2025-01-01 13:34:00,1.0631443,1.2661088
2025-01-01 13:35:00,1.062901,1.2661308
2025-01-01 13:36:00,1.0626558,1.2661517
2025-01-01 13:37:00,1.0624084,1.2661713
2025-01-01 13:38:00,1.062159,1.2661896
2025-01-01 13:39:00,1.0619074,1.2662069
2025-01-01 13:40:00,1.0616537,1.2662228
2025-01-01 13:41:00,1.061398,1.2662377
2025-01-01 13:42:00,1.0611403,1.2662512
2025-01-01 13:43:00,1.0608805,1.2662636
2025-01-01 13:44:00,1.0606186,1.2662749
2025-01-01 13:45:00,1.0603548,1.266285
2025-01-01 13:46:00,1.060089,1.2662939
2025-01-01 13:47:00,1.0598212,1.2663016
2025-01-01 13:48:00,1.0595514,1.2663083
2025-01-01 13:49:00,1.0592797,1.2663138
2025-01-01 13:50:00,1.059006,1.2663182
2025-01-01 13:51:00,1.0587305,1.2663215
2025-01-01 13:52:00,1.0584528,1.2663237
2025-01-01 13:53:00,1.0581735,1.2663249
2025-01-01 13:54:00,1.0578923,1.2663249
2025-01-01 13:55:00,1.0576092,1.2663238
2025-01-01 13:56:00,1.0573243,1.2663218
2025-01-01 13:57:00,1.0570376,1.2663188
2025-01-01 13:58:00,1.056749,1.2663146
2025-01-01 13:59:00,1.0564587,1.2663095
2025-01-01 14:00:00,1.0561666,1.2663034
2025-01-01 14:01:00,1.0558728,1.2662963
2025-01-01 14:02:00,1.0555773,1.2662883
2025-01-01 14:03:00,1.0552802,1.2662795
2025-01-01 14:04:00,1.0549814,1.2662696
2025-01-01 14:05:00,1.0546807,1.2662587
2025-01-01 14:06:00,1.0543786,1.266247
2025-01-01 14:07:00,1.054075,1.2662345
2025-01-01 14:08:00,1.0537696,1.266221
2025-01-01 14:09:00,1.0534627,1.2662069
2025-01-01 14:10:00,1.0531543,1.2661918
2025-01-01 14:11:00,1.0528444,1.266176
2025-01-01 14:12:00,1.052533,1.2661593
2025-01-01 14:13:00,1.0522202,1.266142
2025-01-01 14:14:00,1.051906,1.2661239
2025-01-01 14:15:00,1.0515903,1.2661049
2025-01-01 14:16:00,1.0512733,1.2660854
2025-01-01 14:17:00,1.0509549,1.2660652
2025-01-01 14:18:00,1.0506352,1.2660443
2025-01-01 14:19:00,1.0503142,1.2660228
2025-01-01 14:20:00,1.049992,1.2660007
2025-01-01 14:21:00,1.0496684,1.265978
2025-01-01 14:22:00,1.0493437,1.2659547
2025-01-01 14:23:00,1.0490179,1.2659309
2025-01-01 14:24:00,1.0486908,1.2659066
2025-01-01 14:25:00,1.0483627,1.2658818
2025-01-01 14:26:00,1.0480335,1.2658565
2025-01-01 14:27:00,1.047703,1.2658306
2025-01-01 14:28:00,1.0473717,1.2658045
2025-01-01 14:29:00,1.0470395,1.265778
2025-01-01 14:30:00,1.0467062,1.2657511
2025-01-01 14:31:00,1.0463719,1.2657237
2025-01-01 14:32:00,1.0460368,1.2656962
2025-01-01 14:33:00,1.0457008,1.2656684
2025-01-01 14:34:00,1.0453639,1.2656401
2025-01-01 14:35:00,1.0450263,1.2656118
2025-01-01 14:36:00,1.0446879,1.2655832
2025-01-01 14:37:00,1.0443486,1.2655543
2025-01-01 14:38:00,1.0440089,1.2655255
2025-01-01 14:39:00,1.0436683,1.2654964
2025-01-01 14:40:00,1.0433271,1.2654673
2025-01-01 14:41:00,1.0429853,1.265438
2025-01-01 14:42:00,1.042643,1.2654086
2025-01-01 14:43:00,1.0423001,1.2653794
2025-01-01 14:44:00,1.0419567,1.2653501
2025-01-01 14:45:00,1.0416129,1.2653209
2025-01-01 14:46:00,1.0412686,1.2652917
2025-01-01 14:47:00,1.0409238,1.2652626
2025-01-01 14:48:00,1.0405788,1.2652338
2025-01-01 14:49:00,1.0402336,1.265205
2025-01-01 14:50:00,1.0398879,1.2651763
2025-01-01 14:51:00,1.039542,1.265148
2025-01-01 14:52:00,1.039196,1.26512
2025-01-01 14:53:00,1.0388496,1.2650921
2025-01-01 14:54:00,1.0385033,1.2650647
2025-01-01 14:55:00,1.0381569,1.2650375
2025-01-01 14:56:00,1.0378103,1.2650108
2025-01-01 14:57:00,1.0374637,1.2649845
2025-01-01 14:58:00,1.0371171,1.2649586
2025-01-01 14:59:00,1.0367707,1.2649332
2025-01-01 15:00:00,1.0364242,1.2649083
2025-01-01 15:01:00,1.036078,1.2648839
2025-01-01 15:02:00,1.0357319,1.2648602
2025-01-01 15:03:00,1.0353858,1.2648369
2025-01-01 15:04:00,1.0350403,1.2648144
2025-01-01 15:05:00,1.0346949,1.2647926
2025-01-01 15:06:00,1.0343499,1.2647715
2025-01-01 15:07:00,1.0340052,1.264751
2025-01-01 15:08:00,1.033661,1.2647314
2025-01-01 15:09:00,1.0333172,1.2647126
2025-01-01 15:10:00,1.0329738,1.2646945
2025-01-01 15:11:00,1.0326309,1.2646774
2025-01-01 15:12:00,1.0322888,1.2646612
2025-01-01 15:13:00,1.031947,1.2646458
2025-01-01 15:14:00,1.031606,1.2646315
2025-01-01 15:15:00,1.0312657,1.2646182
2025-01-01 15:16:00,1.030926,1.2646059
2025-01-01 15:17:00,1.0305872,1.2645947
2025-01-01 15:18:00,1.0302492,1.2645847
2025-01-01 15:19:00,1.029912,1.2645757
2025-01-01 15:20:00,1.0295756,1.2645679
2025-01-01 15:21:00,1.0292403,1.2645613
2025-01-01 15:22:00,1.0289059,1.264556
2025-01-01 15:23:00,1.0285723,1.2645519
2025-01-01 15:24:00,1.02824,1.2645491
2025-01-01 15:25:00,1.0279087,1.2645478
2025-01-01 15:26:00,1.0275784,1.2645477
2025-01-01 15:27:00,1.0272495,1.2645491
2025-01-01 15:28:00,1.0269216,1.264552
2025-01-01 15:29:00,1.0265951,1.2645564
2025-01-01 15:30:00,1.0262697,1.2645621
2025-01-01 15:31:00,1.0259458,1.2645695
2025-01-01 15:32:00,1.0256232,1.2645785
2025-01-01 15:33:00,1.0253019,1.264589
2025-01-01 15:34:00,1.0249822,1.2646012
2025-01-01 15:35:00,1.0246639,1.2646152
2025-01-01 15:36:00,1.0243471,1.2646308
2025-01-01 15:37:00,1.0240319,1.2646481
2025-01-01 15:38:00,1.0237184,1.2646673
2025-01-01 15:39:00,1.0234064,1.2646883
2025-01-01 15:40:00,1.0230961,1.264711
2025-01-01 15:41:00,1.0227876,1.2647358
2025-01-01 15:42:00,1.0224807,1.2647623
2025-01-01 15:43:00,1.0221758,1.2647909
2025-01-01 15:44:00,1.0218726,1.2648215
2025-01-01 15:45:00,1.0215715,1.2648541
2025-01-01 15:46:00,1.0212721,1.2648885
2025-01-01 15:47:00,1.0209746,1.2649252
2025-01-01 15:48:00,1.0206792,1.2649641
2025-01-01 15:49:00,1.0203859,1.2650049
2025-01-01 15:50:00,1.0200946,1.265048
2025-01-01 15:51:00,1.0198054,1.2650933
2025-01-01 15:52:00,1.0195183,1.2651408
2025-01-01 15:53:00,1.0192335,1.2651906
2025-01-01 15:54:00,1.0189508,1.2652428
2025-01-01 15:55:00,1.0186706,1.2652973
2025-01-01 15:56:00,1.0183923,1.265354
2025-01-01 15:57:00,1.0181166,1.2654132
2025-01-01 15:58:00,1.0178432,1.2654748
2025-01-01 15:59:00,1.0175722,1.2655388
2025-01-01 16:00:00,1.0173037,1.2656053
2025-01-01 16:01:00,1.0170377,1.2656745
2025-01-01 16:02:00,1.016774,1.265746
2025-01-01 16:03:00,1.0165131,1.2658201
2025-01-01 16:04:00,1.0162548,1.2658969
2025-01-01 16:05:00,1.0159988,1.2659762
2025-01-01 16:06:00,1.0157458,1.2660583
2025-01-01 16:07:00,1.0154954,1.2661431
2025-01-01 16:08:00,1.0152476,1.2662305
2025-01-01 16:09:00,1.0150027,1.2663206
2025-01-01 16:10:00,1.0147605,1.2664136
2025-01-01 16:11:00,1.0145212,1.2665094
2025-01-01 16:12:00,1.0142847,1.2666079
2025-01-01 16:13:00,1.0140512,1.2667093
2025-01-01 16:14:00,1.0138205,1.2668136
2025-01-01 16:15:00,1.0135927,1.2669207
2025-01-01 16:16:00,1.0133681,1.267031
2025-01-01 16:17:00,1.0131464,1.267144
2025-01-01 16:18:00,1.0129278,1.26726
2025-01-01 16:19:00,1.0127122,1.267379
2025-01-01 16:20:00,1.0124998,1.2675011
2025-01-01 16:21:00,1.0122906,1.2676263
2025-01-01 16:22:00,1.0120845,1.2677544
2025-01-01 16:23:00,1.0118816,1.2678858
2025-01-01 16:24:00,1.0116819,1.2680203
2025-01-01 16:25:00,1.0114855,1.2681577
2025-01-01 16:26:00,1.0112925,1.2682985
2025-01-01 16:27:00,1.0111027,1.2684425
2025-01-01 16:28:00,1.0109162,1.2685895
2025-01-01 16:29:00,1.0107332,1.2687399
2025-01-01 16:30:00,1.0105536,1.2688936
2025-01-01 16:31:00,1.0103773,1.2690505
2025-01-01 16:32:00,1.0102047,1.2692107
2025-01-01 16:33:00,1.0100355,1.2693743
2025-01-01 16:34:00,1.0098697,1.2695411
2025-01-01 16:35:00,1.0097075,1.2697113
2025-01-01 16:36:00,1.0095489,1.269885
2025-01-01 16:37:00,1.0093939,1.2700619
2025-01-01 16:38:00,1.0092424,1.2702422
2025-01-01 16:39:00,1.0090946,1.270426
2025-01-01 16:40:00,1.0089506,1.2706133
2025-01-01 16:41:00,1.00881,1.270804
2025-01-01 16:42:00,1.0086733,1.2709982
2025-01-01 16:43:00,1.0085404,1.271196
2025-01-01 16:44:00,1.0084112,1.2713972
2025-01-01 16:45:00,1.0082856,1.2716019
2025-01-01 16:46:00,1.0081639,1.2718102
2025-01-01 16:47:00,1.0080462,1.272022
2025-01-01 16:48:00,1.0079321,1.2722373
2025-01-01 16:49:00,1.0078219,1.2724564
2025-01-01 16:50:00,1.0077156,1.272679
2025-01-01 16:51:00,1.0076132,1.2729051
2025-01-01 16:52:00,1.0075147,1.273135
2025-01-01 16:53:00,1.0074202,1.2733684
2025-01-01 16:54:00,1.0073295,1.2736053
2025-01-01 16:55:00,1.0072428,1.2738461
2025-01-01 16:56:00,1.0071602,1.2740905
2025-01-01 16:57:00,1.0070815,1.2743386
2025-01-01 16:58:00,1.0070069,1.2745904
2025-01-01 16:59:00,1.0069363,1.2748458
2025-01-01 17:00:00,1.0068697,1.275105
2025-01-01 17:01:00,1.0068071,1.2753677
2025-01-01 17:02:00,1.0067487,1.2756344
2025-01-01 17:03:00,1.0066943,1.2759048
2025-01-01 17:04:00,1.006644,1.2761787
2025-01-01 17:05:00,1.0065979,1.2764565
2025-01-01 17:06:00,1.0065558,1.276738
2025-01-01 17:07:00,1.0065179,1.2770232
2025-01-01 17:08:00,1.0064842,1.2773123
2025-01-01 17:09:00,1.0064546,1.277605
2025-01-01 17:10:00,1.0064292,1.2779016
2025-01-01 17:11:00,1.0064079,1.2782018
2025-01-01 17:12:00,1.0063908,1.2785059
2025-01-01 17:13:00,1.0063779,1.2788138
2025-01-01 17:14:00,1.0063691,1.2791253
2025-01-01 17:15:00,1.0063647,1.2794408
2025-01-01 17:16:00,1.0063645,1.2797599
2025-01-01 17:17:00,1.0063684,1.2800828
2025-01-01 17:18:00,1.0063766,1.2804096
2025-01-01 17:19:00,1.006389,1.28074
2025-01-01 17:20:00,1.0064056,1.2810742
2025-01-01 17:21:00,1.0064266,1.2814122
2025-01-01 17:22:00,1.0064517,1.2817541
2025-01-01 17:23:00,1.006481,1.2820996
2025-01-01 17:24:00,1.0065147,1.282449
2025-01-01 17:25:00,1.0065527,1.2828021
2025-01-01 17:26:00,1.0065949,1.2831589
2025-01-01 17:27:00,1.0066411,1.2835195
2025-01-01 17:28:00,1.0066919,1.2838838
2025-01-01 17:29:00,1.0067469,1.2842519
2025-01-01 17:30:00,1.006806,1.2846237
2025-01-01 17:31:00,1.0068696,1.2849994
2025-01-01 17:32:00,1.0069373,1.2853786
2025-01-01 17:33:00,1.0070093,1.2857616
2025-01-01 17:34:00,1.0070854,1.2861483
2025-01-01 17:35:00,1.007166,1.2865387
2025-01-01 17:36:00,1.0072508,1.2869328
2025-01-01 17:37:00,1.0073397,1.2873305
2025-01-01 17:38:00,1.007433,1.287732
2025-01-01 17:39:00,1.0075306,1.2881372
2025-01-01 17:40:00,1.0076321,1.2885458
2025-01-01 17:41:00,1.0077381,1.2889583
2025-01-01 17:42:00,1.0078484,1.2893744
2025-01-01 17:43:00,1.0079627,1.2897938
2025-01-01 17:44:00,1.0080813,1.2902172
2025-01-01 17:45:00,1.0082041,1.290644
2025-01-01 17:46:00,1.0083311,1.2910744
2025-01-01 17:47:00,1.0084623,1.2915084
2025-01-01 17:48:00,1.0085977,1.2919459
2025-01-01 17:49:00,1.0087373,1.292387
2025-01-01 17:50:00,1.0088809,1.2928315
2025-01-01 17:51:00,1.0090288,1.2932796
2025-01-01 17:52:00,1.0091808,1.2937312
2025-01-01 17:53:00,1.0093368,1.2941861
2025-01-01 17:54:00,1.009497,1.2946446
2025-01-01 17:55:00,1.0096614,1.2951065
2025-01-01 17:56:00,1.0098298,1.2955718
2025-01-01 17:57:00,1.0100023,1.2960405
2025-01-01 17:58:00,1.0101788,1.2965127
2025-01-01 17:59:00,1.0103595,1.2969881
2025-01-01 18:00:00,1.0105441,1.2974669
2025-01-01 18:01:00,1.0107328,1.297949
2025-01-01 18:02:00,1.0109254,1.2984344
2025-01-01 18:03:00,1.011122,1.2989229
2025-01-01 18:04:00,1.0113226,1.2994149
2025-01-01 18:05:00,1.0115273,1.2999101
2025-01-01 18:06:00,1.0117357,1.3004082
2025-01-01 18:07:00,1.0119482,1.3009099
2025-01-01 18:08:00,1.0121646,1.3014146
2025-01-01 18:09:00,1.0123847,1.3019223
2025-01-01 18:10:00,1.0126088,1.3024333
2025-01-01 18:11:00,1.0128367,1.3029473
2025-01-01 18:12:00,1.0130684,1.3034643
2025-01-01 18:13:00,1.013304,1.3039844
2025-01-01 18:14:00,1.0135434,1.3045076
2025-01-01 18:15:00,1.0137866,1.3050337
2025-01-01 18:16:00,1.0140333,1.3055626
2025-01-01 18:17:00,1.0142839,1.3060946
2025-01-01 18:18:00,1.0145382,1.3066295
2025-01-01 18:19:00,1.014796,1.3071672
2025-01-01 18:20:00,1.0150577,1.3077078
2025-01-01 18:21:00,1.0153229,1.3082511
2025-01-01 18:22:00,1.0155916,1.3087974
2025-01-01 18:23:00,1.0158641,1.3093463
2025-01-01 18:24:00,1.0161401,1.3098979
2025-01-01 18:25:00,1.0164196,1.3104523
2025-01-01 18:26:00,1.0167025,1.3110093
2025-01-01 18:27:00,1.016989,1.311569
2025-01-01 18:28:00,1.0172789,1.3121313
2025-01-01 18:29:00,1.0175722,1.312696
2025-01-01 18:30:00,1.017869,1.3132634
2025-01-01 18:31:00,1.0181692,1.3138332
2025-01-01 18:32:00,1.0184724,1.3144056
2025-01-01 18:33:00,1.0187793,1.3149803
2025-01-01 18:34:00,1.0190893,1.3155575
2025-01-01 18:35:00,1.0194026,1.316137
2025-01-01 18:36:00,1.0197192,1.3167189
2025-01-01 18:37:00,1.020039,1.3173031
2025-01-01 18:38:00,1.0203619,1.3178896
2025-01-01 18:39:00,1.0206879,1.3184781
2025-01-01 18:40:00,1.0210171,1.3190691
2025-01-01 18:41:00,1.0213494,1.3196622
2025-01-01 18:42:00,1.0216846,1.3202572
2025-01-01 18:43:00,1.022023,1.3208545
2025-01-01 18:44:00,1.0223643,1.3214539
2025-01-01 18:45:00,1.0227084,1.3220551
2025-01-01 18:46:00,1.0230557,1.3226585
2025-01-01 18:47:00,1.0234058,1.3232639
2025-01-01 18:48:00,1.0237588,1.323871
2025-01-01 18:49:00,1.0241144,1.3244799
2025-01-01 18:50:00,1.024473,1.3250909
2025-01-01 18:51:00,1.0248344,1.3257036
2025-01-01 18:52:00,1.0251982,1.3263179
2025-01-01 18:53:00,1.025565,1.326934
2025-01-01 18:54:00,1.0259345,1.3275518
2025-01-01 18:55:00,1.0263064,1.3281713
2025-01-01 18:56:00,1.026681,1.3287923
2025-01-01 18:57:00,1.0270581,1.329415
2025-01-01 18:58:00,1.0274378,1.330039
2025-01-01 18:59:00,1.02782,1.3306646
2025-01-01 19:00:00,1.0282046,1.3312917
2025-01-01 19:01:00,1.0285915,1.33192
2025-01-01 19:02:00,1.028981,1.3325499
2025-01-01 19:03:00,1.0293727,1.333181
2025-01-01 19:04:00,1.0297668,1.3338134
2025-01-01 19:05:00,1.0301629,1.334447
2025-01-01 19:06:00,1.0305616,1.3350818
2025-01-01 19:07:00,1.0309623,1.3357179
2025-01-01 19:08:00,1.0313652,1.336355
2025-01-01 19:09:00,1.0317702,1.3369931
2025-01-01 19:10:00,1.0321773,1.3376323
2025-01-01 19:11:00,1.0325863,1.3382725
2025-01-01 19:12:00,1.0329976,1.3389137
2025-01-01 19:13:00,1.0334108,1.3395557
2025-01-01 19:14:00,1.0338259,1.3401986
2025-01-01 19:15:00,1.0342427,1.3408424
2025-01-01 19:16:00,1.0346617,1.3414868
2025-01-01 19:17:00,1.0350822,1.3421321
2025-01-01 19:18:00,1.0355047,1.342778
2025-01-01 19:19:00,1.0359288,1.3434247
2025-01-01 19:20:00,1.0363548,1.3440719
2025-01-01 19:21:00,1.0367823,1.3447195
2025-01-01 19:22:00,1.0372115,1.3453679
2025-01-01 19:23:00,1.0376424,1.3460168
2025-01-01 19:24:00,1.0380746,1.3466659
2025-01-01 19:25:00,1.0385085,1.3473155
2025-01-01 19:26:00,1.0389439,1.3479656
2025-01-01 19:27:00,1.0393806,1.3486159
2025-01-01 19:28:00,1.0398189,1.3492664
2025-01-01 19:29:00,1.0402584,1.3499173
2025-01-01 19:30:00,1.0406994,1.3505683
2025-01-01 19:31:00,1.0411414,1.3512193
2025-01-01 19:32:00,1.0415848,1.3518707
2025-01-01 19:33:00,1.0420295,1.352522
2025-01-01 19:34:00,1.0424752,1.3531731
2025-01-01 19:35:00,1.0429223,1.3538245
2025-01-01 19:36:00,1.0433702,1.3544757
2025-01-01 19:37:00,1.0438193,1.3551267
2025-01-01 19:38:00,1.0442693,1.3557777
2025-01-01 19:39:00,1.0447204,1.3564285
2025-01-01 19:40:00,1.0451725,1.357079
2025-01-01 19:41:00,1.0456253,1.3577293
2025-01-01 19:42:00,1.0460792,1.3583792
2025-01-01 19:43:00,1.0465338,1.3590288
2025-01-01 19:44:00,1.0469891,1.3596779
2025-01-01 19:45:00,1.0474453,1.3603266
2025-01-01 19:46:00,1.0479021,1.3609748
2025-01-01 19:47:00,1.0483596,1.3616223
2025-01-01 19:48:00,1.0488178,1.3622695
2025-01-01 19:49:00,1.0492766,1.3629161
2025-01-01 19:50:00,1.0497358,1.3635619
2025-01-01 19:51:00,1.0501957,1.364207
2025-01-01 19:52:00,1.0506561,1.3648515
2025-01-01 19:53:00,1.0511168,1.3654951
2025-01-01 19:54:00,1.0515779,1.3661377
2025-01-01 19:55:00,1.0520395,1.3667798
2025-01-01 19:56:00,1.0525014,1.3674208
2025-01-01 19:57:00,1.0529635,1.3680608
2025-01-01 19:58:00,1.053426,1.3687
2025-01-01 19:59:00,1.0538888,1.3693382
2025-01-01 20:00:00,1.0543516,1.3699751
2025-01-01 20:01:00,1.0548146,1.3706111
2025-01-01 20:02:00,1.0552778,1.371246
2025-01-01 20:03:00,1.0557411,1.3718797
2025-01-01 20:04:00,1.0562042,1.372512
2025-01-01 20:05:00,1.0566676,1.3731432
2025-01-01 20:06:00,1.0571308,1.3737731
2025-01-01 20:07:00,1.057594,1.3744016
2025-01-01 20:08:00,1.0580571,1.3750287
2025-01-01 20:09:00,1.0585202,1.3756546
2025-01-01 20:10:00,1.0589828,1.3762789
2025-01-01 20:11:00,1.0594455,1.3769016
2025-01-01 20:12:00,1.0599079,1.3775231
2025-01-01 20:13:00,1.06037,1.3781427
2025-01-01 20:14:00,1.0608319,1.3787609
2025-01-01 20:15:00,1.0612935,1.3793776
2025-01-01 20:16:00,1.0617545,1.3799924
2025-01-01 20:17:00,1.0622153,1.3806056
2025-01-01 20:18:00,1.0626756,1.3812171
2025-01-01 20:19:00,1.0631355,1.3818269
2025-01-01 20:20:00,1.0635948,1.3824347
2025-01-01 20:21:00,1.0640538,1.3830408
2025-01-01 20:22:00,1.064512,1.3836449
2025-01-01 20:23:00,1.0649697,1.3842472
2025-01-01 20:24:00,1.0654268,1.3848475
2025-01-01 20:25:00,1.0658833,1.385446
2025-01-01 20:26:00,1.066339,1.3860422
2025-01-01 20:27:00,1.0667942,1.3866366
2025-01-01 20:28:00,1.0672485,1.387229
2025-01-01 20:29:00,1.067702,1.387819
2025-01-01 20:30:00,1.0681547,1.388407
2025-01-01 20:31:00,1.0686067,1.388993
2025-01-01 20:32:00,1.069058,1.3895767
2025-01-01 20:33:00,1.069508,1.390158
2025-01-01 20:34:00,1.0699574,1.3907373
2025-01-01 20:35:00,1.0704058,1.3913141
2025-01-01 20:36:00,1.0708531,1.3918887
2025-01-01 20:37:00,1.0712996,1.392461
2025-01-01 20:38:00,1.071745,1.3930309
2025-01-01 20:39:00,1.0721893,1.3935983
2025-01-01 20:40:00,1.0726327,1.3941634
2025-01-01 20:41:00,1.0730749,1.394726
2025-01-01 20:42:00,1.073516,1.3952861
2025-01-01 20:43:00,1.073956,1.3958437
2025-01-01 20:44:00,1.074395,1.3963988
2025-01-01 20:45:00,1.0748326,1.3969514
2025-01-01 20:46:00,1.075269,1.3975012
2025-01-01 20:47:00,1.0757042,1.3980485
2025-01-01 20:48:00,1.0761381,1.3985933
2025-01-01 20:49:00,1.0765707,1.3991352
2025-01-01 20:50:00,1.0770022,1.3996747
2025-01-01 20:51:00,1.0774323,1.4002113
2025-01-01 20:52:00,1.0778608,1.4007452
2025-01-01 20:53:00,1.0782882,1.4012764
2025-01-01 20:54:00,1.0787143,1.4018047
2025-01-01 20:55:00,1.0791389,1.4023303
2025-01-01 20:56:00,1.079562,1.402853
2025-01-01 20:57:00,1.0799837,1.403373
2025-01-01 20:58:00,1.0804039,1.4038901
2025-01-01 20:59:00,1.0808226,1.4044042
2025-01-01 21:00:00,1.0812399,1.4049156
2025-01-01 21:01:00,1.0816557,1.405424
2025-01-01 21:02:00,1.08207,1.4059293
2025-01-01 21:03:00,1.0824827,1.4064319
2025-01-01 21:04:00,1.0828938,1.4069314
2025-01-01 21:05:00,1.0833033,1.4074279
2025-01-01 21:06:00,1.0837114,1.4079214
2025-01-01 21:07:00,1.0841179,1.408412
2025-01-01 21:08:00,1.0845226,1.4088995
2025-01-01 21:09:00,1.0849257,1.4093839
2025-01-01 21:10:00,1.0853273,1.4098653
2025-01-01 21:11:00,1.0857271,1.4103436
2025-01-01 21:12:00,1.0861251,1.4108187
2025-01-01 21:13:00,1.0865216,1.4112908
2025-01-01 21:14:00,1.0869166,1.4117599
2025-01-01 21:15:00,1.0873095,1.4122255
2025-01-01 21:16:00,1.0877008,1.4126883
2025-01-01 21:17:00,1.0880905,1.4131478
2025-01-01 21:18:00,1.0884786,1.4136043
2025-01-01 21:19:00,1.0888646,1.4140573
2025-01-01 21:20:00,1.089249,1.4145073
2025-01-01 21:21:00,1.0896318,1.4149542
2025-01-01 21:22:00,1.0900126,1.4153976
2025-01-01 21:23:00,1.0903916,1.415838
2025-01-01 21:24:00,1.090769,1.4162751
2025-01-01 21:25:00,1.0911444,1.4167091
2025-01-01 21:26:00,1.0915183,1.4171398
2025-01-01 21:27:00,1.0918902,1.4175671
2025-01-01 21:28:00,1.0922602,1.4179913
2025-01-01 21:29:00,1.0926286,1.4184122
2025-01-01 21:30:00,1.092995,1.4188299
2025-01-01 21:31:00,1.0933597,1.4192442
2025-01-01 21:32:00,1.0937226,1.4196553
2025-01-01 21:33:00,1.0940837,1.4200631
2025-01-01 21:34:00,1.0944428,1.4204677
2025-01-01 21:35:00,1.0948001,1.420869
2025-01-01 21:36:00,1.0951557,1.421267
2025-01-01 21:37:00,1.0955094,1.4216617
2025-01-01 21:38:00,1.0958612,1.422053
2025-01-01 21:39:00,1.0962113,1.4224411
2025-01-01 21:40:00,1.0965595,1.422826
2025-01-01 21:41:00,1.0969057,1.4232075
2025-01-01 21:42:00,1.0972503,1.4235858
2025-01-01 21:43:00,1.0975931,1.4239608
2025-01-01 21:44:00,1.0979339,1.4243325
2025-01-01 21:45:00,1.0982729,1.4247007
2025-01-01 21:46:00,1.0986102,1.4250659
2025-01-01 21:47:00,1.0989455,1.4254278
2025-01-01 21:48:00,1.099279,1.4257863
2025-01-01 21:49:00,1.0996108,1.4261415
2025-01-01 21:50:00,1.0999408,1.4264935
2025-01-01 21:51:00,1.1002688,1.4268422
2025-01-01 21:52:00,1.1005952,1.4271877
2025-01-01 21:53:00,1.1009198,1.42753
2025-01-01 21:54:00,1.1012425,1.4278688
2025-01-01 21:55:00,1.1015636,1.4282047
2025-01-01 21:56:00,1.1018828,1.4285371
2025-01-01 21:57:00,1.1022003,1.4288664
2025-01-01 21:58:00,1.1025159,1.4291924
2025-01-01 21:59:00,1.1028299,1.4295154
2025-01-01 22:00:00,1.1031421,1.429835
2025-01-01 22:01:00,1.1034526,1.4301513
2025-01-01 22:02:00,1.1037614,1.4304647
2025-01-01 22:03:00,1.1040685,1.4307748
2025-01-01 22:04:00,1.1043738,1.4310817
2025-01-01 22:05:00,1.1046776,1.4313855
2025-01-01 22:06:00,1.1049795,1.4316862
2025-01-01 22:07:00,1.1052799,1.4319837
2025-01-01 22:08:00,1.1055785,1.432278
2025-01-01 22:09:00,1.1058756,1.4325694
2025-01-01 22:10:00,1.1061711,1.4328576
2025-01-01 22:11:00,1.1064649,1.4331427
2025-01-01 22:12:00,1.106757,1.4334247
2025-01-01 22:13:00,1.1070478,1.4337038
2025-01-01 22:14:00,1.1073368,1.4339796
2025-01-01 22:15:00,1.1076243,1.4342527
2025-01-01 22:16:00,1.1079103,1.4345226
2025-01-01 22:17:00,1.1081946,1.4347895
2025-01-01 22:18:00,1.1084776,1.4350536
2025-01-01 22:19:00,1.108759,1.4353147
2025-01-01 22:20:00,1.109039,1.4355727
2025-01-01 22:21:00,1.1093175,1.435828
2025-01-01 22:22:00,1.1095946,1.4360803
2025-01-01 22:23:00,1.1098702,1.4363296
2025-01-01 22:24:00,1.1101445,1.4365761
2025-01-01 22:25:00,1.1104174,1.4368199
2025-01-01 22:26:00,1.1106888,1.4370608
2025-01-01 22:27:00,1.1109589,1.4372988
2025-01-01 22:28:00,1.1112278,1.4375341
2025-01-01 22:29:00,1.1114953,1.4377667
2025-01-01 22:30:00,1.1117615,1.4379964
2025-01-01 22:31:00,1.1120263,1.4382234
2025-01-01 22:32:00,1.11229,1.4384478
2025-01-01 22:33:00,1.1125526,1.4386694
2025-01-01 22:34:00,1.1128137,1.4388884
2025-01-01 22:35:00,1.1130738,1.4391048
2025-01-01 22:36:00,1.1133329,1.4393185
2025-01-01 22:37:00,1.1135905,1.4395297
2025-01-01 22:38:00,1.1138471,1.4397383
2025-01-01 22:39:00,1.1141027,1.4399443
2025-01-01 22:40:00,1.1143571,1.4401478
2025-01-01 22:41:00,1.1146106,1.4403489
2025-01-01 22:42:00,1.114863,1.4405475
2025-01-01 22:43:00,1.1151143,1.4407434
2025-01-01 22:44:00,1.1153648,1.4409372
2025-01-01 22:45:00,1.1156143,1.4411285
2025-01-01 22:46:00,1.1158627,1.4413173
2025-01-01 22:47:00,1.1161104,1.4415039
2025-01-01 22:48:00,1.1163572,1.4416882
2025-01-01 22:49:00,1.1166031,1.4418701
2025-01-01 22:50:00,1.1168481,1.4420497
2025-01-01 22:51:00,1.1170924,1.4422272
2025-01-01 22:52:00,1.1173359,1.4424025
2025-01-01 22:53:00,1.1175785,1.4425755
2025-01-01 22:54:00,1.1178206,1.4427464
2025-01-01 22:55:00,1.1180619,1.4429151
2025-01-01 22:56:00,1.1183025,1.4430817
2025-01-01 22:57:00,1.1185426,1.4432464
2025-01-01 22:58:00,1.1187819,1.4434088
2025-01-01 22:59:00,1.1190207,1.4435694
2025-01-01 23:00:00,1.1192588,1.4437279
2025-01-01 23:01:00,1.1194965,1.4438845
2025-01-01 23:02:00,1.1197337,1.4440391
2025-01-01 23:03:00,1.1199703,1.4441918
2025-01-01 23:04:00,1.1202066,1.4443427
2025-01-01 23:05:00,1.1204424,1.4444917
2025-01-01 23:06:00,1.1206777,1.4446388
2025-01-01 23:07:00,1.1209127,1.4447843
2025-01-01 23:08:00,1.1211474,1.444928
2025-01-01 23:09:00,1.1213818,1.4450699
2025-01-01 23:10:00,1.1216158,1.4452102
2025-01-01 23:11:00,1.1218497,1.4453487
2025-01-01 23:12:00,1.1220832,1.4454857
2025-01-01 23:13:00,1.1223166,1.4456211
2025-01-01 23:14:00,1.1225499,1.4457549
2025-01-01 23:15:00,1.122783,1.4458872
2025-01-01 23:16:00,1.1230159,1.4460179
2025-01-01 23:17:00,1.1232488,1.4461472
2025-01-01 23:18:00,1.1234816,1.446275
2025-01-01 23:19:00,1.1237143,1.4464014
2025-01-01 23:20:00,1.1239473,1.4465264
2025-01-01 23:21:00,1.1241801,1.4466501
2025-01-01 23:22:00,1.124413,1.4467725
2025-01-01 23:23:00,1.124646,1.4468935
2025-01-01 23:24:00,1.1248791,1.4470133
2025-01-01 23:25:00,1.1251124,1.4471319
2025-01-01 23:26:00,1.1253458,1.4472492
2025-01-01 23:27:00,1.1255795,1.4473654
2025-01-01 23:28:00,1.1258134,1.4474806
2025-01-01 23:29:00,1.1260475,1.4475945
2025-01-01 23:30:00,1.126282,1.4477074
2025-01-01 23:31:00,1.1265168,1.4478194
2025-01-01 23:32:00,1.1267519,1.4479302
2025-01-01 23:33:00,1.1269875,1.4480401
2025-01-01 23:34:00,1.1272235,1.4481491
2025-01-01 23:35:00,1.1274598,1.4482571
2025-01-01 23:36:00,1.1276968,1.4483644
2025-01-01 23:37:00,1.1279341,1.4484707
2025-01-01 23:38:00,1.1281719,1.4485762
2025-01-01 23:39:00,1.1284105,1.4486809
2025-01-01 23:40:00,1.1286496,1.448785
2025-01-01 23:41:00,1.1288893,1.4488883
2025-01-01 23:42:00,1.1291295,1.4489908
2025-01-01 23:43:00,1.1293706,1.4490927
2025-01-01 23:44:00,1.1296123,1.4491941
2025-01-01 23:45:00,1.1298547,1.4492947
2025-01-01 23:46:00,1.1300979,1.4493948
2025-01-01 23:47:00,1.130342,1.4494945
2025-01-01 23:48:00,1.1305869,1.4495937
2025-01-01 23:49:00,1.1308324,1.4496921
2025-01-01 23:50:00,1.131079,1.4497904
2025-01-01 23:51:00,1.1313264,1.4498882
2025-01-01 23:52:00,1.1315747,1.4499855
2025-01-01 23:53:00,1.1318241,1.4500827
2025-01-01 23:54:00,1.1320745,1.4501795
2025-01-01 23:55:00,1.1323256,1.4502758
2025-01-01 23:56:00,1.132578,1.450372
2025-01-01 23:57:00,1.1328316,1.4504681
2025-01-01 23:58:00,1.133086,1.4505637
2025-01-01 23:59:00,1.1333417,1.4506593
