TIME,R_001_v000
2025-01-01 00:01:00,0.9933416
2025-01-01 00:02:00,0.99359846
2025-01-01 00:03:00,0.9938563
2025-01-01 00:04:00,0.99411553
2025-01-01 00:05:00,0.9943759
2025-01-01 00:06:00,0.9946374
2025-01-01 00:07:00,0.99490035
2025-01-01 00:08:00,0.9951646
2025-01-01 00:09:00,0.9954301
2025-01-01 00:10:00,0.9956969
2025-01-01 00:11:00,0.9959651
2025-01-01 00:12:00,0.9962348
2025-01-01 00:13:00,0.99650574
2025-01-01 00:14:00,0.99677825
2025-01-01 00:15:00,0.9970522
2025-01-01 00:16:00,0.99732757
2025-01-01 00:17:00,0.99760455
2025-01-01 00:18:00,0.997883
2025-01-01 00:19:00,0.998163
2025-01-01 00:20:00,0.9984446
2025-01-01 00:21:00,0.99872786
2025-01-01 00:22:00,0.9990127
2025-01-01 00:23:00,0.99929905
2025-01-01 00:24:00,0.99958724
2025-01-01 00:25:00,0.99987704
2025-01-01 00:26:00,1.0001684
2025-01-01 00:27:00,1.0004617
2025-01-01 00:28:00,1.0007567
2025-01-01 00:29:00,1.0010533
2025-01-01 00:30:00,1.001352
2025-01-01 00:31:00,1.0016522
2025-01-01 00:32:00,1.0019543
2025-01-01 00:33:00,1.0022583
2025-01-01 00:34:00,1.0025641
2025-01-01 00:35:00,1.0028718
2025-01-01 00:36:00,1.0031812
2025-01-01 00:37:00,1.0034927
2025-01-01 00:38:00,1.0038061
2025-01-01 00:39:00,1.0041213
2025-01-01 00:40:00,1.0044386
2025-01-01 00:41:00,1.0047579
2025-01-01 00:42:00,1.005079
2025-01-01 00:43:00,1.0054022
2025-01-01 00:44:00,1.0057274
2025-01-01 00:45:00,1.0060546
2025-01-01 00:46:00,1.0063838
2025-01-01 00:47:00,1.006715
2025-01-01 00:48:00,1.0070484
2025-01-01 00:49:00,1.0073837
2025-01-01 00:50:00,1.0077212
2025-01-01 00:51:00,1.0080608
2025-01-01 00:52:00,1.0084023
2025-01-01 00:53:00,1.0087461
2025-01-01 00:54:00,1.0090921
2025-01-01 00:55:00,1.0094401
2025-01-01 00:56:00,1.0097902
2025-01-01 00:57:00,1.0101426
2025-01-01 00:58:00,1.0104971
2025-01-01 00:59:00,1.0108535
2025-01-01 01:00:00,1.0112123
2025-01-01 01:01:00,1.0115733
2025-01-01 01:02:00,1.0119364
2025-01-01 01:03:00,1.0123018
2025-01-01 01:04:00,1.0126693
2025-01-01 01:05:00,1.013039
2025-01-01 01:06:00,1.0134109
2025-01-01 01:07:00,1.0137851
2025-01-01 01:08:00,1.0141613
2025-01-01 01:09:00,1.01454
2025-01-01 01:10:00,1.0149207
2025-01-01 01:11:00,1.0153037
2025-01-01 01:12:00,1.0156889
2025-01-01 01:13:00,1.0160763
2025-01-01 01:14:00,1.016466
2025-01-01 01:15:00,1.0168579
2025-01-01 01:16:00,1.017252
2025-01-01 01:17:00,1.0176483
2025-01-01 01:18:00,1.0180467
2025-01-01 01:19:00,1.0184475
2025-01-01 01:20:00,1.0188506
2025-01-01 01:21:00,1.0192556
2025-01-01 01:22:00,1.0196631
2025-01-01 01:23:00,1.0200728
2025-01-01 01:24:00,1.0204847
2025-01-01 01:25:00,1.0208986
2025-01-01 01:26:00,1.0213149
2025-01-01 01:27:00,1.0217334
2025-01-01 01:28:00,1.0221539
2025-01-01 01:29:00,1.0225767
2025-01-01 01:30:00,1.0230018
2025-01-01 01:31:00,1.0234288
2025-01-01 01:32:00,1.0238582
2025-01-01 01:33:00,1.0242896
2025-01-01 01:34:00,1.0247232
2025-01-01 01:35:00,1.0251589
2025-01-01 01:36:00,1.0255969
2025-01-01 01:37:00,1.0260369
2025-01-01 01:38:00,1.0264789
2025-01-01 01:39:00,1.0269231
2025-01-01 01:40:00,1.0273694
2025-01-01 01:41:00,1.0278177
2025-01-01 01:42:00,1.0282682
2025-01-01 01:43:00,1.0287206
2025-01-01 01:44:00,1.029175
2025-01-01 01:45:00,1.0296316
2025-01-01 01:46:00,1.0300902
2025-01-01 01:47:00,1.0305508
2025-01-01 01:48:00,1.0310133
2025-01-01 01:49:00,1.0314778
2025-01-01 01:50:00,1.0319443
2025-01-01 01:51:00,1.0324126
2025-01-01 01:52:00,1.0328829
2025-01-01 01:53:00,1.0333552
2025-01-01 01:54:00,1.0338292
2025-01-01 01:55:00,1.0343052
2025-01-01 01:56:00,1.034783
2025-01-01 01:57:00,1.0352626
2025-01-01 01:58:00,1.0357441
2025-01-01 01:59:00,1.0362273
2025-01-01 02:00:00,1.0367124
2025-01-01 02:01:00,1.0371991
2025-01-01 02:02:00,1.0376877
2025-01-01 02:03:00,1.038178
2025-01-01 02:04:00,1.0386697
2025-01-01 02:05:00,1.0391634
2025-01-01 02:06:00,1.0396587
2025-01-01 02:07:00,1.0401554
2025-01-01 02:08:00,1.040654
2025-01-01 02:09:00,1.0411539
2025-01-01 02:10:00,1.0416554
2025-01-01 02:11:00,1.0421586
2025-01-01 02:12:00,1.0426632
2025-01-01 02:13:00,1.0431694
2025-01-01 02:14:00,1.0436769
2025-01-01 02:15:00,1.0441859
2025-01-01 02:16:00,1.0446962
2025-01-01 02:17:00,1.0452079
2025-01-01 02:18:00,1.045721
2025-01-01 02:19:00,1.0462354
2025-01-01 02:20:00,1.0467511
2025-01-01 02:21:00,1.0472682
2025-01-01 02:22:00,1.0477864
2025-01-01 02:23:00,1.0483057
2025-01-01 02:24:00,1.0488263
2025-01-01 02:25:00,1.0493481
2025-01-01 02:26:00,1.049871
2025-01-01 02:27:00,1.0503949
2025-01-01 02:28:00,1.05092
2025-01-01 02:29:00,1.0514461
2025-01-01 02:30:00,1.051973
2025-01-01 02:31:00,1.0525011
2025-01-01 02:32:00,1.05303
2025-01-01 02:33:00,1.0535598
2025-01-01 02:34:00,1.0540906
2025-01-01 02:35:00,1.0546222
2025-01-01 02:36:00,1.0551544
2025-01-01 02:37:00,1.0556877
2025-01-01 02:38:00,1.0562216
2025-01-01 02:39:00,1.0567561
2025-01-01 02:40:00,1.0572914
2025-01-01 02:41:00,1.0578272
2025-01-01 02:42:00,1.0583638
2025-01-01 02:43:00,1.0589008
2025-01-01 02:44:00,1.0594385
2025-01-01 02:45:00,1.0599766
2025-01-01 02:46:00,1.060515
2025-01-01 02:47:00,1.0610541
2025-01-01 02:48:00,1.0615935
2025-01-01 02:49:00,1.0621332
2025-01-01 02:50:00,1.0626733
2025-01-01 02:51:00,1.0632137
2025-01-01 02:52:00,1.0637543
2025-01-01 02:53:00,1.0642949
2025-01-01 02:54:00,1.064836
2025-01-01 02:55:00,1.0653771
2025-01-01 02:56:00,1.0659182
2025-01-01 02:57:00,1.0664595
2025-01-01 02:58:00,1.0670009
2025-01-01 02:59:00,1.0675421
2025-01-01 03:00:00,1.0680833
2025-01-01 03:01:00,1.0686245
2025-01-01 03:02:00,1.0691655
2025-01-01 03:03:00,1.0697062
2025-01-01 03:04:00,1.0702469
2025-01-01 03:05:00,1.0707873
2025-01-01 03:06:00,1.0713273
2025-01-01 03:07:00,1.0718671
2025-01-01 03:08:00,1.0724065
2025-01-01 03:09:00,1.0729454
2025-01-01 03:10:00,1.073484
2025-01-01 03:11:00,1.074022
2025-01-01 03:12:00,1.0745596
2025-01-01 03:13:00,1.0750965
2025-01-01 03:14:00,1.0756329
2025-01-01 03:15:00,1.0761688
2025-01-01 03:16:00,1.0767037
2025-01-01 03:17:00,1.0772381
2025-01-01 03:18:00,1.0777717
2025-01-01 03:19:00,1.0783043
2025-01-01 03:20:00,1.0788363
2025-01-01 03:21:00,1.0793674
2025-01-01 03:22:00,1.0798974
2025-01-01 03:23:00,1.0804266
2025-01-01 03:24:00,1.0809548
2025-01-01 03:25:00,1.0814818
2025-01-01 03:26:00,1.0820079
2025-01-01 03:27:00,1.0825329
2025-01-01 03:28:00,1.0830566
2025-01-01 03:29:00,1.0835791
2025-01-01 03:30:00,1.0841004
2025-01-01 03:31:00,1.0846205
2025-01-01 03:32:00,1.085139
2025-01-01 03:33:00,1.0856564
2025-01-01 03:34:00,1.0861723
2025-01-01 03:35:00,1.0866867
2025-01-01 03:36:00,1.0871998
2025-01-01 03:37:00,1.0877113
2025-01-01 03:38:00,1.0882212
2025-01-01 03:39:00,1.0887295
2025-01-01 03:40:00,1.0892361
2025-01-01 03:41:00,1.0897412
2025-01-01 03:42:00,1.0902444
2025-01-01 03:43:00,1.0907459
2025-01-01 03:44:00,1.0912457
2025-01-01 03:45:00,1.0917435
2025-01-01 03:46:00,1.0922395
2025-01-01 03:47:00,1.0927335
2025-01-01 03:48:00,1.0932256
2025-01-01 03:49:00,1.0937157
2025-01-01 03:50:00,1.0942038
2025-01-01 03:51:00,1.0946898
2025-01-01 03:52:00,1.0951737
2025-01-01 03:53:00,1.0956556
2025-01-01 03:54:00,1.0961351
2025-01-01 03:55:00,1.0966125
2025-01-01 03:56:00,1.0970875
2025-01-01 03:57:00,1.0975604
2025-01-01 03:58:00,1.0980308
2025-01-01 03:59:00,1.098499
2025-01-01 04:00:00,1.0989647
2025-01-01 04:01:00,1.0994278
2025-01-01 04:02:00,1.0998886
2025-01-01 04:03:00,1.1003469
2025-01-01 04:04:00,1.1008025
2025-01-01 04:05:00,1.1012557
2025-01-01 04:06:00,1.1017063
2025-01-01 04:07:00,1.1021541
2025-01-01 04:08:00,1.1025991
2025-01-01 04:09:00,1.1030416
2025-01-01 04:10:00,1.1034813
2025-01-01 04:11:00,1.1039181
2025-01-01 04:12:00,1.1043522
2025-01-01 04:13:00,1.1047834
2025-01-01 04:14:00,1.1052116
2025-01-01 04:15:00,1.1056371
2025-01-01 04:16:00,1.1060596
2025-01-01 04:17:00,1.1064789
2025-01-01 04:18:00,1.1068952
2025-01-01 04:19:00,1.1073086
2025-01-01 04:20:00,1.107719
2025-01-01 04:21:00,1.108126
2025-01-01 04:22:00,1.10853
2025-01-01 04:23:00,1.1089308
2025-01-01 04:24:00,1.1093284
2025-01-01 04:25:00,1.1097227
2025-01-01 04:26:00,1.110114
2025-01-01 04:27:00,1.1105016
2025-01-01 04:28:00,1.1108862
2025-01-01 04:29:00,1.1112673
2025-01-01 04:30:00,1.1116451
2025-01-01 04:31:00,1.1120194
2025-01-01 04:32:00,1.1123903
2025-01-01 04:33:00,1.1127578
2025-01-01 04:34:00,1.1131217
2025-01-01 04:35:00,1.1134822
2025-01-01 04:36:00,1.1138391
2025-01-01 04:37:00,1.1141924
2025-01-01 04:38:00,1.1145421
2025-01-01 04:39:00,1.1148883
2025-01-01 04:40:00,1.1152308
2025-01-01 04:41:00,1.1155696
2025-01-01 04:42:00,1.1159048
2025-01-01 04:43:00,1.1162363
2025-01-01 04:44:00,1.1165639
2025-01-01 04:45:00,1.1168879
2025-01-01 04:46:00,1.1172081
2025-01-01 04:47:00,1.1175245
2025-01-01 04:48:00,1.1178371
2025-01-01 04:49:00,1.1181458
2025-01-01 04:50:00,1.1184506
2025-01-01 04:51:00,1.1187518
2025-01-01 04:52:00,1.1190488
2025-01-01 04:53:00,1.119342
2025-01-01 04:54:00,1.1196313
2025-01-01 04:55:00,1.1199167
2025-01-01 04:56:00,1.120198
2025-01-01 04:57:00,1.1204754
2025-01-01 04:58:00,1.1207488
2025-01-01 04:59:00,1.1210182
2025-01-01 05:00:00,1.1212834
2025-01-01 05:01:00,1.1215448
2025-01-01 05:02:00,1.1218021
2025-01-01 05:03:00,1.1220552
2025-01-01 05:04:00,1.1223043
2025-01-01 05:05:00,1.1225493
2025-01-01 05:06:00,1.1227901
2025-01-01 05:07:00,1.1230268
2025-01-01 05:08:00,1.1232595
2025-01-01 05:09:00,1.1234881
2025-01-01 05:10:00,1.1237123
2025-01-01 05:11:00,1.1239325
2025-01-01 05:12:00,1.1241485
2025-01-01 05:13:00,1.1243602
2025-01-01 05:14:00,1.1245679
2025-01-01 05:15:00,1.1247714
2025-01-01 05:16:00,1.1249704
2025-01-01 05:17:00,1.1251655
2025-01-01 05:18:00,1.1253562
2025-01-01 05:19:00,1.1255426
2025-01-01 05:20:00,1.125725
2025-01-01 05:21:00,1.1259031
2025-01-01 05:22:00,1.1260769
2025-01-01 05:23:00,1.1262465
2025-01-01 05:24:00,1.1264118
2025-01-01 05:25:00,1.126573
2025-01-01 05:26:00,1.1267296
2025-01-01 05:27:00,1.1268822
2025-01-01 05:28:00,1.1270306
2025-01-01 05:29:00,1.1271745
2025-01-01 05:30:00,1.1273143
2025-01-01 05:31:00,1.1274499
2025-01-01 05:32:00,1.1275811
2025-01-01 05:33:00,1.1277081
2025-01-01 05:34:00,1.1278307
2025-01-01 05:35:00,1.1279494
2025-01-01 05:36:00,1.1280634
2025-01-01 05:37:00,1.1281735
2025-01-01 05:38:00,1.1282792
2025-01-01 05:39:00,1.1283805
2025-01-01 05:40:00,1.1284778
2025-01-01 05:41:00,1.1285709
2025-01-01 05:42:00,1.1286596
2025-01-01 05:43:00,1.1287441
2025-01-01 05:44:00,1.1288245
2025-01-01 05:45:00,1.1289006
2025-01-01 05:46:00,1.1289725
2025-01-01 05:47:00,1.1290402
2025-01-01 05:48:00,1.1291038
2025-01-01 05:49:00,1.129163
2025-01-01 05:50:00,1.1292182
2025-01-01 05:51:00,1.1292694
2025-01-01 05:52:00,1.1293161
2025-01-01 05:53:00,1.1293589
2025-01-01 05:54:00,1.1293975
2025-01-01 05:55:00,1.129432
2025-01-01 05:56:00,1.1294624
2025-01-01 05:57:00,1.1294887
2025-01-01 05:58:00,1.129511
2025-01-01 05:59:00,1.1295291
2025-01-01 06:00:00,1.1295432
2025-01-01 06:01:00,1.1295533
2025-01-01 06:02:00,1.1295593
2025-01-01 06:03:00,1.1295614
2025-01-01 06:04:00,1.1295595
2025-01-01 06:05:00,1.1295536
2025-01-01 06:06:00,1.1295437
2025-01-01 06:07:00,1.12953
2025-01-01 06:08:00,1.1295122
2025-01-01 06:09:00,1.1294905
2025-01-01 06:10:00,1.1294651
2025-01-01 06:11:00,1.1294358
2025-01-01 06:12:00,1.1294025
2025-01-01 06:13:00,1.1293654
2025-01-01 06:14:00,1.1293247
2025-01-01 06:15:00,1.12928
2025-01-01 06:16:00,1.1292316
2025-01-01 06:17:00,1.1291795
2025-01-01 06:18:00,1.1291236
2025-01-01 06:19:00,1.1290641
2025-01-01 06:20:00,1.1290009
2025-01-01 06:21:00,1.128934
2025-01-01 06:22:00,1.1288635
2025-01-01 06:23:00,1.1287894
2025-01-01 06:24:00,1.1287117
2025-01-01 06:25:00,1.1286304
2025-01-01 06:26:00,1.1285456
2025-01-01 06:27:00,1.1284574
2025-01-01 06:28:00,1.1283656
2025-01-01 06:29:00,1.1282705
2025-01-01 06:30:00,1.1281719
2025-01-01 06:31:00,1.1280698
2025-01-01 06:32:00,1.1279644
2025-01-01 06:33:00,1.1278558
2025-01-01 06:34:00,1.1277436
2025-01-01 06:35:00,1.1276283
2025-01-01 06:36:00,1.1275097
2025-01-01 06:37:00,1.1273879
2025-01-01 06:38:00,1.1272628
2025-01-01 06:39:00,1.1271347
2025-01-01 06:40:00,1.1270033
2025-01-01 06:41:00,1.1268688
2025-01-01 06:42:00,1.1267313
2025-01-01 06:43:00,1.1265907
2025-01-01 06:44:00,1.1264471
2025-01-01 06:45:00,1.1263006
2025-01-01 06:46:00,1.1261511
2025-01-01 06:47:00,1.1259986
2025-01-01 06:48:00,1.1258432
2025-01-01 06:49:00,1.125685
2025-01-01 06:50:00,1.125524
2025-01-01 06:51:00,1.1253601
2025-01-01 06:52:00,1.1251935
2025-01-01 06:53:00,1.1250243
2025-01-01 06:54:00,1.1248522
2025-01-01 06:55:00,1.1246775
2025-01-01 06:56:00,1.1245003
2025-01-01 06:57:00,1.1243204
2025-01-01 06:58:00,1.1241379
2025-01-01 06:59:00,1.123953
2025-01-01 07:00:00,1.1237656
2025-01-01 07:01:00,1.1235757
2025-01-01 07:02:00,1.1233834
2025-01-01 07:03:00,1.1231887
2025-01-01 07:04:00,1.1229917
2025-01-01 07:05:00,1.1227924
2025-01-01 07:06:00,1.1225909
2025-01-01 07:07:00,1.1223869
2025-01-01 07:08:00,1.1221809
2025-01-01 07:09:00,1.1219728
2025-01-01 07:10:00,1.1217624
2025-01-01 07:11:00,1.1215501
2025-01-01 07:12:00,1.1213357
2025-01-01 07:13:00,1.1211193
2025-01-01 07:14:00,1.1209008
2025-01-01 07:15:00,1.1206805
2025-01-01 07:16:00,1.1204582
2025-01-01 07:17:00,1.120234
2025-01-01 07:18:00,1.1200081
2025-01-01 07:19:00,1.1197804
2025-01-01 07:20:00,1.119551
2025-01-01 07:21:00,1.1193198
2025-01-01 07:22:00,1.119087
2025-01-01 07:23:00,1.1188524
2025-01-01 07:24:00,1.1186163
2025-01-01 07:25:00,1.1183788
2025-01-01 07:26:00,1.1181396
2025-01-01 07:27:00,1.117899
2025-01-01 07:28:00,1.117657
2025-01-01 07:29:00,1.1174135
2025-01-01 07:30:00,1.1171685
2025-01-01 07:31:00,1.1169224
2025-01-01 07:32:00,1.116675
2025-01-01 07:33:00,1.1164262
2025-01-01 07:34:00,1.1161764
2025-01-01 07:35:00,1.1159253
2025-01-01 07:36:00,1.1156732
2025-01-01 07:37:00,1.1154197
2025-01-01 07:38:00,1.1151655
2025-01-01 07:39:00,1.1149101
2025-01-01 07:40:00,1.1146536
2025-01-01 07:41:00,1.1143963
2025-01-01 07:42:00,1.1141382
2025-01-01 07:43:00,1.1138791
2025-01-01 07:44:00,1.1136192
2025-01-01 07:45:00,1.1133586
2025-01-01 07:46:00,1.1130971
2025-01-01 07:47:00,1.1128349
2025-01-01 07:48:00,1.1125722
2025-01-01 07:49:00,1.1123087
2025-01-01 07:50:00,1.1120447
2025-01-01 07:51:00,1.1117802
2025-01-01 07:52:00,1.111515
2025-01-01 07:53:00,1.1112493
2025-01-01 07:54:00,1.1109834
2025-01-01 07:55:00,1.1107169
2025-01-01 07:56:00,1.11045
2025-01-01 07:57:00,1.1101829
2025-01-01 07:58:00,1.1099155
2025-01-01 07:59:00,1.1096476
2025-01-01 08:00:00,1.1093796
2025-01-01 08:01:00,1.1091115
2025-01-01 08:02:00,1.1088433
2025-01-01 08:03:00,1.1085747
2025-01-01 08:04:00,1.1083063
2025-01-01 08:05:00,1.1080378
2025-01-01 08:06:00,1.1077691
2025-01-01 08:07:00,1.1075007
2025-01-01 08:08:00,1.1072322
2025-01-01 08:09:00,1.1069638
2025-01-01 08:10:00,1.1066955
2025-01-01 08:11:00,1.1064274
2025-01-01 08:12:00,1.1061594
2025-01-01 08:13:00,1.1058917
2025-01-01 08:14:00,1.1056244
2025-01-01 08:15:00,1.1053573
2025-01-01 08:16:00,1.1050904
2025-01-01 08:17:00,1.1048241
2025-01-01 08:18:00,1.104558
2025-01-01 08:19:00,1.1042924
2025-01-01 08:20:00,1.1040273
2025-01-01 08:21:00,1.1037626
2025-01-01 08:22:00,1.1034983
2025-01-01 08:23:00,1.1032349
2025-01-01 08:24:00,1.1029719
2025-01-01 08:25:00,1.1027094
2025-01-01 08:26:00,1.1024477
2025-01-01 08:27:00,1.1021867
2025-01-01 08:28:00,1.1019263
2025-01-01 08:29:00,1.1016667
2025-01-01 08:30:00,1.1014079
2025-01-01 08:31:00,1.1011498
2025-01-01 08:32:00,1.1008925
2025-01-01 08:33:00,1.1006362
2025-01-01 08:34:00,1.1003807
2025-01-01 08:35:00,1.100126
2025-01-01 08:36:00,1.0998724
2025-01-01 08:37:00,1.0996197
2025-01-01 08:38:00,1.099368
2025-01-01 08:39:00,1.0991173
2025-01-01 08:40:00,1.0988677
2025-01-01 08:41:00,1.098619
2025-01-01 08:42:00,1.0983714
2025-01-01 08:43:00,1.0981251
2025-01-01 08:44:00,1.0978799
2025-01-01 08:45:00,1.0976356
2025-01-01 08:46:00,1.0973928
2025-01-01 08:47:00,1.097151
2025-01-01 08:48:00,1.0969105
2025-01-01 08:49:00,1.0966713
2025-01-01 08:50:00,1.0964334
2025-01-01 08:51:00,1.0961968
2025-01-01 08:52:00,1.0959613
2025-01-01 08:53:00,1.0957274
2025-01-01 08:54:00,1.0954949
2025-01-01 08:55:00,1.0952635
2025-01-01 08:56:00,1.0950336
2025-01-01 08:57:00,1.0948052
2025-01-01 08:58:00,1.0945781
2025-01-01 08:59:00,1.0943527
2025-01-01 09:00:00,1.0941287
2025-01-01 09:01:00,1.093906
2025-01-01 09:02:00,1.093685
2025-01-01 09:03:00,1.0934654
2025-01-01 09:04:00,1.0932475
2025-01-01 09:05:00,1.093031
2025-01-01 09:06:00,1.0928162
2025-01-01 09:07:00,1.092603
2025-01-01 09:08:00,1.0923913
2025-01-01 09:09:00,1.0921812
2025-01-01 09:10:00,1.0919728
2025-01-01 09:11:00,1.091766
2025-01-01 09:12:00,1.0915608
2025-01-01 09:13:00,1.0913575
2025-01-01 09:14:00,1.0911556
2025-01-01 09:15:00,1.0909555
2025-01-01 09:16:00,1.0907573
2025-01-01 09:17:00,1.0905606
2025-01-01 09:18:00,1.0903656
2025-01-01 09:19:00,1.0901724
2025-01-01 09:20:00,1.0899811
2025-01-01 09:21:00,1.0897913
2025-01-01 09:22:00,1.0896033
2025-01-01 09:23:00,1.0894172
2025-01-01 09:24:00,1.0892328
2025-01-01 09:25:00,1.0890502
2025-01-01 09:26:00,1.0888695
2025-01-01 09:27:00,1.0886903
2025-01-01 09:28:00,1.0885131
2025-01-01 09:29:00,1.0883378
2025-01-01 09:30:00,1.0881642
2025-01-01 09:31:00,1.0879924
2025-01-01 09:32:00,1.0878224
2025-01-01 09:33:00,1.0876544
2025-01-01 09:34:00,1.0874879
2025-01-01 09:35:00,1.0873235
2025-01-01 09:36:00,1.087161
2025-01-01 09:37:00,1.087
2025-01-01 09:38:00,1.0868411
2025-01-01 09:39:00,1.086684
2025-01-01 09:40:00,1.0865287
2025-01-01 09:41:00,1.0863751
2025-01-01 09:42:00,1.0862236
2025-01-01 09:43:00,1.0860738
2025-01-01 09:44:00,1.0859257
2025-01-01 09:45:00,1.0857797
2025-01-01 09:46:00,1.0856353
2025-01-01 09:47:00,1.0854927
2025-01-01 09:48:00,1.0853522
2025-01-01 09:49:00,1.0852133
2025-01-01 09:50:00,1.0850762
2025-01-01 09:51:00,1.084941
2025-01-01 09:52:00,1.0848076
2025-01-01 09:53:00,1.0846759
2025-01-01 09:54:00,1.0845461
2025-01-01 09:55:00,1.084418
2025-01-01 09:56:00,1.0842918
2025-01-01 09:57:00,1.0841672
2025-01-01 09:58:00,1.0840445
2025-01-01 09:59:00,1.0839236
2025-01-01 10:00:00,1.0838042
2025-01-01 10:01:00,1.0836868
2025-01-01 10:02:00,1.0835711
2025-01-01 10:03:00,1.0834569
2025-01-01 10:04:00,1.0833446
2025-01-01 10:05:00,1.083234
2025-01-01 10:06:00,1.083125
2025-01-01 10:07:00,1.0830176
2025-01-01 10:08:00,1.0829121
2025-01-01 10:09:00,1.0828081
2025-01-01 10:10:00,1.0827057
2025-01-01 10:11:00,1.082605
2025-01-01 10:12:00,1.082506
2025-01-01 10:13:00,1.0824084
2025-01-01 10:14:00,1.0823125
2025-01-01 10:15:00,1.0822182
2025-01-01 10:16:00,1.0821253
2025-01-01 10:17:00,1.0820341
2025-01-01 10:18:00,1.0819445
2025-01-01 10:19:00,1.0818563
2025-01-01 10:20:00,1.0817695
2025-01-01 10:21:00,1.0816842
2025-01-01 10:22:00,1.0816004
2025-01-01 10:23:00,1.081518
2025-01-01 10:24:00,1.0814371
2025-01-01 10:25:00,1.0813576
2025-01-01 10:26:00,1.0812794
2025-01-01 10:27:00,1.0812027
2025-01-01 10:28:00,1.0811273
2025-01-01 10:29:00,1.0810531
2025-01-01 10:30:00,1.0809804
2025-01-01 10:31:00,1.0809089
2025-01-01 10:32:00,1.0808388
2025-01-01 10:33:00,1.0807697
2025-01-01 10:34:00,1.080702
2025-01-01 10:35:00,1.0806355
2025-01-01 10:36:00,1.0805701
2025-01-01 10:37:00,1.080506
2025-01-01 10:38:00,1.0804429
2025-01-01 10:39:00,1.0803809
2025-01-01 10:40:00,1.0803201
2025-01-01 10:41:00,1.0802604
2025-01-01 10:42:00,1.0802016
2025-01-01 10:43:00,1.0801439
2025-01-01 10:44:00,1.0800873
2025-01-01 10:45:00,1.0800316
2025-01-01 10:46:00,1.0799768
2025-01-01 10:47:00,1.079923
2025-01-01 10:48:00,1.0798701
2025-01-01 10:49:00,1.079818
2025-01-01 10:50:00,1.0797669
2025-01-01 10:51:00,1.0797166
2025-01-01 10:52:00,1.079667
2025-01-01 10:53:00,1.0796182
2025-01-01 10:54:00,1.0795703
2025-01-01 10:55:00,1.079523
2025-01-01 10:56:00,1.0794764
2025-01-01 10:57:00,1.0794305
2025-01-01 10:58:00,1.0793853
2025-01-01 10:59:00,1.0793405
2025-01-01 11:00:00,1.0792965
2025-01-01 11:01:00,1.0792531
2025-01-01 11:02:00,1.07921
2025-01-01 11:03:00,1.0791676
2025-01-01 11:04:00,1.0791256
2025-01-01 11:05:00,1.0790842
2025-01-01 11:06:00,1.079043
2025-01-01 11:07:00,1.0790024
2025-01-01 11:08:00,1.0789621
2025-01-01 11:09:00,1.0789222
2025-01-01 11:10:00,1.0788825
2025-01-01 11:11:00,1.0788432
2025-01-01 11:12:00,1.078804
2025-01-01 11:13:00,1.0787652
2025-01-01 11:14:00,1.0787265
2025-01-01 11:15:00,1.0786879
2025-01-01 11:16:00,1.0786496
2025-01-01 11:17:00,1.0786114
2025-01-01 11:18:00,1.0785731
2025-01-01 11:19:00,1.0785351
2025-01-01 11:20:00,1.078497
2025-01-01 11:21:00,1.0784589
2025-01-01 11:22:00,1.0784208
2025-01-01 11:23:00,1.0783826
2025-01-01 11:24:00,1.0783443
2025-01-01 11:25:00,1.0783058
2025-01-01 11:26:00,1.0782673
2025-01-01 11:27:00,1.0782287
2025-01-01 11:28:00,1.0781896
2025-01-01 11:29:00,1.0781505
2025-01-01 11:30:00,1.078111
2025-01-01 11:31:00,1.0780712
2025-01-01 11:32:00,1.0780312
2025-01-01 11:33:00,1.0779908
2025-01-01 11:34:00,1.07795
2025-01-01 11:35:00,1.0779086
2025-01-01 11:36:00,1.077867
2025-01-01 11:37:00,1.0778248
2025-01-01 11:38:00,1.0777822
2025-01-01 11:39:00,1.077739
2025-01-01 11:40:00,1.0776953
2025-01-01 11:41:00,1.0776508
2025-01-01 11:42:00,1.0776058
2025-01-01 11:43:00,1.0775603
2025-01-01 11:44:00,1.0775139
2025-01-01 11:45:00,1.077467
2025-01-01 11:46:00,1.0774193
2025-01-01 11:47:00,1.0773709
2025-01-01 11:48:00,1.0773214
2025-01-01 11:49:00,1.0772713
2025-01-01 11:50:00,1.0772204
2025-01-01 11:51:00,1.0771686
2025-01-01 11:52:00,1.0771159
2025-01-01 11:53:00,1.0770622
2025-01-01 11:54:00,1.0770075
2025-01-01 11:55:00,1.076952
2025-01-01 11:56:00,1.0768955
2025-01-01 11:57:00,1.0768377
2025-01-01 11:58:00,1.076779
2025-01-01 11:59:00,1.0767193
2025-01-01 12:00:00,1.0766584
2025-01-01 12:01:00,1.0765963
2025-01-01 12:02:00,1.0765331
2025-01-01 12:03:00,1.0764687
2025-01-01 12:04:00,1.0764029
2025-01-01 12:05:00,1.076336
2025-01-01 12:06:00,1.076268
2025-01-01 12:07:00,1.0761983
2025-01-01 12:08:00,1.0761276
2025-01-01 12:09:00,1.0760555
2025-01-01 12:10:00,1.0759821
2025-01-01 12:11:00,1.0759071
2025-01-01 12:12:00,1.0758308
2025-01-01 12:13:00,1.0757531
2025-01-01 12:14:00,1.0756738
2025-01-01 12:15:00,1.0755931
2025-01-01 12:16:00,1.075511
2025-01-01 12:17:00,1.075427
2025-01-01 12:18:00,1.0753418
2025-01-01 12:19:00,1.075255
2025-01-01 12:20:00,1.0751665
2025-01-01 12:21:00,1.0750763
2025-01-01 12:22:00,1.0749847
2025-01-01 12:23:00,1.0748912
2025-01-01 12:24:00,1.0747961
2025-01-01 12:25:00,1.0746994
2025-01-01 12:26:00,1.0746009
2025-01-01 12:27:00,1.0745006
2025-01-01 12:28:00,1.0743986
2025-01-01 12:29:00,1.0742948
2025-01-01 12:30:00,1.0741892
2025-01-01 12:31:00,1.0740818
2025-01-01 12:32:00,1.0739726
2025-01-01 12:33:00,1.0738615
2025-01-01 12:34:00,1.0737486
2025-01-01 12:35:00,1.0736338
2025-01-01 12:36:00,1.0735171
2025-01-01 12:37:00,1.0733984
2025-01-01 12:38:00,1.0732777
2025-01-01 12:39:00,1.0731553
2025-01-01 12:40:00,1.0730307
2025-01-01 12:41:00,1.0729042
2025-01-01 12:42:00,1.0727758
2025-01-01 12:43:00,1.0726453
2025-01-01 12:44:00,1.0725129
2025-01-01 12:45:00,1.0723784
2025-01-01 12:46:00,1.0722418
2025-01-01 12:47:00,1.0721033
2025-01-01 12:48:00,1.0719626
2025-01-01 12:49:00,1.0718199
2025-01-01 12:50:00,1.071675
2025-01-01 12:51:00,1.0715281
2025-01-01 12:52:00,1.0713791
2025-01-01 12:53:00,1.0712278
2025-01-01 12:54:00,1.0710745
2025-01-01 12:55:00,1.0709192
2025-01-01 12:56:00,1.0707614
2025-01-01 12:57:00,1.0706017
2025-01-01 12:58:00,1.0704399
2025-01-01 12:59:00,1.0702759
2025-01-01 13:00:00,1.0701096
2025-01-01 13:01:00,1.0699412
2025-01-01 13:02:00,1.0697706
2025-01-01 13:03:00,1.0695977
2025-01-01 13:04:00,1.0694227
2025-01-01 13:05:00,1.0692456
2025-01-01 13:06:00,1.069066
2025-01-01 13:07:00,1.0688845
2025-01-01 13:08:00,1.0687007
2025-01-01 13:09:00,1.0685146
2025-01-01 13:10:00,1.0683264
2025-01-01 13:11:00,1.0681359
2025-01-01 13:12:00,1.0679431
2025-01-01 13:13:00,1.0677482
2025-01-01 13:14:00,1.067551
2025-01-01 13:15:00,1.0673517
2025-01-01 13:16:00,1.06715
2025-01-01 13:17:00,1.0669463
2025-01-01 13:18:00,1.0667403
2025-01-01 13:19:00,1.0665319
2025-01-01 13:20:00,1.0663215
2025-01-01 13:21:00,1.0661088
2025-01-01 13:22:00,1.0658938
2025-01-01 13:23:00,1.0656767
2025-01-01 13:24:00,1.0654575
2025-01-01 13:25:00,1.065236
2025-01-01 13:26:00,1.0650121
2025-01-01 13:27:00,1.0647863
2025-01-01 13:28:00,1.0645583
2025-01-01 13:29:00,1.0643278
2025-01-01 13:30:00,1.0640955
2025-01-01 13:31:00,1.0638609
2025-01-01 13:32:00,1.0636241
2025-01-01 13:33:00,1.0633852
2025-01-01 13:34:00,1.0631443
2025-01-01 13:35:00,1.062901
2025-01-01 13:36:00,1.0626558
2025-01-01 13:37:00,1.0624084
2025-01-01 13:38:00,1.062159
2025-01-01 13:39:00,1.0619074
2025-01-01 13:40:00,1.0616537
2025-01-01 13:41:00,1.061398
2025-01-01 13:42:00,1.0611403
2025-01-01 13:43:00,1.0608805
2025-01-01 13:44:00,1.0606186
2025-01-01 13:45:00,1.0603548
2025-01-01 13:46:00,1.060089
2025-01-01 13:47:00,1.0598212
2025-01-01 13:48:00,1.0595514
2025-01-01 13:49:00,1.0592797
2025-01-01 13:50:00,1.059006
2025-01-01 13:51:00,1.0587305
2025-01-01 13:52:00,1.0584528
2025-01-01 13:53:00,1.0581735
2025-01-01 13:54:00,1.0578923
2025-01-01 13:55:00,1.0576092
2025-01-01 13:56:00,1.0573243
2025-01-01 13:57:00,1.0570376
2025-01-01 13:58:00,1.056749
2025-01-01 13:59:00,1.0564587
2025-01-01 14:00:00,1.0561666
2025-01-01 14:01:00,1.0558728
2025-01-01 14:02:00,1.0555773
2025-01-01 14:03:00,1.0552802
2025-01-01 14:04:00,1.0549814
2025-01-01 14:05:00,1.0546807
2025-01-01 14:06:00,1.0543786
2025-01-01 14:07:00,1.054075
2025-01-01 14:08:00,1.0537696
2025-01-01 14:09:00,1.0534627
2025-01-01 14:10:00,1.0531543
2025-01-01 14:11:00,1.0528444
2025-01-01 14:12:00,1.052533
2025-01-01 14:13:00,1.0522202
2025-01-01 14:14:00,1.051906
2025-01-01 14:15:00,1.0515903
2025-01-01 14:16:00,1.0512733
2025-01-01 14:17:00,1.0509549
2025-01-01 14:18:00,1.0506352
2025-01-01 14:19:00,1.0503142
2025-01-01 14:20:00,1.049992
2025-01-01 14:21:00,1.0496684
2025-01-01 14:22:00,1.0493437
2025-01-01 14:23:00,1.0490179
2025-01-01 14:24:00,1.0486908
2025-01-01 14:25:00,1.0483627
2025-01-01 14:26:00,1.0480335
2025-01-01 14:27:00,1.047703
2025-01-01 14:28:00,1.0473717
2025-01-01 14:29:00,1.0470395
2025-01-01 14:30:00,1.0467062
2025-01-01 14:31:00,1.0463719
2025-01-01 14:32:00,1.0460368
2025-01-01 14:33:00,1.0457008
2025-01-01 14:34:00,1.0453639
2025-01-01 14:35:00,1.0450263
2025-01-01 14:36:00,1.0446879
2025-01-01 14:37:00,1.0443486
2025-01-01 14:38:00,1.0440089
2025-01-01 14:39:00,1.0436683
2025-01-01 14:40:00,1.0433271
2025-01-01 14:41:00,1.0429853
2025-01-01 14:42:00,1.042643
2025-01-01 14:43:00,1.0423001
2025-01-01 14:44:00,1.0419567
2025-01-01 14:45:00,1.0416129
2025-01-01 14:46:00,1.0412686
2025-01-01 14:47:00,1.0409238
2025-01-01 14:48:00,1.0405788
2025-01-01 14:49:00,1.0402336
2025-01-01 14:50:00,1.0398879
2025-01-01 14:51:00,1.039542
2025-01-01 14:52:00,1.039196
2025-01-01 14:53:00,1.0388496
2025-01-01 14:54:00,1.0385033
2025-01-01 14:55:00,1.0381569
2025-01-01 14:56:00,1.0378103
2025-01-01 14:57:00,1.0374637
2025-01-01 14:58:00,1.0371171
2025-01-01 14:59:00,1.0367707
2025-01-01 15:00:00,1.0364242
2025-01-01 15:01:00,1.036078
2025-01-01 15:02:00,1.0357319
2025-01-01 15:03:00,1.0353858
2025-01-01 15:04:00,1.0350403
2025-01-01 15:05:00,1.0346949
2025-01-01 15:06:00,1.0343499
2025-01-01 15:07:00,1.0340052
2025-01-01 15:08:00,1.033661
2025-01-01 15:09:00,1.0333172
2025-01-01 15:10:00,1.0329738
2025-01-01 15:11:00,1.0326309
2025-01-01 15:12:00,1.0322888
2025-01-01 15:13:00,1.031947
2025-01-01 15:14:00,1.031606
2025-01-01 15:15:00,1.0312657
2025-01-01 15:16:00,1.030926
2025-01-01 15:17:00,1.0305872
2025-01-01 15:18:00,1.0302492
2025-01-01 15:19:00,1.029912
2025-01-01 15:20:00,1.0295756
2025-01-01 15:21:00,1.0292403
2025-01-01 15:22:00,1.0289059
2025-01-01 15:23:00,1.0285723
2025-01-01 15:24:00,1.02824
2025-01-01 15:25:00,1.0279087
2025-01-01 15:26:00,1.0275784
2025-01-01 15:27:00,1.0272495
2025-01-01 15:28:00,1.0269216
2025-01-01 15:29:00,1.0265951
2025-01-01 15:30:00,1.0262697
2025-01-01 15:31:00,1.0259458
2025-01-01 15:32:00,1.0256232
2025-01-01 15:33:00,1.0253019
2025-01-01 15:34:00,1.0249822
2025-01-01 15:35:00,1.0246639
2025-01-01 15:36:00,1.0243471
2025-01-01 15:37:00,1.0240319
2025-01-01 15:38:00,1.0237184
2025-01-01 15:39:00,1.0234064
2025-01-01 15:40:00,1.0230961
2025-01-01 15:41:00,1.0227876
2025-01-01 15:42:00,1.0224807
2025-01-01 15:43:00,1.0221758
2025-01-01 15:44:00,1.0218726
2025-01-01 15:45:00,1.0215715
2025-01-01 15:46:00,1.0212721
2025-01-01 15:47:00,1.0209746
2025-01-01 15:48:00,1.0206792
2025-01-01 15:49:00,1.0203859
2025-01-01 15:50:00,1.0200946
2025-01-01 15:51:00,1.0198054
2025-01-01 15:52:00,1.0195183
2025-01-01 15:53:00,1.0192335
2025-01-01 15:54:00,1.0189508
2025-01-01 15:55:00,1.0186706
2025-01-01 15:56:00,1.0183923
2025-01-01 15:57:00,1.0181166
2025-01-01 15:58:00,1.0178432
2025-01-01 15:59:00,1.0175722
2025-01-01 16:00:00,1.0173037
2025-01-01 16:01:00,1.0170377
2025-01-01 16:02:00,1.016774
2025-01-01 16:03:00,1.0165131
2025-01-01 16:04:00,1.0162548
2025-01-01 16:05:00,1.0159988
2025-01-01 16:06:00,1.0157458
2025-01-01 16:07:00,1.0154954
2025-01-01 16:08:00,1.0152476
2025-01-01 16:09:00,1.0150027
2025-01-01 16:10:00,1.0147605
2025-01-01 16:11:00,1.0145212
2025-01-01 16:12:00,1.0142847
2025-01-01 16:13:00,1.0140512
2025-01-01 16:14:00,1.0138205
2025-01-01 16:15:00,1.0135927
2025-01-01 16:16:00,1.0133681
2025-01-01 16:17:00,1.0131464
2025-01-01 16:18:00,1.0129278
2025-01-01 16:19:00,1.0127122
2025-01-01 16:20:00,1.0124998
2025-01-01 16:21:00,1.0122906
2025-01-01 16:22:00,1.0120845
2025-01-01 16:23:00,1.0118816
2025-01-01 16:24:00,1.0116819
2025-01-01 16:25:00,1.0114855
2025-01-01 16:26:00,1.0112925
2025-01-01 16:27:00,1.0111027
2025-01-01 16:28:00,1.0109162
2025-01-01 16:29:00,1.0107332
2025-01-01 16:30:00,1.0105536
2025-01-01 16:31:00,1.0103773
2025-01-01 16:32:00,1.0102047
2025-01-01 16:33:00,1.0100355
2025-01-01 16:34:00,1.0098697
2025-01-01 16:35:00,1.0097075
2025-01-01 16:36:00,1.0095489
2025-01-01 16:37:00,1.0093939
2025-01-01 16:38:00,1.0092424
2025-01-01 16:39:00,1.0090946
2025-01-01 16:40:00,1.0089506
2025-01-01 16:41:00,1.00881
2025-01-01 16:42:00,1.0086733
2025-01-01 16:43:00,1.0085404
2025-01-01 16:44:00,1.0084112
2025-01-01 16:45:00,1.0082856
2025-01-01 16:46:00,1.0081639
2025-01-01 16:47:00,1.0080462
2025-01-01 16:48:00,1.0079321
2025-01-01 16:49:00,1.0078219
2025-01-01 16:50:00,1.0077156
2025-01-01 16:51:00,1.0076132
2025-01-01 16:52:00,1.0075147
2025-01-01 16:53:00,1.0074202
2025-01-01 16:54:00,1.0073295
2025-01-01 16:55:00,1.0072428
2025-01-01 16:56:00,1.0071602
2025-01-01 16:57:00,1.0070815
2025-01-01 16:58:00,1.0070069
2025-01-01 16:59:00,1.0069363
2025-01-01 17:00:00,1.0068697
2025-01-01 17:01:00,1.0068071
2025-01-01 17:02:00,1.0067487
2025-01-01 17:03:00,1.0066943
2025-01-01 17:04:00,1.006644
2025-01-01 17:05:00,1.0065979
2025-01-01 17:06:00,1.0065558
2025-01-01 17:07:00,1.0065179
2025-01-01 17:08:00,1.0064842
2025-01-01 17:09:00,1.0064546
2025-01-01 17:10:00,1.0064292
2025-01-01 17:11:00,1.0064079
2025-01-01 17:12:00,1.0063908
2025-01-01 17:13:00,1.0063779
2025-01-01 17:14:00,1.0063691
2025-01-01 17:15:00,1.0063647
2025-01-01 17:16:00,1.0063645
2025-01-01 17:17:00,1.0063684
2025-01-01 17:18:00,1.0063766
2025-01-01 17:19:00,1.006389
2025-01-01 17:20:00,1.0064056
2025-01-01 17:21:00,1.0064266
2025-01-01 17:22:00,1.0064517
2025-01-01 17:23:00,1.006481
2025-01-01 17:24:00,1.0065147
2025-01-01 17:25:00,1.0065527
2025-01-01 17:26:00,1.0065949
2025-01-01 17:27:00,1.0066411
2025-01-01 17:28:00,1.0066919
2025-01-01 17:29:00,1.0067469
2025-01-01 17:30:00,1.006806
2025-01-01 17:31:00,1.0068696
2025-01-01 17:32:00,1.0069373
2025-01-01 17:33:00,1.0070093
2025-01-01 17:34:00,1.0070854
2025-01-01 17:35:00,1.007166
2025-01-01 17:36:00,1.0072508
2025-01-01 17:37:00,1.0073397
2025-01-01 17:38:00,1.007433
2025-01-01 17:39:00,1.0075306
2025-01-01 17:40:00,1.0076321
2025-01-01 17:41:00,1.0077381
2025-01-01 17:42:00,1.0078484
2025-01-01 17:43:00,1.0079627
2025-01-01 17:44:00,1.0080813
2025-01-01 17:45:00,1.0082041
2025-01-01 17:46:00,1.0083311
2025-01-01 17:47:00,1.0084623
2025-01-01 17:48:00,1.0085977
2025-01-01 17:49:00,1.0087373
2025-01-01 17:50:00,1.0088809
2025-01-01 17:51:00,1.0090288
2025-01-01 17:52:00,1.0091808
2025-01-01 17:53:00,1.0093368
2025-01-01 17:54:00,1.009497
2025-01-01 17:55:00,1.0096614
2025-01-01 17:56:00,1.0098298
2025-01-01 17:57:00,1.0100023
2025-01-01 17:58:00,1.0101788
2025-01-01 17:59:00,1.0103595
2025-01-01 18:00:00,1.0105441
2025-01-01 18:01:00,1.0107328
2025-01-01 18:02:00,1.0109254
2025-01-01 18:03:00,1.011122
2025-01-01 18:04:00,1.0113226
2025-01-01 18:05:00,1.0115273
2025-01-01 18:06:00,1.0117357
2025-01-01 18:07:00,1.0119482
2025-01-01 18:08:00,1.0121646
2025-01-01 18:09:00,1.0123847
2025-01-01 18:10:00,1.0126088
2025-01-01 18:11:00,1.0128367
2025-01-01 18:12:00,1.0130684
2025-01-01 18:13:00,1.013304
2025-01-01 18:14:00,1.0135434
2025-01-01 18:15:00,1.0137866
2025-01-01 18:16:00,1.0140333
2025-01-01 18:17:00,1.0142839
2025-01-01 18:18:00,1.0145382
2025-01-01 18:19:00,1.014796
2025-01-01 18:20:00,1.0150577
2025-01-01 18:21:00,1.0153229
2025-01-01 18:22:00,1.0155916
2025-01-01 18:23:00,1.0158641
2025-01-01 18:24:00,1.0161401
2025-01-01 18:25:00,1.0164196
2025-01-01 18:26:00,1.0167025
2025-01-01 18:27:00,1.016989
2025-01-01 18:28:00,1.0172789
2025-01-01 18:29:00,1.0175722
2025-01-01 18:30:00,1.017869
2025-01-01 18:31:00,1.0181692
2025-01-01 18:32:00,1.0184724
2025-01-01 18:33:00,1.0187793
2025-01-01 18:34:00,1.0190893
2025-01-01 18:35:00,1.0194026
2025-01-01 18:36:00,1.0197192
2025-01-01 18:37:00,1.020039
2025-01-01 18:38:00,1.0203619
2025-01-01 18:39:00,1.0206879
2025-01-01 18:40:00,1.0210171
2025-01-01 18:41:00,1.0213494
2025-01-01 18:42:00,1.0216846
2025-01-01 18:43:00,1.022023
2025-01-01 18:44:00,1.0223643
2025-01-01 18:45:00,1.0227084
2025-01-01 18:46:00,1.0230557
2025-01-01 18:47:00,1.0234058
2025-01-01 18:48:00,1.0237588
2025-01-01 18:49:00,1.0241144
2025-01-01 18:50:00,1.024473
2025-01-01 18:51:00,1.0248344
2025-01-01 18:52:00,1.0251982
2025-01-01 18:53:00,1.025565
2025-01-01 18:54:00,1.0259345
2025-01-01 18:55:00,1.0263064
2025-01-01 18:56:00,1.026681
2025-01-01 18:57:00,1.0270581
2025-01-01 18:58:00,1.0274378
2025-01-01 18:59:00,1.02782
2025-01-01 19:00:00,1.0282046
2025-01-01 19:01:00,1.0285915
2025-01-01 19:02:00,1.028981
2025-01-01 19:03:00,1.0293727
2025-01-01 19:04:00,1.0297668
2025-01-01 19:05:00,1.0301629
2025-01-01 19:06:00,1.0305616
2025-01-01 19:07:00,1.0309623
2025-01-01 19:08:00,1.0313652
2025-01-01 19:09:00,1.0317702
2025-01-01 19:10:00,1.0321773
2025-01-01 19:11:00,1.0325863
2025-01-01 19:12:00,1.0329976
2025-01-01 19:13:00,1.0334108
2025-01-01 19:14:00,1.0338259
2025-01-01 19:15:00,1.0342427
2025-01-01 19:16:00,1.0346617
2025-01-01 19:17:00,1.0350822
2025-01-01 19:18:00,1.0355047
2025-01-01 19:19:00,1.0359288
2025-01-01 19:20:00,1.0363548
2025-01-01 19:21:00,1.0367823
2025-01-01 19:22:00,1.0372115
2025-01-01 19:23:00,1.0376424
2025-01-01 19:24:00,1.0380746
2025-01-01 19:25:00,1.0385085
2025-01-01 19:26:00,1.0389439
2025-01-01 19:27:00,1.0393806
2025-01-01 19:28:00,1.0398189
2025-01-01 19:29:00,1.0402584
2025-01-01 19:30:00,1.0406994
2025-01-01 19:31:00,1.0411414
2025-01-01 19:32:00,1.0415848
2025-01-01 19:33:00,1.0420295
2025-01-01 19:34:00,1.0424752
2025-01-01 19:35:00,1.0429223
2025-01-01 19:36:00,1.0433702
2025-01-01 19:37:00,1.0438193
2025-01-01 19:38:00,1.0442693
2025-01-01 19:39:00,1.0447204
2025-01-01 19:40:00,1.0451725
2025-01-01 19:41:00,1.0456253
2025-01-01 19:42:00,1.0460792
2025-01-01 19:43:00,1.0465338
2025-01-01 19:44:00,1.0469891
2025-01-01 19:45:00,1.0474453
2025-01-01 19:46:00,1.0479021
2025-01-01 19:47:00,1.0483596
2025-01-01 19:48:00,1.0488178
2025-01-01 19:49:00,1.0492766
2025-01-01 19:50:00,1.0497358
2025-01-01 19:51:00,1.0501957
2025-01-01 19:52:00,1.0506561
2025-01-01 19:53:00,1.0511168
2025-01-01 19:54:00,1.0515779
2025-01-01 19:55:00,1.0520395
2025-01-01 19:56:00,1.0525014
2025-01-01 19:57:00,1.0529635
2025-01-01 19:58:00,1.053426
2025-01-01 19:59:00,1.0538888
2025-01-01 20:00:00,1.0543516
2025-01-01 20:01:00,1.0548146
2025-01-01 20:02:00,1.0552778
2025-01-01 20:03:00,1.0557411
2025-01-01 20:04:00,1.0562042
2025-01-01 20:05:00,1.0566676
2025-01-01 20:06:00,1.0571308
2025-01-01 20:07:00,1.057594
2025-01-01 20:08:00,1.0580571
2025-01-01 20:09:00,1.0585202
2025-01-01 20:10:00,1.0589828
2025-01-01 20:11:00,1.0594455
2025-01-01 20:12:00,1.0599079
2025-01-01 20:13:00,1.06037
2025-01-01 20:14:00,1.0608319
2025-01-01 20:15:00,1.0612935
2025-01-01 20:16:00,1.0617545
2025-01-01 20:17:00,1.0622153
2025-01-01 20:18:00,1.0626756
2025-01-01 20:19:00,1.0631355
2025-01-01 20:20:00,1.0635948
2025-01-01 20:21:00,1.0640538
2025-01-01 20:22:00,1.064512
2025-01-01 20:23:00,1.0649697
2025-01-01 20:24:00,1.0654268
2025-01-01 20:25:00,1.0658833
2025-01-01 20:26:00,1.066339
2025-01-01 20:27:00,1.0667942
2025-01-01 20:28:00,1.0672485
2025-01-01 20:29:00,1.067702
2025-01-01 20:30:00,1.0681547
2025-01-01 20:31:00,1.0686067
2025-01-01 20:32:00,1.069058
2025-01-01 20:33:00,1.069508
2025-01-01 20:34:00,1.0699574
2025-01-01 20:35:00,1.0704058
2025-01-01 20:36:00,1.0708531
2025-01-01 20:37:00,1.0712996
2025-01-01 20:38:00,1.071745
2025-01-01 20:39:00,1.0721893
2025-01-01 20:40:00,1.0726327
2025-01-01 20:41:00,1.0730749
2025-01-01 20:42:00,1.073516
2025-01-01 20:43:00,1.073956
2025-01-01 20:44:00,1.074395
2025-01-01 20:45:00,1.0748326
2025-01-01 20:46:00,1.075269
2025-01-01 20:47:00,1.0757042
2025-01-01 20:48:00,1.0761381
2025-01-01 20:49:00,1.0765707
2025-01-01 20:50:00,1.0770022
2025-01-01 20:51:00,1.0774323
2025-01-01 20:52:00,1.0778608
2025-01-01 20:53:00,1.0782882
2025-01-01 20:54:00,1.0787143
2025-01-01 20:55:00,1.0791389
2025-01-01 20:56:00,1.079562
2025-01-01 20:57:00,1.0799837
2025-01-01 20:58:00,1.0804039
2025-01-01 20:59:00,1.0808226
2025-01-01 21:00:00,1.0812399
2025-01-01 21:01:00,1.0816557
2025-01-01 21:02:00,1.08207
2025-01-01 21:03:00,1.0824827
2025-01-01 21:04:00,1.0828938
2025-01-01 21:05:00,1.0833033
2025-01-01 21:06:00,1.0837114
2025-01-01 21:07:00,1.0841179
2025-01-01 21:08:00,1.0845226
2025-01-01 21:09:00,1.0849257
2025-01-01 21:10:00,1.0853273
2025-01-01 21:11:00,1.0857271
2025-01-01 21:12:00,1.0861251
2025-01-01 21:13:00,1.0865216
2025-01-01 21:14:00,1.0869166
2025-01-01 21:15:00,1.0873095
2025-01-01 21:16:00,1.0877008
2025-01-01 21:17:00,1.0880905
2025-01-01 21:18:00,1.0884786
2025-01-01 21:19:00,1.0888646
2025-01-01 21:20:00,1.089249
2025-01-01 21:21:00,1.0896318
2025-01-01 21:22:00,1.0900126
2025-01-01 21:23:00,1.0903916
2025-01-01 21:24:00,1.090769
2025-01-01 21:25:00,1.0911444
2025-01-01 21:26:00,1.0915183
2025-01-01 21:27:00,1.0918902
2025-01-01 21:28:00,1.0922602
2025-01-01 21:29:00,1.0926286
2025-01-01 21:30:00,1.092995
2025-01-01 21:31:00,1.0933597
2025-01-01 21:32:00,1.0937226
2025-01-01 21:33:00,1.0940837
2025-01-01 21:34:00,1.0944428
2025-01-01 21:35:00,1.0948001
2025-01-01 21:36:00,1.0951557
2025-01-01 21:37:00,1.0955094
2025-01-01 21:38:00,1.0958612
2025-01-01 21:39:00,1.0962113
2025-01-01 21:40:00,1.0965595
2025-01-01 21:41:00,1.0969057
2025-01-01 21:42:00,1.0972503
2025-01-01 21:43:00,1.0975931
2025-01-01 21:44:00,1.0979339
2025-01-01 21:45:00,1.0982729
2025-01-01 21:46:00,1.0986102
2025-01-01 21:47:00,1.0989455
2025-01-01 21:48:00,1.099279
2025-01-01 21:49:00,1.0996108
2025-01-01 21:50:00,1.0999408
2025-01-01 21:51:00,1.1002688
2025-01-01 21:52:00,1.1005952
2025-01-01 21:53:00,1.1009198
2025-01-01 21:54:00,1.1012425
2025-01-01 21:55:00,1.1015636
2025-01-01 21:56:00,1.1018828
2025-01-01 21:57:00,1.1022003
2025-01-01 21:58:00,1.1025159
2025-01-01 21:59:00,1.1028299
2025-01-01 22:00:00,1.1031421
2025-01-01 22:01:00,1.1034526
2025-01-01 22:02:00,1.1037614
2025-01-01 22:03:00,1.1040685
2025-01-01 22:04:00,1.1043738
2025-01-01 22:05:00,1.1046776
2025-01-01 22:06:00,1.1049795
2025-01-01 22:07:00,1.1052799
2025-01-01 22:08:00,1.1055785
2025-01-01 22:09:00,1.1058756
2025-01-01 22:10:00,1.1061711
2025-01-01 22:11:00,1.1064649
2025-01-01 22:12:00,1.106757
2025-01-01 22:13:00,1.1070478
2025-01-01 22:14:00,1.1073368
2025-01-01 22:15:00,1.1076243
2025-01-01 22:16:00,1.1079103
2025-01-01 22:17:00,1.1081946
2025-01-01 22:18:00,1.1084776
2025-01-01 22:19:00,1.108759
2025-01-01 22:20:00,1.109039
2025-01-01 22:21:00,1.1093175
2025-01-01 22:22:00,1.1095946
2025-01-01 22:23:00,1.1098702
2025-01-01 22:24:00,1.1101445
2025-01-01 22:25:00,1.1104174
2025-01-01 22:26:00,1.1106888
2025-01-01 22:27:00,1.1109589
2025-01-01 22:28:00,1.1112278
2025-01-01 22:29:00,1.1114953
2025-01-01 22:30:00,1.1117615
2025-01-01 22:31:00,1.1120263
2025-01-01 22:32:00,1.11229
2025-01-01 22:33:00,1.1125526
2025-01-01 22:34:00,1.1128137
2025-01-01 22:35:00,1.1130738
2025-01-01 22:36:00,1.1133329
2025-01-01 22:37:00,1.1135905
2025-01-01 22:38:00,1.1138471
2025-01-01 22:39:00,1.1141027
2025-01-01 22:40:00,1.1143571
2025-01-01 22:41:00,1.1146106
2025-01-01 22:42:00,1.114863
2025-01-01 22:43:00,1.1151143
2025-01-01 22:44:00,1.1153648
2025-01-01 22:45:00,1.1156143
2025-01-01 22:46:00,1.1158627
2025-01-01 22:47:00,1.1161104
2025-01-01 22:48:00,1.1163572
2025-01-01 22:49:00,1.1166031
2025-01-01 22:50:00,1.1168481
2025-01-01 22:51:00,1.1170924
2025-01-01 22:52:00,1.1173359
2025-01-01 22:53:00,1.1175785
2025-01-01 22:54:00,1.1178206
2025-01-01 22:55:00,1.1180619
2025-01-01 22:56:00,1.1183025
2025-01-01 22:57:00,1.1185426
2025-01-01 22:58:00,1.1187819
2025-01-01 22:59:00,1.1190207
2025-01-01 23:00:00,1.1192588
2025-01-01 23:01:00,1.1194965
2025-01-01 23:02:00,1.1197337
2025-01-01 23:03:00,1.1199703
2025-01-01 23:04:00,1.1202066
2025-01-01 23:05:00,1.1204424
2025-01-01 23:06:00,1.1206777
2025-01-01 23:07:00,1.1209127
2025-01-01 23:08:00,1.1211474
2025-01-01 23:09:00,1.1213818
2025-01-01 23:10:00,1.1216158
2025-01-01 23:11:00,1.1218497
2025-01-01 23:12:00,1.1220832
2025-01-01 23:13:00,1.1223166
2025-01-01 23:14:00,1.1225499
2025-01-01 23:15:00,1.122783
2025-01-01 23:16:00,1.1230159
2025-01-01 23:17:00,1.1232488
2025-01-01 23:18:00,1.1234816
2025-01-01 23:19:00,1.1237143
2025-01-01 23:20:00,1.1239473
2025-01-01 23:21:00,1.1241801
2025-01-01 23:22:00,1.124413
2025-01-01 23:23:00,1.124646
2025-01-01 23:24:00,1.1248791
2025-01-01 23:25:00,1.1251124
2025-01-01 23:26:00,1.1253458
2025-01-01 23:27:00,1.1255795
2025-01-01 23:28:00,1.1258134
2025-01-01 23:29:00,1.1260475
2025-01-01 23:30:00,1.126282
2025-01-01 23:31:00,1.1265168
2025-01-01 23:32:00,1.1267519
2025-01-01 23:33:00,1.1269875
2025-01-01 23:34:00,1.1272235
2025-01-01 23:35:00,1.1274598
2025-01-01 23:36:00,1.1276968
2025-01-01 23:37:00,1.1279341
2025-01-01 23:38:00,1.1281719
2025-01-01 23:39:00,1.1284105
2025-01-01 23:40:00,1.1286496
2025-01-01 23:41:00,1.1288893
2025-01-01 23:42:00,1.1291295
2025-01-01 23:43:00,1.1293706
2025-01-01 23:44:00,1.1296123
2025-01-01 23:45:00,1.1298547
2025-01-01 23:46:00,1.1300979
2025-01-01 23:47:00,1.130342
2025-01-01 23:48:00,1.1305869
2025-01-01 23:49:00,1.1308324
2025-01-01 23:50:00,1.131079
2025-01-01 23:51:00,1.1313264
2025-01-01 23:52:00,1.1315747
2025-01-01 23:53:00,1.1318241
2025-01-01 23:54:00,1.1320745
2025-01-01 23:55:00,1.1323256
2025-01-01 23:56:00,1.132578
2025-01-01 23:57:00,1.1328316
2025-01-01 23:58:00,1.133086
2025-01-01 23:59:00,1.1333417
