TIME,B_001_v000,B_001_v001
2025-01-01 00:01:00,1.0086448,1.3259625
2025-01-01 00:02:00,1.0089006,1.326057
2025-01-01 00:03:00,1.0091549,1.3261486
2025-01-01 00:04:00,1.0094078,1.3262377
2025-01-01 00:05:00,1.0096593,1.326324
2025-01-01 00:06:00,1.0099094,1.3264076
2025-01-01 00:07:00,1.0101581,1.3264886
2025-01-01 00:08:00,1.0104054,1.3265669
2025-01-01 00:09:00,1.0106515,1.3266428
2025-01-01 00:10:00,1.0108962,1.3267161
2025-01-01 00:11:00,1.0111398,1.3267869
2025-01-01 00:12:00,1.011382,1.3268551
2025-01-01 00:13:00,1.0116231,1.3269209
2025-01-01 00:14:00,1.011863,1.3269843
2025-01-01 00:15:00,1.0121017,1.3270452
2025-01-01 00:16:00,1.0123392,1.3271039
2025-01-01 00:17:00,1.0125757,1.3271601
2025-01-01 00:18:00,1.0128112,1.327214
2025-01-01 00:19:00,1.0130455,1.3272657
2025-01-01 00:20:00,1.0132788,1.3273151
2025-01-01 00:21:00,1.0135112,1.3273623
2025-01-01 00:22:00,1.0137426,1.3274072
2025-01-01 00:23:00,1.0139731,1.3274503
2025-01-01 00:24:00,1.0142026,1.327491
2025-01-01 00:25:00,1.0144312,1.3275297
2025-01-01 00:26:00,1.0146589,1.3275661
2025-01-01 00:27:00,1.0148859,1.3276007
2025-01-01 00:28:00,1.015112,1.3276333
2025-01-01 00:29:00,1.0153375,1.3276639
2025-01-01 00:30:00,1.015562,1.3276925
2025-01-01 00:31:00,1.0157859,1.3277193
2025-01-01 00:32:00,1.0160092,1.3277441
2025-01-01 00:33:00,1.0162318,1.3277673
2025-01-01 00:34:00,1.0164537,1.3277885
2025-01-01 00:35:00,1.016675,1.3278079
2025-01-01 00:36:00,1.0168958,1.3278257
2025-01-01 00:37:00,1.0171161,1.3278418
2025-01-01 00:38:00,1.0173358,1.3278561
2025-01-01 00:39:00,1.017555,1.3278688
2025-01-01 00:40:00,1.0177739,1.3278799
2025-01-01 00:41:00,1.0179923,1.3278894
2025-01-01 00:42:00,1.0182102,1.3278975
2025-01-01 00:43:00,1.0184278,1.327904
2025-01-01 00:44:00,1.018645,1.3279091
2025-01-01 00:45:00,1.018862,1.3279127
2025-01-01 00:46:00,1.0190787,1.3279148
2025-01-01 00:47:00,1.0192952,1.3279157
2025-01-01 00:48:00,1.0195115,1.3279152
2025-01-01 00:49:00,1.0197275,1.3279134
2025-01-01 00:50:00,1.0199434,1.3279103
2025-01-01 00:51:00,1.0201591,1.327906
2025-01-01 00:52:00,1.0203748,1.3279005
2025-01-01 00:53:00,1.0205904,1.3278939
2025-01-01 00:54:00,1.020806,1.3278861
2025-01-01 00:55:00,1.0210215,1.3278772
2025-01-01 00:56:00,1.021237,1.3278672
2025-01-01 00:57:00,1.0214527,1.3278562
2025-01-01 00:58:00,1.0216683,1.3278441
2025-01-01 00:59:00,1.0218841,1.3278311
2025-01-01 01:00:00,1.0221001,1.3278173
2025-01-01 01:01:00,1.0223162,1.3278024
2025-01-01 01:02:00,1.0225325,1.3277868
2025-01-01 01:03:00,1.022749,1.3277704
2025-01-01 01:04:00,1.0229657,1.327753
2025-01-01 01:05:00,1.0231827,1.327735
2025-01-01 01:06:00,1.0234001,1.3277161
2025-01-01 01:07:00,1.0236179,1.3276967
2025-01-01 01:08:00,1.0238359,1.3276765
2025-01-01 01:09:00,1.0240543,1.3276557
2025-01-01 01:10:00,1.0242732,1.3276343
2025-01-01 01:11:00,1.0244925,1.3276123
2025-01-01 01:12:00,1.0247122,1.3275898
2025-01-01 01:13:00,1.0249325,1.3275667
2025-01-01 01:14:00,1.0251533,1.3275433
2025-01-01 01:15:00,1.0253747,1.3275192
2025-01-01 01:16:00,1.0255966,1.3274949
2025-01-01 01:17:00,1.0258192,1.3274701
2025-01-01 01:18:00,1.0260423,1.327445
2025-01-01 01:19:00,1.0262662,1.3274196
2025-01-01 01:20:00,1.0264908,1.3273939
2025-01-01 01:21:00,1.026716,1.3273679
2025-01-01 01:22:00,1.026942,1.3273417
2025-01-01 01:23:00,1.0271688,1.3273153
2025-01-01 01:24:00,1.0273963,1.3272887
2025-01-01 01:25:00,1.0276247,1.327262
2025-01-01 01:26:00,1.027854,1.3272353
2025-01-01 01:27:00,1.028084,1.3272084
2025-01-01 01:28:00,1.028315,1.3271816
2025-01-01 01:29:00,1.0285469,1.3271546
2025-01-01 01:30:00,1.0287797,1.3271277
2025-01-01 01:31:00,1.0290135,1.3271008
2025-01-01 01:32:00,1.0292482,1.3270739
2025-01-01 01:33:00,1.029484,1.3270472
2025-01-01 01:34:00,1.0297209,1.3270206
2025-01-01 01:35:00,1.0299587,1.3269943
2025-01-01 01:36:00,1.0301977,1.326968
2025-01-01 01:37:00,1.0304378,1.326942
2025-01-01 01:38:00,1.030679,1.3269161
2025-01-01 01:39:00,1.0309213,1.3268906
2025-01-01 01:40:00,1.0311648,1.3268653
2025-01-01 01:41:00,1.0314095,1.3268404
2025-01-01 01:42:00,1.0316554,1.3268158
2025-01-01 01:43:00,1.0319026,1.3267915
2025-01-01 01:44:00,1.0321509,1.3267677
2025-01-01 01:45:00,1.0324005,1.3267443
2025-01-01 01:46:00,1.0326514,1.3267213
2025-01-01 01:47:00,1.0329037,1.3266988
2025-01-01 01:48:00,1.0331572,1.3266767
2025-01-01 01:49:00,1.0334121,1.3266551
2025-01-01 01:50:00,1.0336683,1.3266342
2025-01-01 01:51:00,1.0339261,1.3266139
2025-01-01 01:52:00,1.0341852,1.326594
2025-01-01 01:53:00,1.0344455,1.3265748
2025-01-01 01:54:00,1.0347074,1.3265562
2025-01-01 01:55:00,1.0349708,1.3265382
2025-01-01 01:56:00,1.0352355,1.3265209
2025-01-01 01:57:00,1.0355018,1.3265043
2025-01-01 01:58:00,1.0357696,1.3264884
2025-01-01 01:59:00,1.0360389,1.3264732
2025-01-01 02:00:00,1.0363096,1.3264588
2025-01-01 02:01:00,1.036582,1.3264452
2025-01-01 02:02:00,1.0368559,1.3264323
2025-01-01 02:03:00,1.0371313,1.3264203
2025-01-01 02:04:00,1.0374084,1.3264091
2025-01-01 02:05:00,1.037687,1.3263987
2025-01-01 02:06:00,1.0379672,1.3263892
2025-01-01 02:07:00,1.038249,1.3263806
2025-01-01 02:08:00,1.0385325,1.3263729
2025-01-01 02:09:00,1.0388176,1.3263661
2025-01-01 02:10:00,1.0391043,1.3263602
2025-01-01 02:11:00,1.0393928,1.3263552
2025-01-01 02:12:00,1.0396829,1.3263513
2025-01-01 02:13:00,1.0399746,1.3263483
2025-01-01 02:14:00,1.0402681,1.3263463
2025-01-01 02:15:00,1.0405632,1.3263453
2025-01-01 02:16:00,1.04086,1.3263454
2025-01-01 02:17:00,1.0411586,1.3263464
2025-01-01 02:18:00,1.0414588,1.3263485
2025-01-01 02:19:00,1.0417609,1.3263518
2025-01-01 02:20:00,1.0420645,1.3263559
2025-01-01 02:21:00,1.0423701,1.3263613
2025-01-01 02:22:00,1.0426773,1.3263677
2025-01-01 02:23:00,1.0429863,1.3263752
2025-01-01 02:24:00,1.0432969,1.326384
2025-01-01 02:25:00,1.0436094,1.3263937
2025-01-01 02:26:00,1.0439236,1.3264046
2025-01-01 02:27:00,1.0442396,1.3264167
2025-01-01 02:28:00,1.0445575,1.3264298
2025-01-01 02:29:00,1.0448769,1.3264443
2025-01-01 02:30:00,1.0451983,1.3264598
2025-01-01 02:31:00,1.0455214,1.3264766
2025-01-01 02:32:00,1.0458462,1.3264945
2025-01-01 02:33:00,1.0461729,1.3265135
2025-01-01 02:34:00,1.0465014,1.3265339
2025-01-01 02:35:00,1.0468316,1.3265555
2025-01-01 02:36:00,1.0471636,1.3265781
2025-01-01 02:37:00,1.0474974,1.3266021
2025-01-01 02:38:00,1.0478328,1.3266273
2025-01-01 02:39:00,1.0481702,1.3266536
2025-01-01 02:40:00,1.0485092,1.3266811
2025-01-01 02:41:00,1.04885,1.32671
2025-01-01 02:42:00,1.0491927,1.32674
2025-01-01 02:43:00,1.0495371,1.3267714
2025-01-01 02:44:00,1.0498831,1.3268038
2025-01-01 02:45:00,1.050231,1.3268377
2025-01-01 02:46:00,1.0505806,1.3268726
2025-01-01 02:47:00,1.0509319,1.3269088
2025-01-01 02:48:00,1.051285,1.3269464
2025-01-01 02:49:00,1.0516399,1.326985
2025-01-01 02:50:00,1.0519964,1.3270249
2025-01-01 02:51:00,1.0523547,1.3270662
2025-01-01 02:52:00,1.0527146,1.3271086
2025-01-01 02:53:00,1.0530763,1.3271523
2025-01-01 02:54:00,1.0534396,1.3271971
2025-01-01 02:55:00,1.0538046,1.3272432
2025-01-01 02:56:00,1.0541713,1.3272905
2025-01-01 02:57:00,1.0545397,1.327339
2025-01-01 02:58:00,1.0549096,1.3273889
2025-01-01 02:59:00,1.0552813,1.3274398
2025-01-01 03:00:00,1.0556545,1.327492
2025-01-01 03:01:00,1.0560294,1.3275454
2025-01-01 03:02:00,1.0564059,1.3275999
2025-01-01 03:03:00,1.0567839,1.3276557
2025-01-01 03:04:00,1.0571636,1.3277127
2025-01-01 03:05:00,1.0575448,1.3277707
2025-01-01 03:06:00,1.0579276,1.32783
2025-01-01 03:07:00,1.0583119,1.3278904
2025-01-01 03:08:00,1.0586977,1.3279519
2025-01-01 03:09:00,1.059085,1.3280146
2025-01-01 03:10:00,1.0594739,1.3280785
2025-01-01 03:11:00,1.0598642,1.3281434
2025-01-01 03:12:00,1.0602559,1.3282095
2025-01-01 03:13:00,1.060649,1.3282766
2025-01-01 03:14:00,1.0610436,1.3283448
2025-01-01 03:15:00,1.0614396,1.3284142
2025-01-01 03:16:00,1.0618371,1.3284845
2025-01-01 03:17:00,1.0622358,1.328556
2025-01-01 03:18:00,1.062636,1.3286285
2025-01-01 03:19:00,1.0630374,1.328702
2025-01-01 03:20:00,1.0634402,1.3287765
2025-01-01 03:21:00,1.0638442,1.3288519
2025-01-01 03:22:00,1.0642495,1.3289285
2025-01-01 03:23:00,1.064656,1.3290058
2025-01-01 03:24:00,1.0650638,1.3290843
2025-01-01 03:25:00,1.0654728,1.3291636
2025-01-01 03:26:00,1.0658829,1.3292438
2025-01-01 03:27:00,1.0662942,1.329325
2025-01-01 03:28:00,1.0667067,1.329407
2025-01-01 03:29:00,1.0671202,1.3294898
2025-01-01 03:30:00,1.0675349,1.3295736
2025-01-01 03:31:00,1.0679506,1.3296582
2025-01-01 03:32:00,1.0683674,1.3297435
2025-01-01 03:33:00,1.0687851,1.3298297
2025-01-01 03:34:00,1.0692039,1.3299167
2025-01-01 03:35:00,1.0696236,1.3300045
2025-01-01 03:36:00,1.0700442,1.3300929
2025-01-01 03:37:00,1.0704657,1.3301821
2025-01-01 03:38:00,1.0708882,1.330272
2025-01-01 03:39:00,1.0713115,1.3303626
2025-01-01 03:40:00,1.0717356,1.3304538
2025-01-01 03:41:00,1.0721605,1.3305455
2025-01-01 03:42:00,1.0725862,1.330638
2025-01-01 03:43:00,1.0730127,1.3307312
2025-01-01 03:44:00,1.0734398,1.3308247
2025-01-01 03:45:00,1.0738677,1.3309189
2025-01-01 03:46:00,1.0742962,1.3310136
2025-01-01 03:47:00,1.0747254,1.3311088
2025-01-01 03:48:00,1.075155,1.3312044
2025-01-01 03:49:00,1.0755854,1.3313006
2025-01-01 03:50:00,1.0760162,1.3313972
2025-01-01 03:51:00,1.0764476,1.3314941
2025-01-01 03:52:00,1.0768794,1.3315915
2025-01-01 03:53:00,1.0773116,1.3316891
2025-01-01 03:54:00,1.0777444,1.3317871
2025-01-01 03:55:00,1.0781775,1.3318855
2025-01-01 03:56:00,1.0786109,1.331984
2025-01-01 03:57:00,1.0790446,1.332083
2025-01-01 03:58:00,1.0794786,1.332182
2025-01-01 03:59:00,1.0799129,1.3322814
2025-01-01 04:00:00,1.0803474,1.3323808
2025-01-01 04:01:00,1.0807822,1.3324805
2025-01-01 04:02:00,1.081217,1.3325802
2025-01-01 04:03:00,1.0816519,1.3326801
2025-01-01 04:04:00,1.0820869,1.3327799
2025-01-01 04:05:00,1.082522,1.3328799
2025-01-01 04:06:00,1.0829571,1.3329798
2025-01-01 04:07:00,1.0833923,1.3330797
2025-01-01 04:08:00,1.0838273,1.3331796
2025-01-01 04:09:00,1.0842621,1.3332794
2025-01-01 04:10:00,1.0846969,1.333379
2025-01-01 04:11:00,1.0851316,1.3334786
2025-01-01 04:12:00,1.085566,1.3335779
2025-01-01 04:13:00,1.0860002,1.333677
2025-01-01 04:14:00,1.0864342,1.333776
2025-01-01 04:15:00,1.0868678,1.3338747
2025-01-01 04:16:00,1.0873011,1.3339732
2025-01-01 04:17:00,1.0877341,1.3340713
2025-01-01 04:18:00,1.0881666,1.334169
2025-01-01 04:19:00,1.0885986,1.3342664
2025-01-01 04:20:00,1.0890301,1.3343633
2025-01-01 04:21:00,1.0894612,1.3344599
2025-01-01 04:22:00,1.0898917,1.334556
2025-01-01 04:23:00,1.0903215,1.3346516
2025-01-01 04:24:00,1.0907508,1.3347466
2025-01-01 04:25:00,1.0911794,1.3348411
2025-01-01 04:26:00,1.0916073,1.3349351
2025-01-01 04:27:00,1.0920343,1.3350283
2025-01-01 04:28:00,1.0924608,1.3351209
2025-01-01 04:29:00,1.0928862,1.3352128
2025-01-01 04:30:00,1.0933108,1.3353041
2025-01-01 04:31:00,1.0937346,1.3353946
2025-01-01 04:32:00,1.0941575,1.3354843
2025-01-01 04:33:00,1.0945792,1.3355732
2025-01-01 04:34:00,1.095,1.3356613
2025-01-01 04:35:00,1.0954198,1.3357484
2025-01-01 04:36:00,1.0958384,1.3358347
2025-01-01 04:37:00,1.096256,1.33592
2025-01-01 04:38:00,1.0966724,1.3360044
2025-01-01 04:39:00,1.0970876,1.3360877
2025-01-01 04:40:00,1.0975015,1.3361701
2025-01-01 04:41:00,1.0979141,1.3362514
2025-01-01 04:42:00,1.0983255,1.3363315
2025-01-01 04:43:00,1.0987355,1.3364105
2025-01-01 04:44:00,1.099144,1.3364884
2025-01-01 04:45:00,1.0995512,1.3365651
2025-01-01 04:46:00,1.0999569,1.3366406
2025-01-01 04:47:00,1.100361,1.3367149
2025-01-01 04:48:00,1.1007636,1.3367877
2025-01-01 04:49:00,1.1011646,1.3368593
2025-01-01 04:50:00,1.101564,1.3369296
2025-01-01 04:51:00,1.1019617,1.3369983
2025-01-01 04:52:00,1.1023577,1.3370658
2025-01-01 04:53:00,1.102752,1.3371319
2025-01-01 04:54:00,1.1031445,1.3371964
2025-01-01 04:55:00,1.1035352,1.3372593
2025-01-01 04:56:00,1.103924,1.3373208
2025-01-01 04:57:00,1.104311,1.3373806
2025-01-01 04:58:00,1.104696,1.337439
2025-01-01 04:59:00,1.105079,1.3374956
2025-01-01 05:00:00,1.10546,1.3375505
2025-01-01 05:01:00,1.1058391,1.3376038
2025-01-01 05:02:00,1.106216,1.3376553
2025-01-01 05:03:00,1.1065909,1.3377051
2025-01-01 05:04:00,1.1069635,1.337753
2025-01-01 05:05:00,1.107334,1.3377993
2025-01-01 05:06:00,1.1077023,1.3378437
2025-01-01 05:07:00,1.1080682,1.3378861
2025-01-01 05:08:00,1.1084319,1.3379266
2025-01-01 05:09:00,1.1087934,1.3379653
2025-01-01 05:10:00,1.1091523,1.3380018
2025-01-01 05:11:00,1.109509,1.3380365
2025-01-01 05:12:00,1.1098632,1.3380691
2025-01-01 05:13:00,1.1102148,1.3380996
2025-01-01 05:14:00,1.110564,1.3381281
2025-01-01 05:15:00,1.1109107,1.3381544
2025-01-01 05:16:00,1.1112547,1.3381786
2025-01-01 05:17:00,1.1115961,1.3382007
2025-01-01 05:18:00,1.111935,1.3382206
2025-01-01 05:19:00,1.1122711,1.3382381
2025-01-01 05:20:00,1.1126045,1.3382535
2025-01-01 05:21:00,1.1129352,1.3382666
2025-01-01 05:22:00,1.1132631,1.3382773
2025-01-01 05:23:00,1.1135882,1.3382858
2025-01-01 05:24:00,1.1139104,1.3382919
2025-01-01 05:25:00,1.1142298,1.3382956
2025-01-01 05:26:00,1.1145462,1.3382968
2025-01-01 05:27:00,1.1148597,1.3382957
2025-01-01 05:28:00,1.1151704,1.3382921
2025-01-01 05:29:00,1.1154779,1.338286
2025-01-01 05:30:00,1.1157824,1.3382773
2025-01-01 05:31:00,1.1160839,1.3382661
2025-01-01 05:32:00,1.1163822,1.3382524
2025-01-01 05:33:00,1.1166774,1.3382361
2025-01-01 05:34:00,1.1169695,1.3382171
2025-01-01 05:35:00,1.1172583,1.3381956
2025-01-01 05:36:00,1.1175439,1.3381712
2025-01-01 05:37:00,1.1178263,1.3381443
2025-01-01 05:38:00,1.1181055,1.3381146
2025-01-01 05:39:00,1.1183813,1.3380823
2025-01-01 05:40:00,1.1186538,1.3380471
2025-01-01 05:41:00,1.118923,1.3380092
2025-01-01 05:42:00,1.1191887,1.3379686
2025-01-01 05:43:00,1.119451,1.3379251
2025-01-01 05:44:00,1.11971,1.3378787
2025-01-01 05:45:00,1.1199653,1.3378295
2025-01-01 05:46:00,1.1202173,1.3377775
2025-01-01 05:47:00,1.1204658,1.3377224
2025-01-01 05:48:00,1.1207106,1.3376646
2025-01-01 05:49:00,1.120952,1.3376038
2025-01-01 05:50:00,1.1211897,1.33754
2025-01-01 05:51:00,1.1214238,1.3374733
2025-01-01 05:52:00,1.1216544,1.3374035
2025-01-01 05:53:00,1.1218811,1.3373307
2025-01-01 05:54:00,1.1221043,1.337255
2025-01-01 05:55:00,1.1223238,1.3371762
2025-01-01 05:56:00,1.1225395,1.3370943
2025-01-01 05:57:00,1.1227515,1.3370094
2025-01-01 05:58:00,1.1229596,1.3369213
2025-01-01 05:59:00,1.123164,1.3368303
2025-01-01 06:00:00,1.1233647,1.336736
2025-01-01 06:01:00,1.1235614,1.3366386
2025-01-01 06:02:00,1.1237543,1.3365381
2025-01-01 06:03:00,1.1239433,1.3364344
2025-01-01 06:04:00,1.1241286,1.3363276
2025-01-01 06:05:00,1.1243098,1.3362175
2025-01-01 06:06:00,1.124487,1.3361043
2025-01-01 06:07:00,1.1246605,1.3359878
2025-01-01 06:08:00,1.1248299,1.3358682
2025-01-01 06:09:00,1.1249954,1.3357453
2025-01-01 06:10:00,1.1251569,1.3356192
2025-01-01 06:11:00,1.1253142,1.3354897
2025-01-01 06:12:00,1.1254677,1.3353572
2025-01-01 06:13:00,1.1256173,1.3352214
2025-01-01 06:14:00,1.1257626,1.3350822
2025-01-01 06:15:00,1.1259038,1.3349397
2025-01-01 06:16:00,1.126041,1.3347939
2025-01-01 06:17:00,1.1261742,1.3346448
2025-01-01 06:18:00,1.1263032,1.3344924
2025-01-01 06:19:00,1.1264281,1.3343368
2025-01-01 06:20:00,1.1265489,1.3341777
2025-01-01 06:21:00,1.1266656,1.3340154
2025-01-01 06:22:00,1.126778,1.3338498
2025-01-01 06:23:00,1.1268864,1.3336807
2025-01-01 06:24:00,1.1269906,1.3335084
2025-01-01 06:25:00,1.1270906,1.3333327
2025-01-01 06:26:00,1.1271864,1.3331536
2025-01-01 06:27:00,1.127278,1.3329712
2025-01-01 06:28:00,1.1273655,1.3327855
2025-01-01 06:29:00,1.1274487,1.3325964
2025-01-01 06:30:00,1.1275277,1.3324039
2025-01-01 06:31:00,1.1276025,1.3322082
2025-01-01 06:32:00,1.127673,1.332009
2025-01-01 06:33:00,1.1277394,1.3318064
2025-01-01 06:34:00,1.1278015,1.3316005
2025-01-01 06:35:00,1.1278595,1.3313913
2025-01-01 06:36:00,1.1279131,1.3311788
2025-01-01 06:37:00,1.1279625,1.3309628
2025-01-01 06:38:00,1.1280077,1.3307436
2025-01-01 06:39:00,1.1280485,1.3305209
2025-01-01 06:40:00,1.1280851,1.330295
2025-01-01 06:41:00,1.1281176,1.3300656
2025-01-01 06:42:00,1.1281457,1.3298329
2025-01-01 06:43:00,1.1281697,1.329597
2025-01-01 06:44:00,1.1281893,1.3293577
2025-01-01 06:45:00,1.1282047,1.3291152
2025-01-01 06:46:00,1.1282159,1.3288692
2025-01-01 06:47:00,1.1282228,1.32862
2025-01-01 06:48:00,1.1282254,1.3283675
2025-01-01 06:49:00,1.1282239,1.3281116
2025-01-01 06:50:00,1.128218,1.3278525
2025-01-01 06:51:00,1.128208,1.3275902
2025-01-01 06:52:00,1.1281937,1.3273246
2025-01-01 06:53:00,1.1281753,1.3270557
2025-01-01 06:54:00,1.1281526,1.3267835
2025-01-01 06:55:00,1.1281258,1.3265084
2025-01-01 06:56:00,1.1280947,1.3262298
2025-01-01 06:57:00,1.1280594,1.325948
2025-01-01 06:58:00,1.1280198,1.3256631
2025-01-01 06:59:00,1.1279762,1.325375
2025-01-01 07:00:00,1.1279283,1.3250836
2025-01-01 07:01:00,1.1278763,1.3247892
2025-01-01 07:02:00,1.12782,1.3244915
2025-01-01 07:03:00,1.1277597,1.3241907
2025-01-01 07:04:00,1.1276952,1.3238869
2025-01-01 07:05:00,1.1276267,1.3235799
2025-01-01 07:06:00,1.1275539,1.32327
2025-01-01 07:07:00,1.1274772,1.3229568
2025-01-01 07:08:00,1.1273962,1.3226407
2025-01-01 07:09:00,1.1273112,1.3223215
2025-01-01 07:10:00,1.1272222,1.3219993
2025-01-01 07:11:00,1.1271291,1.3216741
2025-01-01 07:12:00,1.127032,1.3213459
2025-01-01 07:13:00,1.1269308,1.3210149
2025-01-01 07:14:00,1.1268257,1.3206807
2025-01-01 07:15:00,1.1267166,1.3203437
2025-01-01 07:16:00,1.1266035,1.3200039
2025-01-01 07:17:00,1.1264864,1.3196611
2025-01-01 07:18:00,1.1263654,1.3193156
2025-01-01 07:19:00,1.1262405,1.3189671
2025-01-01 07:20:00,1.1261116,1.3186159
2025-01-01 07:21:00,1.125979,1.3182619
2025-01-01 07:22:00,1.1258423,1.3179051
2025-01-01 07:23:00,1.1257019,1.3175455
2025-01-01 07:24:00,1.1255577,1.3171833
2025-01-01 07:25:00,1.1254096,1.3168182
2025-01-01 07:26:00,1.1252577,1.3164507
2025-01-01 07:27:00,1.1251022,1.3160805
2025-01-01 07:28:00,1.1249428,1.3157076
2025-01-01 07:29:00,1.1247797,1.315332
2025-01-01 07:30:00,1.1246129,1.314954
2025-01-01 07:31:00,1.1244425,1.3145734
2025-01-01 07:32:00,1.1242683,1.3141904
2025-01-01 07:33:00,1.1240906,1.3138047
2025-01-01 07:34:00,1.1239092,1.3134167
2025-01-01 07:35:00,1.1237242,1.3130263
2025-01-01 07:36:00,1.1235358,1.3126335
2025-01-01 07:37:00,1.1233437,1.3122382
2025-01-01 07:38:00,1.1231482,1.3118407
2025-01-01 07:39:00,1.1229492,1.3114408
2025-01-01 07:40:00,1.1227468,1.3110387
2025-01-01 07:41:00,1.122541,1.3106344
2025-01-01 07:42:00,1.1223316,1.3102278
2025-01-01 07:43:00,1.122119,1.309819
2025-01-01 07:44:00,1.121903,1.309408
2025-01-01 07:45:00,1.1216836,1.3089949
2025-01-01 07:46:00,1.121461,1.3085798
2025-01-01 07:47:00,1.1212351,1.3081625
2025-01-01 07:48:00,1.121006,1.3077433
2025-01-01 07:49:00,1.1207738,1.307322
2025-01-01 07:50:00,1.1205382,1.3068988
2025-01-01 07:51:00,1.1202997,1.3064736
2025-01-01 07:52:00,1.120058,1.3060466
2025-01-01 07:53:00,1.1198131,1.3056178
2025-01-01 07:54:00,1.1195652,1.305187
2025-01-01 07:55:00,1.1193144,1.3047546
2025-01-01 07:56:00,1.1190605,1.3043203
2025-01-01 07:57:00,1.1188037,1.3038844
2025-01-01 07:58:00,1.1185441,1.3034468
2025-01-01 07:59:00,1.1182815,1.3030075
2025-01-01 08:00:00,1.118016,1.3025665
2025-01-01 08:01:00,1.1177477,1.3021241
2025-01-01 08:02:00,1.1174767,1.3016801
2025-01-01 08:03:00,1.1172028,1.3012346
2025-01-01 08:04:00,1.1169263,1.3007877
2025-01-01 08:05:00,1.1166471,1.3003393
2025-01-01 08:06:00,1.1163652,1.2998896
2025-01-01 08:07:00,1.1160808,1.2994385
2025-01-01 08:08:00,1.1157937,1.2989861
2025-01-01 08:09:00,1.115504,1.2985325
2025-01-01 08:10:00,1.115212,1.2980776
2025-01-01 08:11:00,1.1149174,1.2976215
2025-01-01 08:12:00,1.1146204,1.2971642
2025-01-01 08:13:00,1.114321,1.296706
2025-01-01 08:14:00,1.1140193,1.2962465
2025-01-01 08:15:00,1.1137152,1.2957861
2025-01-01 08:16:00,1.1134088,1.2953247
2025-01-01 08:17:00,1.1131002,1.2948623
2025-01-01 08:18:00,1.1127893,1.294399
2025-01-01 08:19:00,1.1124763,1.2939348
2025-01-01 08:20:00,1.1121612,1.2934699
2025-01-01 08:21:00,1.1118438,1.293004
2025-01-01 08:22:00,1.1115246,1.2925376
2025-01-01 08:23:00,1.1112033,1.2920705
2025-01-01 08:24:00,1.11088,1.2916026
2025-01-01 08:25:00,1.1105548,1.291134
2025-01-01 08:26:00,1.1102276,1.290665
2025-01-01 08:27:00,1.1098986,1.2901953
2025-01-01 08:28:00,1.1095678,1.2897252
2025-01-01 08:29:00,1.109235,1.2892547
2025-01-01 08:30:00,1.1089007,1.2887837
2025-01-01 08:31:00,1.1085646,1.2883123
2025-01-01 08:32:00,1.1082268,1.2878406
2025-01-01 08:33:00,1.1078874,1.2873687
2025-01-01 08:34:00,1.1075463,1.2868963
2025-01-01 08:35:00,1.1072038,1.2864239
2025-01-01 08:36:00,1.1068597,1.2859514
2025-01-01 08:37:00,1.1065142,1.2854786
2025-01-01 08:38:00,1.1061672,1.2850058
2025-01-01 08:39:00,1.1058189,1.284533
2025-01-01 08:40:00,1.1054691,1.2840602
2025-01-01 08:41:00,1.1051182,1.2835875
2025-01-01 08:42:00,1.1047659,1.2831148
2025-01-01 08:43:00,1.1044123,1.2826422
2025-01-01 08:44:00,1.1040576,1.2821699
2025-01-01 08:45:00,1.1037017,1.2816979
2025-01-01 08:46:00,1.1033448,1.2812259
2025-01-01 08:47:00,1.1029867,1.2807544
2025-01-01 08:48:00,1.1026276,1.2802832
2025-01-01 08:49:00,1.1022676,1.2798125
2025-01-01 08:50:00,1.1019065,1.279342
2025-01-01 08:51:00,1.1015447,1.2788723
2025-01-01 08:52:00,1.1011819,1.2784028
2025-01-01 08:53:00,1.1008183,1.2779341
2025-01-01 08:54:00,1.1004539,1.2774658
2025-01-01 08:55:00,1.1000887,1.2769983
2025-01-01 08:56:00,1.0997229,1.2765315
2025-01-01 08:57:00,1.0993564,1.2760652
2025-01-01 08:58:00,1.0989892,1.2756
2025-01-01 08:59:00,1.0986216,1.2751354
2025-01-01 09:00:00,1.0982534,1.2746718
2025-01-01 09:01:00,1.0978845,1.2742089
2025-01-01 09:02:00,1.0975153,1.2737471
2025-01-01 09:03:00,1.0971457,1.2732862
2025-01-01 09:04:00,1.0967757,1.2728264
2025-01-01 09:05:00,1.0964053,1.2723677
2025-01-01 09:06:00,1.0960345,1.2719101
2025-01-01 09:07:00,1.0956635,1.2714535
2025-01-01 09:08:00,1.0952926,1.2709984
2025-01-01 09:09:00,1.0949211,1.2705443
2025-01-01 09:10:00,1.0945497,1.2700914
2025-01-01 09:11:00,1.0941781,1.26964
2025-01-01 09:12:00,1.0938063,1.2691898
2025-01-01 09:13:00,1.0934346,1.268741
2025-01-01 09:14:00,1.0930629,1.2682937
2025-01-01 09:15:00,1.0926912,1.2678479
2025-01-01 09:16:00,1.0923196,1.2674035
2025-01-01 09:17:00,1.091948,1.2669607
2025-01-01 09:18:00,1.0915768,1.2665195
2025-01-01 09:19:00,1.0912056,1.26608
2025-01-01 09:20:00,1.0908347,1.265642
2025-01-01 09:21:00,1.0904641,1.2652059
2025-01-01 09:22:00,1.0900939,1.2647715
2025-01-01 09:23:00,1.0897238,1.2643387
2025-01-01 09:24:00,1.0893543,1.2639079
2025-01-01 09:25:00,1.0889851,1.2634789
2025-01-01 09:26:00,1.0886164,1.2630517
2025-01-01 09:27:00,1.0882481,1.2626266
2025-01-01 09:28:00,1.0878804,1.2622035
2025-01-01 09:29:00,1.0875133,1.2617823
2025-01-01 09:30:00,1.0871468,1.2613631
2025-01-01 09:31:00,1.0867808,1.260946
2025-01-01 09:32:00,1.0864156,1.2605311
2025-01-01 09:33:00,1.086051,1.2601182
2025-01-01 09:34:00,1.0856873,1.2597077
2025-01-01 09:35:00,1.0853242,1.2592993
2025-01-01 09:36:00,1.084962,1.2588931
2025-01-01 09:37:00,1.0846006,1.2584893
2025-01-01 09:38:00,1.0842401,1.2580878
2025-01-01 09:39:00,1.0838804,1.2576886
2025-01-01 09:40:00,1.0835217,1.2572918
2025-01-01 09:41:00,1.083164,1.2568974
2025-01-01 09:42:00,1.0828073,1.2565055
2025-01-01 09:43:00,1.0824516,1.2561162
2025-01-01 09:44:00,1.0820969,1.2557292
2025-01-01 09:45:00,1.0817435,1.2553449
2025-01-01 09:46:00,1.081391,1.2549632
2025-01-01 09:47:00,1.0810398,1.254584
2025-01-01 09:48:00,1.0806897,1.2542075
2025-01-01 09:49:00,1.0803409,1.2538337
2025-01-01 09:50:00,1.0799934,1.2534627
2025-01-01 09:51:00,1.0796471,1.2530942
2025-01-01 09:52:00,1.079302,1.2527287
2025-01-01 09:53:00,1.0789583,1.2523658
2025-01-01 09:54:00,1.0786159,1.2520058
2025-01-01 09:55:00,1.078275,1.2516487
2025-01-01 09:56:00,1.0779355,1.2512944
2025-01-01 09:57:00,1.0775974,1.250943
2025-01-01 09:58:00,1.0772607,1.2505945
2025-01-01 09:59:00,1.0769255,1.250249
2025-01-01 10:00:00,1.076592,1.2499065
2025-01-01 10:01:00,1.0762599,1.249567
2025-01-01 10:02:00,1.0759294,1.2492306
2025-01-01 10:03:00,1.0756005,1.2488972
2025-01-01 10:04:00,1.0752732,1.2485669
2025-01-01 10:05:00,1.0749475,1.2482396
2025-01-01 10:06:00,1.0746236,1.2479156
2025-01-01 10:07:00,1.0743012,1.2475947
2025-01-01 10:08:00,1.0739807,1.2472769
2025-01-01 10:09:00,1.0736618,1.2469624
2025-01-01 10:10:00,1.0733448,1.246651
2025-01-01 10:11:00,1.0730295,1.246343
2025-01-01 10:12:00,1.072716,1.2460382
2025-01-01 10:13:00,1.0724043,1.2457366
2025-01-01 10:14:00,1.0720944,1.2454385
2025-01-01 10:15:00,1.0717865,1.2451435
2025-01-01 10:16:00,1.0714804,1.244852
2025-01-01 10:17:00,1.0711762,1.2445638
2025-01-01 10:18:00,1.0708739,1.2442789
2025-01-01 10:19:00,1.0705736,1.2439976
2025-01-01 10:20:00,1.0702752,1.2437196
2025-01-01 10:21:00,1.0699787,1.243445
2025-01-01 10:22:00,1.0696843,1.2431738
2025-01-01 10:23:00,1.0693918,1.2429062
2025-01-01 10:24:00,1.0691015,1.242642
2025-01-01 10:25:00,1.0688131,1.2423813
2025-01-01 10:26:00,1.0685267,1.2421242
2025-01-01 10:27:00,1.0682425,1.2418705
2025-01-01 10:28:00,1.0679604,1.2416204
2025-01-01 10:29:00,1.0676802,1.2413739
2025-01-01 10:30:00,1.0674024,1.241131
2025-01-01 10:31:00,1.0671264,1.2408915
2025-01-01 10:32:00,1.0668527,1.2406557
2025-01-01 10:33:00,1.0665811,1.2404234
2025-01-01 10:34:00,1.0663117,1.2401948
2025-01-01 10:35:00,1.0660446,1.23997
2025-01-01 10:36:00,1.0657794,1.2397486
2025-01-01 10:37:00,1.0655166,1.2395308
2025-01-01 10:38:00,1.0652559,1.2393167
2025-01-01 10:39:00,1.0649974,1.2391063
2025-01-01 10:40:00,1.0647411,1.2388996
2025-01-01 10:41:00,1.0644871,1.2386965
2025-01-01 10:42:00,1.0642352,1.238497
2025-01-01 10:43:00,1.0639857,1.2383013
2025-01-01 10:44:00,1.0637383,1.2381092
2025-01-01 10:45:00,1.0634933,1.2379209
2025-01-01 10:46:00,1.0632504,1.2377362
2025-01-01 10:47:00,1.0630099,1.2375554
2025-01-01 10:48:00,1.0627716,1.2373781
2025-01-01 10:49:00,1.0625355,1.2372046
2025-01-01 10:50:00,1.0623018,1.2370348
2025-01-01 10:51:00,1.0620703,1.2368686
2025-01-01 10:52:00,1.0618411,1.2367063
2025-01-01 10:53:00,1.0616142,1.2365477
2025-01-01 10:54:00,1.0613896,1.2363927
2025-01-01 10:55:00,1.0611672,1.2362415
2025-01-01 10:56:00,1.0609472,1.236094
2025-01-01 10:57:00,1.0607295,1.2359502
2025-01-01 10:58:00,1.060514,1.2358102
2025-01-01 10:59:00,1.0603008,1.2356739
2025-01-01 11:00:00,1.06009,1.2355412
2025-01-01 11:01:00,1.0598814,1.2354124
2025-01-01 11:02:00,1.0596751,1.2352872
2025-01-01 11:03:00,1.0594711,1.2351657
2025-01-01 11:04:00,1.0592694,1.2350479
2025-01-01 11:05:00,1.05907,1.2349339
2025-01-01 11:06:00,1.0588728,1.2348235
2025-01-01 11:07:00,1.0586779,1.2347168
2025-01-01 11:08:00,1.0584854,1.2346138
2025-01-01 11:09:00,1.058295,1.2345145
2025-01-01 11:10:00,1.0581069,1.2344187
2025-01-01 11:11:00,1.0579212,1.2343267
2025-01-01 11:12:00,1.0577376,1.2342384
2025-01-01 11:13:00,1.0575563,1.2341537
2025-01-01 11:14:00,1.0573771,1.2340727
2025-01-01 11:15:00,1.0572003,1.2339952
2025-01-01 11:16:00,1.0570257,1.2339214
2025-01-01 11:17:00,1.0568534,1.2338513
2025-01-01 11:18:00,1.0566832,1.2337848
2025-01-01 11:19:00,1.0565151,1.2337217
2025-01-01 11:20:00,1.0563493,1.2336624
2025-01-01 11:21:00,1.0561856,1.2336065
2025-01-01 11:22:00,1.0560242,1.2335541
2025-01-01 11:23:00,1.0558648,1.2335054
2025-01-01 11:24:00,1.0557077,1.2334602
2025-01-01 11:25:00,1.0555526,1.2334185
2025-01-01 11:26:00,1.0553997,1.2333802
2025-01-01 11:27:00,1.055249,1.2333455
2025-01-01 11:28:00,1.0551002,1.2333143
2025-01-01 11:29:00,1.0549536,1.2332864
2025-01-01 11:30:00,1.054809,1.2332621
2025-01-01 11:31:00,1.0546665,1.2332411
2025-01-01 11:32:00,1.0545261,1.2332236
2025-01-01 11:33:00,1.0543877,1.2332094
2025-01-01 11:34:00,1.0542513,1.2331986
2025-01-01 11:35:00,1.0541168,1.2331913
2025-01-01 11:36:00,1.0539845,1.2331872
2025-01-01 11:37:00,1.053854,1.2331864
2025-01-01 11:38:00,1.0537256,1.233189
2025-01-01 11:39:00,1.053599,1.2331948
2025-01-01 11:40:00,1.0534743,1.2332039
2025-01-01 11:41:00,1.0533516,1.2332162
2025-01-01 11:42:00,1.0532308,1.2332318
2025-01-01 11:43:00,1.0531118,1.2332505
2025-01-01 11:44:00,1.0529946,1.2332724
2025-01-01 11:45:00,1.0528793,1.2332976
2025-01-01 11:46:00,1.0527657,1.2333257
2025-01-01 11:47:00,1.052654,1.2333572
2025-01-01 11:48:00,1.0525441,1.2333915
2025-01-01 11:49:00,1.0524359,1.2334291
2025-01-01 11:50:00,1.0523294,1.2334696
2025-01-01 11:51:00,1.0522246,1.2335132
2025-01-01 11:52:00,1.0521216,1.2335598
2025-01-01 11:53:00,1.0520202,1.2336093
2025-01-01 11:54:00,1.0519204,1.2336619
2025-01-01 11:55:00,1.0518223,1.2337173
2025-01-01 11:56:00,1.0517257,1.2337756
2025-01-01 11:57:00,1.0516307,1.2338368
2025-01-01 11:58:00,1.0515374,1.2339009
2025-01-01 11:59:00,1.0514455,1.2339678
2025-01-01 12:00:00,1.0513551,1.2340374
2025-01-01 12:01:00,1.0512662,1.2341099
2025-01-01 12:02:00,1.0511789,1.2341852
2025-01-01 12:03:00,1.051093,1.2342631
2025-01-01 12:04:00,1.0510083,1.2343436
2025-01-01 12:05:00,1.0509251,1.234427
2025-01-01 12:06:00,1.0508434,1.2345128
2025-01-01 12:07:00,1.0507629,1.2346014
2025-01-01 12:08:00,1.0506837,1.2346923
2025-01-01 12:09:00,1.0506058,1.234786
2025-01-01 12:10:00,1.0505292,1.2348821
2025-01-01 12:11:00,1.0504539,1.2349808
2025-01-01 12:12:00,1.0503796,1.2350819
2025-01-01 12:13:00,1.0503067,1.2351854
2025-01-01 12:14:00,1.0502349,1.2352914
2025-01-01 12:15:00,1.0501642,1.2353996
2025-01-01 12:16:00,1.0500946,1.2355102
2025-01-01 12:17:00,1.050026,1.2356232
2025-01-01 12:18:00,1.0499586,1.2357385
2025-01-01 12:19:00,1.0498922,1.2358559
2025-01-01 12:20:00,1.0498267,1.2359756
2025-01-01 12:21:00,1.0497622,1.2360976
2025-01-01 12:22:00,1.0496987,1.2362216
2025-01-01 12:23:00,1.0496361,1.2363477
2025-01-01 12:24:00,1.0495744,1.236476
2025-01-01 12:25:00,1.0495136,1.2366062
2025-01-01 12:26:00,1.0494535,1.2367387
2025-01-01 12:27:00,1.0493942,1.236873
2025-01-01 12:28:00,1.0493357,1.2370093
2025-01-01 12:29:00,1.049278,1.2371476
2025-01-01 12:30:00,1.049221,1.2372876
2025-01-01 12:31:00,1.0491647,1.2374297
2025-01-01 12:32:00,1.049109,1.2375735
2025-01-01 12:33:00,1.0490539,1.2377192
2025-01-01 12:34:00,1.0489995,1.2378666
2025-01-01 12:35:00,1.0489457,1.2380158
2025-01-01 12:36:00,1.0488923,1.2381666
2025-01-01 12:37:00,1.0488394,1.2383192
2025-01-01 12:38:00,1.0487871,1.2384733
2025-01-01 12:39:00,1.0487351,1.2386291
2025-01-01 12:40:00,1.0486838,1.2387865
2025-01-01 12:41:00,1.0486326,1.2389452
2025-01-01 12:42:00,1.0485818,1.2391057
2025-01-01 12:43:00,1.0485315,1.2392676
2025-01-01 12:44:00,1.0484816,1.2394309
2025-01-01 12:45:00,1.0484318,1.2395957
2025-01-01 12:46:00,1.0483822,1.2397617
2025-01-01 12:47:00,1.0483328,1.2399291
2025-01-01 12:48:00,1.0482837,1.2400978
2025-01-01 12:49:00,1.0482347,1.2402678
2025-01-01 12:50:00,1.0481858,1.2404389
2025-01-01 12:51:00,1.0481371,1.2406113
2025-01-01 12:52:00,1.0480883,1.2407849
2025-01-01 12:53:00,1.0480397,1.2409595
2025-01-01 12:54:00,1.047991,1.2411354
2025-01-01 12:55:00,1.0479424,1.2413123
2025-01-01 12:56:00,1.0478936,1.2414901
2025-01-01 12:57:00,1.0478449,1.241669
2025-01-01 12:58:00,1.047796,1.241849
2025-01-01 12:59:00,1.0477469,1.2420297
2025-01-01 13:00:00,1.0476978,1.2422115
2025-01-01 13:01:00,1.0476483,1.242394
2025-01-01 13:02:00,1.0475987,1.2425774
2025-01-01 13:03:00,1.0475489,1.2427616
2025-01-01 13:04:00,1.0474987,1.2429465
2025-01-01 13:05:00,1.0474483,1.2431322
2025-01-01 13:06:00,1.0473975,1.2433187
2025-01-01 13:07:00,1.0473464,1.2435057
2025-01-01 13:08:00,1.0472949,1.2436935
2025-01-01 13:09:00,1.0472429,1.2438817
2025-01-01 13:10:00,1.0471904,1.2440706
2025-01-01 13:11:00,1.0471376,1.2442601
2025-01-01 13:12:00,1.0470842,1.24445
2025-01-01 13:13:00,1.0470303,1.2446405
2025-01-01 13:14:00,1.0469759,1.2448313
2025-01-01 13:15:00,1.0469208,1.2450225
2025-01-01 13:16:00,1.0468651,1.2452142
2025-01-01 13:17:00,1.0468088,1.2454062
2025-01-01 13:18:00,1.0467519,1.2455986
2025-01-01 13:19:00,1.0466942,1.2457911
2025-01-01 13:20:00,1.0466359,1.245984
2025-01-01 13:21:00,1.0465767,1.2461771
2025-01-01 13:22:00,1.0465169,1.2463703
2025-01-01 13:23:00,1.0464562,1.2465638
2025-01-01 13:24:00,1.0463947,1.2467574
2025-01-01 13:25:00,1.0463324,1.246951
2025-01-01 13:26:00,1.0462692,1.2471448
2025-01-01 13:27:00,1.0462052,1.2473387
2025-01-01 13:28:00,1.0461401,1.2475324
2025-01-01 13:29:00,1.0460742,1.2477262
2025-01-01 13:30:00,1.0460074,1.2479202
2025-01-01 13:31:00,1.0459396,1.2481139
2025-01-01 13:32:00,1.0458707,1.2483075
2025-01-01 13:33:00,1.0458007,1.248501
2025-01-01 13:34:00,1.0457298,1.2486942
2025-01-01 13:35:00,1.0456576,1.2488874
2025-01-01 13:36:00,1.0455844,1.2490803
2025-01-01 13:37:00,1.0455102,1.2492731
2025-01-01 13:38:00,1.0454347,1.2494655
2025-01-01 13:39:00,1.0453582,1.2496576
2025-01-01 13:40:00,1.0452803,1.2498494
2025-01-01 13:41:00,1.0452013,1.250041
2025-01-01 13:42:00,1.0451212,1.2502321
2025-01-01 13:43:00,1.0450397,1.2504228
2025-01-01 13:44:00,1.0449569,1.2506132
2025-01-01 13:45:00,1.0448729,1.250803
2025-01-01 13:46:00,1.0447875,1.2509924
2025-01-01 13:47:00,1.0447009,1.2511814
2025-01-01 13:48:00,1.0446129,1.2513698
2025-01-01 13:49:00,1.0445236,1.2515577
2025-01-01 13:50:00,1.0444328,1.251745
2025-01-01 13:51:00,1.0443406,1.2519318
2025-01-01 13:52:00,1.0442472,1.2521179
2025-01-01 13:53:00,1.0441521,1.2523034
2025-01-01 13:54:00,1.0440557,1.2524883
2025-01-01 13:55:00,1.0439578,1.2526724
2025-01-01 13:56:00,1.0438584,1.2528559
2025-01-01 13:57:00,1.0437576,1.2530388
2025-01-01 13:58:00,1.0436552,1.2532208
2025-01-01 13:59:00,1.0435513,1.2534021
2025-01-01 14:00:00,1.0434458,1.2535826
2025-01-01 14:01:00,1.0433389,1.2537624
2025-01-01 14:02:00,1.0432303,1.2539413
2025-01-01 14:03:00,1.0431201,1.2541194
2025-01-01 14:04:00,1.0430084,1.2542967
2025-01-01 14:05:00,1.0428951,1.2544731
2025-01-01 14:06:00,1.0427802,1.2546486
2025-01-01 14:07:00,1.0426636,1.2548232
2025-01-01 14:08:00,1.0425453,1.2549969
2025-01-01 14:09:00,1.0424255,1.2551696
2025-01-01 14:10:00,1.042304,1.2553415
2025-01-01 14:11:00,1.0421809,1.2555125
2025-01-01 14:12:00,1.0420561,1.2556823
2025-01-01 14:13:00,1.0419295,1.2558513
2025-01-01 14:14:00,1.0418012,1.2560191
2025-01-01 14:15:00,1.0416713,1.256186
2025-01-01 14:16:00,1.0415397,1.2563517
2025-01-01 14:17:00,1.0414063,1.2565166
2025-01-01 14:18:00,1.0412711,1.2566803
2025-01-01 14:19:00,1.0411344,1.256843
2025-01-01 14:20:00,1.0409957,1.2570045
2025-01-01 14:21:00,1.0408554,1.257165
2025-01-01 14:22:00,1.0407133,1.2573243
2025-01-01 14:23:00,1.0405695,1.2574825
2025-01-01 14:24:00,1.040424,1.2576396
2025-01-01 14:25:00,1.0402766,1.2577957
2025-01-01 14:26:00,1.0401275,1.2579504
2025-01-01 14:27:00,1.0399766,1.2581042
2025-01-01 14:28:00,1.039824,1.2582567
2025-01-01 14:29:00,1.0396695,1.2584081
2025-01-01 14:30:00,1.0395133,1.2585582
2025-01-01 14:31:00,1.0393554,1.2587072
2025-01-01 14:32:00,1.0391957,1.258855
2025-01-01 14:33:00,1.0390341,1.2590016
2025-01-01 14:34:00,1.0388708,1.2591469
2025-01-01 14:35:00,1.0387057,1.2592912
2025-01-01 14:36:00,1.0385388,1.2594341
2025-01-01 14:37:00,1.0383703,1.2595758
2025-01-01 14:38:00,1.0381998,1.2597164
2025-01-01 14:39:00,1.0380276,1.2598557
2025-01-01 14:40:00,1.0378537,1.2599938
2025-01-01 14:41:00,1.037678,1.2601306
2025-01-01 14:42:00,1.0375005,1.2602662
2025-01-01 14:43:00,1.0373213,1.2604007
2025-01-01 14:44:00,1.0371404,1.2605337
2025-01-01 14:45:00,1.0369576,1.2606657
2025-01-01 14:46:00,1.0367732,1.2607963
2025-01-01 14:47:00,1.036587,1.2609258
2025-01-01 14:48:00,1.036399,1.2610539
2025-01-01 14:49:00,1.0362095,1.2611809
2025-01-01 14:50:00,1.036018,1.2613065
2025-01-01 14:51:00,1.035825,1.261431
2025-01-01 14:52:00,1.0356302,1.2615542
2025-01-01 14:53:00,1.0354338,1.2616763
2025-01-01 14:54:00,1.0352356,1.2617971
2025-01-01 14:55:00,1.0350358,1.2619166
2025-01-01 14:56:00,1.0348344,1.262035
2025-01-01 14:57:00,1.0346315,1.2621522
2025-01-01 14:58:00,1.0344267,1.2622682
2025-01-01 14:59:00,1.0342203,1.2623829
2025-01-01 15:00:00,1.0340123,1.2624964
2025-01-01 15:01:00,1.0338027,1.2626088
2025-01-01 15:02:00,1.0335916,1.2627199
2025-01-01 15:03:00,1.0333788,1.2628299
2025-01-01 15:04:00,1.0331645,1.2629386
2025-01-01 15:05:00,1.0329486,1.2630463
2025-01-01 15:06:00,1.0327313,1.2631527
2025-01-01 15:07:00,1.0325123,1.2632581
2025-01-01 15:08:00,1.0322919,1.2633623
2025-01-01 15:09:00,1.0320699,1.2634653
2025-01-01 15:10:00,1.0318465,1.2635672
2025-01-01 15:11:00,1.0316217,1.2636681
2025-01-01 15:12:00,1.0313954,1.2637678
2025-01-01 15:13:00,1.0311677,1.2638665
2025-01-01 15:14:00,1.0309386,1.263964
2025-01-01 15:15:00,1.0307081,1.2640606
2025-01-01 15:16:00,1.0304762,1.2641561
2025-01-01 15:17:00,1.030243,1.2642505
2025-01-01 15:18:00,1.0300086,1.264344
2025-01-01 15:19:00,1.0297726,1.2644364
2025-01-01 15:20:00,1.0295355,1.2645278
2025-01-01 15:21:00,1.0292971,1.2646182
2025-01-01 15:22:00,1.0290575,1.2647077
2025-01-01 15:23:00,1.0288166,1.2647961
2025-01-01 15:24:00,1.0285745,1.2648838
2025-01-01 15:25:00,1.0283313,1.2649704
2025-01-01 15:26:00,1.0280869,1.2650561
2025-01-01 15:27:00,1.0278413,1.265141
2025-01-01 15:28:00,1.0275947,1.265225
2025-01-01 15:29:00,1.0273468,1.2653081
2025-01-01 15:30:00,1.0270981,1.2653905
2025-01-01 15:31:00,1.0268482,1.2654719
2025-01-01 15:32:00,1.0265974,1.2655528
2025-01-01 15:33:00,1.0263455,1.2656326
2025-01-01 15:34:00,1.0260928,1.2657118
2025-01-01 15:35:00,1.025839,1.2657902
2025-01-01 15:36:00,1.0255843,1.265868
2025-01-01 15:37:00,1.0253288,1.265945
2025-01-01 15:38:00,1.0250725,1.2660214
2025-01-01 15:39:00,1.0248152,1.2660971
2025-01-01 15:40:00,1.0245572,1.2661722
2025-01-01 15:41:00,1.0242984,1.2662466
2025-01-01 15:42:00,1.0240388,1.2663203
2025-01-01 15:43:00,1.0237786,1.2663937
2025-01-01 15:44:00,1.0235176,1.2664664
2025-01-01 15:45:00,1.023256,1.2665386
2025-01-01 15:46:00,1.0229938,1.2666103
2025-01-01 15:47:00,1.0227308,1.2666816
2025-01-01 15:48:00,1.0224675,1.2667522
2025-01-01 15:49:00,1.0222036,1.2668226
2025-01-01 15:50:00,1.021939,1.2668926
2025-01-01 15:51:00,1.0216742,1.266962
2025-01-01 15:52:00,1.0214088,1.2670313
2025-01-01 15:53:00,1.021143,1.2671002
2025-01-01 15:54:00,1.0208768,1.2671688
2025-01-01 15:55:00,1.0206102,1.2672371
2025-01-01 15:56:00,1.0203434,1.267305
2025-01-01 15:57:00,1.0200763,1.2673728
2025-01-01 15:58:00,1.0198089,1.2674404
2025-01-01 15:59:00,1.0195413,1.2675079
2025-01-01 16:00:00,1.0192735,1.2675751
2025-01-01 16:01:00,1.0190057,1.2676424
2025-01-01 16:02:00,1.0187376,1.2677094
2025-01-01 16:03:00,1.0184695,1.2677764
2025-01-01 16:04:00,1.0182012,1.2678434
2025-01-01 16:05:00,1.017933,1.2679104
2025-01-01 16:06:00,1.0176648,1.2679774
2025-01-01 16:07:00,1.0173967,1.2680444
2025-01-01 16:08:00,1.0171287,1.2681115
2025-01-01 16:09:00,1.0168607,1.2681787
2025-01-01 16:10:00,1.016593,1.268246
2025-01-01 16:11:00,1.0163255,1.2683136
2025-01-01 16:12:00,1.0160581,1.2683814
2025-01-01 16:13:00,1.015791,1.2684493
2025-01-01 16:14:00,1.0155244,1.2685175
2025-01-01 16:15:00,1.015258,1.2685859
2025-01-01 16:16:00,1.0149919,1.2686547
2025-01-01 16:17:00,1.0147263,1.2687238
2025-01-01 16:18:00,1.0144612,1.2687933
2025-01-01 16:19:00,1.0141965,1.2688633
2025-01-01 16:20:00,1.0139323,1.2689337
2025-01-01 16:21:00,1.0136688,1.2690045
2025-01-01 16:22:00,1.0134058,1.2690758
2025-01-01 16:23:00,1.0131434,1.2691476
2025-01-01 16:24:00,1.0128818,1.26922
2025-01-01 16:25:00,1.0126208,1.2692931
2025-01-01 16:26:00,1.0123607,1.2693667
2025-01-01 16:27:00,1.0121012,1.269441
2025-01-01 16:28:00,1.0118426,1.2695159
2025-01-01 16:29:00,1.0115849,1.2695916
2025-01-01 16:30:00,1.011328,1.269668
2025-01-01 16:31:00,1.011072,1.2697452
2025-01-01 16:32:00,1.0108172,1.2698232
2025-01-01 16:33:00,1.0105633,1.269902
2025-01-01 16:34:00,1.0103103,1.2699817
2025-01-01 16:35:00,1.0100586,1.2700624
2025-01-01 16:36:00,1.009808,1.270144
2025-01-01 16:37:00,1.0095584,1.2702265
2025-01-01 16:38:00,1.0093101,1.27031
2025-01-01 16:39:00,1.0090631,1.2703946
2025-01-01 16:40:00,1.0088174,1.2704802
2025-01-01 16:41:00,1.0085729,1.2705669
2025-01-01 16:42:00,1.0083299,1.2706548
2025-01-01 16:43:00,1.0080882,1.2707438
2025-01-01 16:44:00,1.007848,1.2708341
2025-01-01 16:45:00,1.0076092,1.2709255
2025-01-01 16:46:00,1.007372,1.2710181
2025-01-01 16:47:00,1.0071363,1.2711122
2025-01-01 16:48:00,1.0069022,1.2712075
2025-01-01 16:49:00,1.0066696,1.2713041
2025-01-01 16:50:00,1.0064389,1.2714022
2025-01-01 16:51:00,1.0062097,1.2715017
2025-01-01 16:52:00,1.0059824,1.2716025
2025-01-01 16:53:00,1.0057567,1.2717049
2025-01-01 16:54:00,1.005533,1.2718089
2025-01-01 16:55:00,1.005311,1.2719142
2025-01-01 16:56:00,1.005091,1.2720213
2025-01-01 16:57:00,1.0048729,1.2721299
2025-01-01 16:58:00,1.0046567,1.2722402
2025-01-01 16:59:00,1.0044426,1.2723521
2025-01-01 17:00:00,1.0042304,1.2724657
2025-01-01 17:01:00,1.0040205,1.2725811
2025-01-01 17:02:00,1.0038124,1.2726982
2025-01-01 17:03:00,1.0036067,1.2728171
2025-01-01 17:04:00,1.0034031,1.2729378
2025-01-01 17:05:00,1.0032018,1.2730604
2025-01-01 17:06:00,1.0030028,1.2731849
2025-01-01 17:07:00,1.002806,1.2733113
2025-01-01 17:08:00,1.0026115,1.2734395
2025-01-01 17:09:00,1.0024194,1.2735698
2025-01-01 17:10:00,1.0022296,1.273702
2025-01-01 17:11:00,1.0020423,1.2738364
2025-01-01 17:12:00,1.0018575,1.2739727
2025-01-01 17:13:00,1.0016752,1.2741112
2025-01-01 17:14:00,1.0014955,1.2742517
2025-01-01 17:15:00,1.0013183,1.2743944
2025-01-01 17:16:00,1.0011437,1.2745392
2025-01-01 17:17:00,1.0009718,1.2746862
2025-01-01 17:18:00,1.0008026,1.2748356
2025-01-01 17:19:00,1.0006361,1.2749871
2025-01-01 17:20:00,1.0004723,1.2751409
2025-01-01 17:21:00,1.0003113,1.275297
2025-01-01 17:22:00,1.0001531,1.2754555
2025-01-01 17:23:00,0.99999774,1.2756163
2025-01-01 17:24:00,0.99984527,1.2757795
2025-01-01 17:25:00,0.9996957,1.2759452
2025-01-01 17:26:00,0.9995491,1.2761132
2025-01-01 17:27:00,0.99940544,1.2762837
2025-01-01 17:28:00,0.99926484,1.2764567
2025-01-01 17:29:00,0.9991272,1.2766323
2025-01-01 17:30:00,0.9989927,1.2768104
2025-01-01 17:31:00,0.99886125,1.276991
2025-01-01 17:32:00,0.9987329,1.2771742
2025-01-01 17:33:00,0.99860775,1.2773601
2025-01-01 17:34:00,0.9984858,1.2775486
2025-01-01 17:35:00,0.9983671,1.2777398
2025-01-01 17:36:00,0.99825156,1.2779336
2025-01-01 17:37:00,0.9981393,1.2781302
2025-01-01 17:38:00,0.99803036,1.2783294
2025-01-01 17:39:00,0.99792475,1.2785314
2025-01-01 17:40:00,0.9978225,1.2787362
2025-01-01 17:41:00,0.9977237,1.2789438
2025-01-01 17:42:00,0.9976282,1.2791542
2025-01-01 17:43:00,0.9975362,1.2793674
2025-01-01 17:44:00,0.99744767,1.2795836
2025-01-01 17:45:00,0.9973626,1.2798024
2025-01-01 17:46:00,0.9972811,1.2800244
2025-01-01 17:47:00,0.99720305,1.2802491
2025-01-01 17:48:00,0.9971286,1.2804768
2025-01-01 17:49:00,0.9970578,1.2807076
2025-01-01 17:50:00,0.99699056,1.2809411
2025-01-01 17:51:00,0.99692696,1.2811778
2025-01-01 17:52:00,0.9968671,1.2814176
2025-01-01 17:53:00,0.9968109,1.2816602
2025-01-01 17:54:00,0.99675834,1.2819059
2025-01-01 17:55:00,0.9967095,1.2821547
2025-01-01 17:56:00,0.9966644,1.2824064
2025-01-01 17:57:00,0.9966231,1.2826614
2025-01-01 17:58:00,0.9965856,1.2829194
2025-01-01 17:59:00,0.99655193,1.2831806
2025-01-01 18:00:00,0.99652207,1.2834449
2025-01-01 18:01:00,0.996496,1.2837123
2025-01-01 18:02:00,0.99647385,1.2839829
2025-01-01 18:03:00,0.9964556,1.2842566
2025-01-01 18:04:00,0.99644125,1.2845335
2025-01-01 18:05:00,0.9964308,1.2848136
2025-01-01 18:06:00,0.9964243,1.2850969
2025-01-01 18:07:00,0.9964218,1.2853835
2025-01-01 18:08:00,0.99642324,1.2856733
2025-01-01 18:09:00,0.99642867,1.2859663
2025-01-01 18:10:00,0.9964381,1.2862625
2025-01-01 18:11:00,0.99645156,1.2865621
2025-01-01 18:12:00,0.9964691,1.2868649
2025-01-01 18:13:00,0.9964906,1.287171
2025-01-01 18:14:00,0.9965162,1.2874804
2025-01-01 18:15:00,0.9965459,1.287793
2025-01-01 18:16:00,0.99657965,1.2881091
2025-01-01 18:17:00,0.99661756,1.2884283
2025-01-01 18:18:00,0.9966595,1.2887509
2025-01-01 18:19:00,0.99670565,1.2890768
2025-01-01 18:20:00,0.9967559,1.2894061
2025-01-01 18:21:00,0.99681026,1.2897385
2025-01-01 18:22:00,0.99686885,1.2900745
2025-01-01 18:23:00,0.99693155,1.2904137
2025-01-01 18:24:00,0.9969984,1.2907563
2025-01-01 18:25:00,0.9970695,1.2911023
2025-01-01 18:26:00,0.99714476,1.2914516
2025-01-01 18:27:00,0.9972242,1.2918042
2025-01-01 18:28:00,0.9973079,1.2921602
2025-01-01 18:29:00,0.99739575,1.2925196
2025-01-01 18:30:00,0.99748784,1.2928822
2025-01-01 18:31:00,0.99758416,1.2932483
2025-01-01 18:32:00,0.9976847,1.2936177
2025-01-01 18:33:00,0.9977896,1.2939906
2025-01-01 18:34:00,0.99789864,1.2943667
2025-01-01 18:35:00,0.9980119,1.2947462
2025-01-01 18:36:00,0.99812937,1.2951291
2025-01-01 18:37:00,0.9982511,1.2955152
2025-01-01 18:38:00,0.9983771,1.2959048
2025-01-01 18:39:00,0.9985073,1.2962976
2025-01-01 18:40:00,0.99864185,1.2966938
2025-01-01 18:41:00,0.99878055,1.2970934
2025-01-01 18:42:00,0.99892354,1.2974962
2025-01-01 18:43:00,0.99907076,1.2979023
2025-01-01 18:44:00,0.9992223,1.2983118
2025-01-01 18:45:00,0.99937797,1.2987247
2025-01-01 18:46:00,0.99953794,1.2991408
2025-01-01 18:47:00,0.9997022,1.2995602
2025-01-01 18:48:00,0.99987066,1.2999829
2025-01-01 18:49:00,1.0000434,1.3004088
2025-01-01 18:50:00,1.0002203,1.3008381
2025-01-01 18:51:00,1.0004015,1.3012707
2025-01-01 18:52:00,1.0005869,1.3017064
2025-01-01 18:53:00,1.0007764,1.3021454
2025-01-01 18:54:00,1.0009702,1.3025876
2025-01-01 18:55:00,1.0011683,1.3030331
2025-01-01 18:56:00,1.0013704,1.3034818
2025-01-01 18:57:00,1.0015769,1.3039336
2025-01-01 18:58:00,1.0017874,1.3043886
2025-01-01 18:59:00,1.0020022,1.3048469
2025-01-01 19:00:00,1.0022211,1.3053082
2025-01-01 19:01:00,1.0024443,1.3057728
2025-01-01 19:02:00,1.0026715,1.3062404
2025-01-01 19:03:00,1.0029029,1.3067112
2025-01-01 19:04:00,1.0031383,1.3071849
2025-01-01 19:05:00,1.0033779,1.307662
2025-01-01 19:06:00,1.0036216,1.308142
2025-01-01 19:07:00,1.0038694,1.308625
2025-01-01 19:08:00,1.0041213,1.3091111
2025-01-01 19:09:00,1.0043772,1.3096001
2025-01-01 19:10:00,1.0046372,1.3100922
2025-01-01 19:11:00,1.0049012,1.3105873
2025-01-01 19:12:00,1.0051693,1.3110853
2025-01-01 19:13:00,1.0054413,1.3115863
2025-01-01 19:14:00,1.0057173,1.3120902
2025-01-01 19:15:00,1.0059973,1.3125969
2025-01-01 19:16:00,1.0062813,1.3131065
2025-01-01 19:17:00,1.0065691,1.313619
2025-01-01 19:18:00,1.006861,1.3141344
2025-01-01 19:19:00,1.0071568,1.3146527
2025-01-01 19:20:00,1.0074564,1.3151735
2025-01-01 19:21:00,1.0077599,1.3156972
2025-01-01 19:22:00,1.0080673,1.3162236
2025-01-01 19:23:00,1.0083784,1.3167528
2025-01-01 19:24:00,1.0086933,1.3172847
2025-01-01 19:25:00,1.0090121,1.3178191
2025-01-01 19:26:00,1.0093347,1.3183564
2025-01-01 19:27:00,1.0096608,1.318896
2025-01-01 19:28:00,1.0099908,1.3194385
2025-01-01 19:29:00,1.0103245,1.3199834
2025-01-01 19:30:00,1.0106618,1.3205309
2025-01-01 19:31:00,1.0110029,1.3210808
2025-01-01 19:32:00,1.0113475,1.3216332
2025-01-01 19:33:00,1.0116957,1.3221883
2025-01-01 19:34:00,1.0120476,1.3227456
2025-01-01 19:35:00,1.012403,1.3233052
2025-01-01 19:36:00,1.012762,1.3238674
2025-01-01 19:37:00,1.0131243,1.3244319
2025-01-01 19:38:00,1.0134902,1.3249986
2025-01-01 19:39:00,1.0138596,1.3255676
2025-01-01 19:40:00,1.0142324,1.326139
2025-01-01 19:41:00,1.0146086,1.3267125
2025-01-01 19:42:00,1.0149882,1.3272882
2025-01-01 19:43:00,1.015371,1.327866
2025-01-01 19:44:00,1.0157573,1.328446
2025-01-01 19:45:00,1.0161468,1.3290281
2025-01-01 19:46:00,1.0165396,1.3296121
2025-01-01 19:47:00,1.0169355,1.3301983
2025-01-01 19:48:00,1.0173347,1.3307865
2025-01-01 19:49:00,1.0177372,1.3313766
2025-01-01 19:50:00,1.0181426,1.3319687
2025-01-01 19:51:00,1.0185512,1.3325626
2025-01-01 19:52:00,1.018963,1.3331584
2025-01-01 19:53:00,1.0193777,1.3337559
2025-01-01 19:54:00,1.0197954,1.3343552
2025-01-01 19:55:00,1.0202162,1.3349564
2025-01-01 19:56:00,1.0206399,1.3355592
2025-01-01 19:57:00,1.0210664,1.3361638
2025-01-01 19:58:00,1.0214959,1.3367699
2025-01-01 19:59:00,1.0219283,1.3373778
2025-01-01 20:00:00,1.0223637,1.3379872
2025-01-01 20:01:00,1.0228015,1.3385981
2025-01-01 20:02:00,1.0232424,1.3392105
2025-01-01 20:03:00,1.0236857,1.3398243
2025-01-01 20:04:00,1.0241318,1.3404396
2025-01-01 20:05:00,1.0245806,1.3410562
2025-01-01 20:06:00,1.0250319,1.3416742
2025-01-01 20:07:00,1.0254859,1.3422935
2025-01-01 20:08:00,1.0259423,1.342914
2025-01-01 20:09:00,1.0264014,1.3435359
2025-01-01 20:10:00,1.0268629,1.3441588
2025-01-01 20:11:00,1.0273267,1.3447828
2025-01-01 20:12:00,1.027793,1.3454081
2025-01-01 20:13:00,1.0282617,1.3460344
2025-01-01 20:14:00,1.0287327,1.3466618
2025-01-01 20:15:00,1.0292059,1.34729
2025-01-01 20:16:00,1.0296814,1.3479193
2025-01-01 20:17:00,1.0301592,1.3485495
2025-01-01 20:18:00,1.030639,1.3491806
2025-01-01 20:19:00,1.0311211,1.3498124
2025-01-01 20:20:00,1.0316054,1.3504452
2025-01-01 20:21:00,1.0320915,1.3510785
2025-01-01 20:22:00,1.0325797,1.3517126
2025-01-01 20:23:00,1.0330698,1.3523474
2025-01-01 20:24:00,1.0335621,1.3529829
2025-01-01 20:25:00,1.0340562,1.3536189
2025-01-01 20:26:00,1.0345521,1.3542553
2025-01-01 20:27:00,1.0350498,1.3548924
2025-01-01 20:28:00,1.0355494,1.3555298
2025-01-01 20:29:00,1.0360507,1.3561677
2025-01-01 20:30:00,1.0365536,1.3568059
2025-01-01 20:31:00,1.0370584,1.3574445
2025-01-01 20:32:00,1.0375646,1.3580834
2025-01-01 20:33:00,1.0380726,1.3587226
2025-01-01 20:34:00,1.038582,1.3593619
2025-01-01 20:35:00,1.0390929,1.3600013
2025-01-01 20:36:00,1.0396054,1.360641
2025-01-01 20:37:00,1.0401193,1.3612806
2025-01-01 20:38:00,1.0406345,1.3619204
2025-01-01 20:39:00,1.0411512,1.36256
2025-01-01 20:40:00,1.041669,1.3631997
2025-01-01 20:41:00,1.0421882,1.3638393
2025-01-01 20:42:00,1.0427086,1.3644787
2025-01-01 20:43:00,1.0432303,1.3651179
2025-01-01 20:44:00,1.043753,1.3657569
2025-01-01 20:45:00,1.0442768,1.3663957
2025-01-01 20:46:00,1.044802,1.3670342
2025-01-01 20:47:00,1.0453279,1.3676723
2025-01-01 20:48:00,1.0458548,1.36831
2025-01-01 20:49:00,1.0463828,1.3689473
2025-01-01 20:50:00,1.0469115,1.3695841
2025-01-01 20:51:00,1.0474412,1.3702203
2025-01-01 20:52:00,1.0479717,1.370856
2025-01-01 20:53:00,1.048503,1.3714911
2025-01-01 20:54:00,1.0490351,1.3721255
2025-01-01 20:55:00,1.0495677,1.3727592
2025-01-01 20:56:00,1.0501012,1.3733923
2025-01-01 20:57:00,1.0506352,1.3740245
2025-01-01 20:58:00,1.0511698,1.374656
2025-01-01 20:59:00,1.0517049,1.3752865
2025-01-01 21:00:00,1.0522406,1.3759162
2025-01-01 21:01:00,1.0527767,1.376545
2025-01-01 21:02:00,1.0533133,1.3771726
2025-01-01 21:03:00,1.0538502,1.3777994
2025-01-01 21:04:00,1.0543875,1.378425
2025-01-01 21:05:00,1.0549251,1.3790495
2025-01-01 21:06:00,1.0554628,1.3796729
2025-01-01 21:07:00,1.056001,1.3802952
2025-01-01 21:08:00,1.0565393,1.3809161
2025-01-01 21:09:00,1.0570776,1.3815359
2025-01-01 21:10:00,1.0576162,1.3821542
2025-01-01 21:11:00,1.0581548,1.3827713
2025-01-01 21:12:00,1.0586934,1.383387
2025-01-01 21:13:00,1.059232,1.3840011
2025-01-01 21:14:00,1.0597706,1.3846139
2025-01-01 21:15:00,1.0603092,1.3852252
2025-01-01 21:16:00,1.0608475,1.3858348
2025-01-01 21:17:00,1.0613856,1.3864429
2025-01-01 21:18:00,1.0619237,1.3870494
2025-01-01 21:19:00,1.0624615,1.3876542
2025-01-01 21:20:00,1.062999,1.3882573
2025-01-01 21:21:00,1.0635363,1.3888587
2025-01-01 21:22:00,1.0640731,1.3894582
2025-01-01 21:23:00,1.0646095,1.3900559
2025-01-01 21:24:00,1.0651456,1.3906517
2025-01-01 21:25:00,1.0656812,1.3912458
2025-01-01 21:26:00,1.0662163,1.3918378
2025-01-01 21:27:00,1.066751,1.392428
2025-01-01 21:28:00,1.0672852,1.3930161
2025-01-01 21:29:00,1.0678185,1.3936021
2025-01-01 21:30:00,1.0683514,1.3941861
2025-01-01 21:31:00,1.0688834,1.394768
2025-01-01 21:32:00,1.069415,1.3953477
2025-01-01 21:33:00,1.0699456,1.3959252
2025-01-01 21:34:00,1.0704756,1.3965005
2025-01-01 21:35:00,1.0710047,1.3970735
2025-01-01 21:36:00,1.071533,1.3976443
2025-01-01 21:37:00,1.0720603,1.3982127
2025-01-01 21:38:00,1.0725869,1.3987787
2025-01-01 21:39:00,1.0731125,1.3993424
2025-01-01 21:40:00,1.0736371,1.3999037
2025-01-01 21:41:00,1.0741607,1.4004624
2025-01-01 21:42:00,1.0746833,1.4010187
2025-01-01 21:43:00,1.0752048,1.4015726
2025-01-01 21:44:00,1.0757253,1.4021238
2025-01-01 21:45:00,1.0762446,1.4026724
2025-01-01 21:46:00,1.0767627,1.4032185
2025-01-01 21:47:00,1.0772797,1.4037619
2025-01-01 21:48:00,1.0777954,1.4043026
2025-01-01 21:49:00,1.0783099,1.4048406
2025-01-01 21:50:00,1.0788232,1.405376
2025-01-01 21:51:00,1.0793351,1.4059083
2025-01-01 21:52:00,1.0798457,1.4064381
2025-01-01 21:53:00,1.0803549,1.406965
2025-01-01 21:54:00,1.0808628,1.4074891
2025-01-01 21:55:00,1.0813692,1.4080102
2025-01-01 21:56:00,1.0818741,1.4085284
2025-01-01 21:57:00,1.0823777,1.4090439
2025-01-01 21:58:00,1.0828798,1.4095563
2025-01-01 21:59:00,1.0833802,1.4100657
2025-01-01 22:00:00,1.0838792,1.410572
2025-01-01 22:01:00,1.0843766,1.4110754
2025-01-01 22:02:00,1.0848724,1.4115757
2025-01-01 22:03:00,1.0853666,1.4120729
2025-01-01 22:04:00,1.0858592,1.412567
2025-01-01 22:05:00,1.08635,1.4130579
2025-01-01 22:06:00,1.0868392,1.4135457
2025-01-01 22:07:00,1.0873266,1.4140303
2025-01-01 22:08:00,1.0878124,1.4145118
2025-01-01 22:09:00,1.0882963,1.4149901
2025-01-01 22:10:00,1.0887785,1.415465
2025-01-01 22:11:00,1.0892589,1.4159367
2025-01-01 22:12:00,1.0897375,1.4164052
2025-01-01 22:13:00,1.0902143,1.4168702
2025-01-01 22:14:00,1.0906892,1.4173322
2025-01-01 22:15:00,1.0911622,1.4177907
2025-01-01 22:16:00,1.0916333,1.4182457
2025-01-01 22:17:00,1.0921025,1.4186974
2025-01-01 22:18:00,1.0925697,1.4191457
2025-01-01 22:19:00,1.093035,1.4195906
2025-01-01 22:20:00,1.0934983,1.420032
2025-01-01 22:21:00,1.0939597,1.4204701
2025-01-01 22:22:00,1.094419,1.4209046
2025-01-01 22:23:00,1.0948763,1.4213357
2025-01-01 22:24:00,1.0953315,1.4217633
2025-01-01 22:25:00,1.0957847,1.4221873
2025-01-01 22:26:00,1.0962359,1.4226079
2025-01-01 22:27:00,1.0966849,1.4230249
2025-01-01 22:28:00,1.097132,1.4234383
2025-01-01 22:29:00,1.0975769,1.4238482
2025-01-01 22:30:00,1.0980196,1.4242545
2025-01-01 22:31:00,1.0984602,1.4246572
2025-01-01 22:32:00,1.0988986,1.4250563
2025-01-01 22:33:00,1.099335,1.4254519
2025-01-01 22:34:00,1.0997691,1.4258437
2025-01-01 22:35:00,1.100201,1.426232
2025-01-01 22:36:00,1.1006309,1.4266167
2025-01-01 22:37:00,1.1010585,1.4269977
2025-01-01 22:38:00,1.1014838,1.427375
2025-01-01 22:39:00,1.101907,1.4277486
2025-01-01 22:40:00,1.102328,1.4281186
2025-01-01 22:41:00,1.1027467,1.4284849
2025-01-01 22:42:00,1.1031631,1.4288476
2025-01-01 22:43:00,1.1035774,1.4292065
2025-01-01 22:44:00,1.1039894,1.4295617
2025-01-01 22:45:00,1.1043991,1.4299133
2025-01-01 22:46:00,1.1048065,1.430261
2025-01-01 22:47:00,1.1052117,1.4306052
2025-01-01 22:48:00,1.1056147,1.4309456
2025-01-01 22:49:00,1.1060153,1.4312823
2025-01-01 22:50:00,1.1064137,1.4316154
2025-01-01 22:51:00,1.1068097,1.4319446
2025-01-01 22:52:00,1.1072036,1.4322702
2025-01-01 22:53:00,1.1075951,1.4325919
2025-01-01 22:54:00,1.1079844,1.4329102
2025-01-01 22:55:00,1.1083714,1.4332246
2025-01-01 22:56:00,1.108756,1.4335352
2025-01-01 22:57:00,1.1091383,1.4338422
2025-01-01 22:58:00,1.1095184,1.4341453
2025-01-01 22:59:00,1.1098962,1.4344449
2025-01-01 23:00:00,1.1102716,1.4347407
2025-01-01 23:01:00,1.1106448,1.4350327
2025-01-01 23:02:00,1.1110157,1.4353211
2025-01-01 23:03:00,1.1113843,1.4356058
2025-01-01 23:04:00,1.1117506,1.4358867
2025-01-01 23:05:00,1.1121147,1.436164
2025-01-01 23:06:00,1.1124765,1.4364376
2025-01-01 23:07:00,1.1128359,1.4367075
2025-01-01 23:08:00,1.1131932,1.4369737
2025-01-01 23:09:00,1.1135482,1.4372363
2025-01-01 23:10:00,1.1139008,1.4374952
2025-01-01 23:11:00,1.1142513,1.4377505
2025-01-01 23:12:00,1.1145995,1.438002
2025-01-01 23:13:00,1.1149455,1.43825
2025-01-01 23:14:00,1.1152892,1.4384943
2025-01-01 23:15:00,1.1156307,1.438735
2025-01-01 23:16:00,1.1159701,1.4389721
2025-01-01 23:17:00,1.1163071,1.4392055
2025-01-01 23:18:00,1.1166421,1.4394355
2025-01-01 23:19:00,1.1169748,1.4396617
2025-01-01 23:20:00,1.1173054,1.4398845
2025-01-01 23:21:00,1.1176337,1.4401038
2025-01-01 23:22:00,1.11796,1.4403194
2025-01-01 23:23:00,1.118284,1.4405315
2025-01-01 23:24:00,1.118606,1.4407401
2025-01-01 23:25:00,1.1189257,1.4409453
2025-01-01 23:26:00,1.1192434,1.4411469
2025-01-01 23:27:00,1.119559,1.4413451
2025-01-01 23:28:00,1.1198726,1.4415398
2025-01-01 23:29:00,1.120184,1.441731
2025-01-01 23:30:00,1.1204934,1.4419188
2025-01-01 23:31:00,1.1208007,1.4421033
2025-01-01 23:32:00,1.121106,1.4422843
2025-01-01 23:33:00,1.1214093,1.442462
2025-01-01 23:34:00,1.1217107,1.4426363
2025-01-01 23:35:00,1.1220099,1.4428072
2025-01-01 23:36:00,1.1223073,1.4429749
2025-01-01 23:37:00,1.1226027,1.4431392
2025-01-01 23:38:00,1.1228961,1.4433004
2025-01-01 23:39:00,1.1231877,1.4434581
2025-01-01 23:40:00,1.1234772,1.4436127
2025-01-01 23:41:00,1.1237651,1.4437641
2025-01-01 23:42:00,1.124051,1.4439123
2025-01-01 23:43:00,1.124335,1.4440572
2025-01-01 23:44:00,1.1246172,1.444199
2025-01-01 23:45:00,1.1248977,1.4443376
2025-01-01 23:46:00,1.1251763,1.4444733
2025-01-01 23:47:00,1.1254531,1.4446057
2025-01-01 23:48:00,1.1257282,1.444735
2025-01-01 23:49:00,1.1260016,1.4448614
2025-01-01 23:50:00,1.1262733,1.4449847
2025-01-01 23:51:00,1.1265432,1.445105
2025-01-01 23:52:00,1.1268115,1.4452224
2025-01-01 23:53:00,1.1270782,1.4453367
2025-01-01 23:54:00,1.1273432,1.4454482
2025-01-01 23:55:00,1.1276066,1.4455568
2025-01-01 23:56:00,1.1278685,1.4456625
2025-01-01 23:57:00,1.1281288,1.4457653
2025-01-01 23:58:00,1.1283876,1.4458653
2025-01-01 23:59:00,1.1286448,1.4459625
