TIME,TE_001_v000
2025-01-01 00:01:00,1.0086448
2025-01-01 00:02:00,1.0089006
2025-01-01 00:03:00,1.0091549
2025-01-01 00:04:00,1.0094078
2025-01-01 00:05:00,1.0096593
2025-01-01 00:06:00,1.0099094
2025-01-01 00:07:00,1.0101581
2025-01-01 00:08:00,1.0104054
2025-01-01 00:09:00,1.0106515
2025-01-01 00:10:00,1.0108962
2025-01-01 00:11:00,1.0111398
2025-01-01 00:12:00,1.011382
2025-01-01 00:13:00,1.0116231
2025-01-01 00:14:00,1.011863
2025-01-01 00:15:00,1.0121017
2025-01-01 00:16:00,1.0123392
2025-01-01 00:17:00,1.0125757
2025-01-01 00:18:00,1.0128112
2025-01-01 00:19:00,1.0130455
2025-01-01 00:20:00,1.0132788
2025-01-01 00:21:00,1.0135112
2025-01-01 00:22:00,1.0137426
2025-01-01 00:23:00,1.0139731
2025-01-01 00:24:00,1.0142026
2025-01-01 00:25:00,1.0144312
2025-01-01 00:26:00,1.0146589
2025-01-01 00:27:00,1.0148859
2025-01-01 00:28:00,1.015112
2025-01-01 00:29:00,1.0153375
2025-01-01 00:30:00,1.015562
2025-01-01 00:31:00,1.0157859
2025-01-01 00:32:00,1.0160092
2025-01-01 00:33:00,1.0162318
2025-01-01 00:34:00,1.0164537
2025-01-01 00:35:00,1.016675
2025-01-01 00:36:00,1.0168958
2025-01-01 00:37:00,1.0171161
2025-01-01 00:38:00,1.0173358
2025-01-01 00:39:00,1.017555
2025-01-01 00:40:00,1.0177739
2025-01-01 00:41:00,1.0179923
2025-01-01 00:42:00,1.0182102
2025-01-01 00:43:00,1.0184278
2025-01-01 00:44:00,1.018645
2025-01-01 00:45:00,1.018862
2025-01-01 00:46:00,1.0190787
2025-01-01 00:47:00,1.0192952
2025-01-01 00:48:00,1.0195115
2025-01-01 00:49:00,1.0197275
2025-01-01 00:50:00,1.0199434
2025-01-01 00:51:00,1.0201591
2025-01-01 00:52:00,1.0203748
2025-01-01 00:53:00,1.0205904
2025-01-01 00:54:00,1.020806
2025-01-01 00:55:00,1.0210215
2025-01-01 00:56:00,1.021237
2025-01-01 00:57:00,1.0214527
2025-01-01 00:58:00,1.0216683
2025-01-01 00:59:00,1.0218841
2025-01-01 01:00:00,1.0221001
2025-01-01 01:01:00,1.0223162
2025-01-01 01:02:00,1.0225325
2025-01-01 01:03:00,1.022749
2025-01-01 01:04:00,1.0229657
2025-01-01 01:05:00,1.0231827
2025-01-01 01:06:00,1.0234001
2025-01-01 01:07:00,1.0236179
2025-01-01 01:08:00,1.0238359
2025-01-01 01:09:00,1.0240543
2025-01-01 01:10:00,1.0242732
2025-01-01 01:11:00,1.0244925
2025-01-01 01:12:00,1.0247122
2025-01-01 01:13:00,1.0249325
2025-01-01 01:14:00,1.0251533
2025-01-01 01:15:00,1.0253747
2025-01-01 01:16:00,1.0255966
2025-01-01 01:17:00,1.0258192
2025-01-01 01:18:00,1.0260423
2025-01-01 01:19:00,1.0262662
2025-01-01 01:20:00,1.0264908
2025-01-01 01:21:00,1.026716
2025-01-01 01:22:00,1.026942
2025-01-01 01:23:00,1.0271688
2025-01-01 01:24:00,1.0273963
2025-01-01 01:25:00,1.0276247
2025-01-01 01:26:00,1.027854
2025-01-01 01:27:00,1.028084
2025-01-01 01:28:00,1.028315
2025-01-01 01:29:00,1.0285469
2025-01-01 01:30:00,1.0287797
2025-01-01 01:31:00,1.0290135
2025-01-01 01:32:00,1.0292482
2025-01-01 01:33:00,1.029484
2025-01-01 01:34:00,1.0297209
2025-01-01 01:35:00,1.0299587
2025-01-01 01:36:00,1.0301977
2025-01-01 01:37:00,1.0304378
2025-01-01 01:38:00,1.030679
2025-01-01 01:39:00,1.0309213
2025-01-01 01:40:00,1.0311648
2025-01-01 01:41:00,1.0314095
2025-01-01 01:42:00,1.0316554
2025-01-01 01:43:00,1.0319026
2025-01-01 01:44:00,1.0321509
2025-01-01 01:45:00,1.0324005
2025-01-01 01:46:00,1.0326514
2025-01-01 01:47:00,1.0329037
2025-01-01 01:48:00,1.0331572
2025-01-01 01:49:00,1.0334121
2025-01-01 01:50:00,1.0336683
2025-01-01 01:51:00,1.0339261
2025-01-01 01:52:00,1.0341852
2025-01-01 01:53:00,1.0344455
2025-01-01 01:54:00,1.0347074
2025-01-01 01:55:00,1.0349708
2025-01-01 01:56:00,1.0352355
2025-01-01 01:57:00,1.0355018
2025-01-01 01:58:00,1.0357696
2025-01-01 01:59:00,1.0360389
2025-01-01 02:00:00,1.0363096
2025-01-01 02:01:00,1.036582
2025-01-01 02:02:00,1.0368559
2025-01-01 02:03:00,1.0371313
2025-01-01 02:04:00,1.0374084
2025-01-01 02:05:00,1.037687
2025-01-01 02:06:00,1.0379672
2025-01-01 02:07:00,1.038249
2025-01-01 02:08:00,1.0385325
2025-01-01 02:09:00,1.0388176
2025-01-01 02:10:00,1.0391043
2025-01-01 02:11:00,1.0393928
2025-01-01 02:12:00,1.0396829
2025-01-01 02:13:00,1.0399746
2025-01-01 02:14:00,1.0402681
2025-01-01 02:15:00,1.0405632
2025-01-01 02:16:00,1.04086
2025-01-01 02:17:00,1.0411586
2025-01-01 02:18:00,1.0414588
2025-01-01 02:19:00,1.0417609
2025-01-01 02:20:00,1.0420645
2025-01-01 02:21:00,1.0423701
2025-01-01 02:22:00,1.0426773
2025-01-01 02:23:00,1.0429863
2025-01-01 02:24:00,1.0432969
2025-01-01 02:25:00,1.0436094
2025-01-01 02:26:00,1.0439236
2025-01-01 02:27:00,1.0442396
2025-01-01 02:28:00,1.0445575
2025-01-01 02:29:00,1.0448769
2025-01-01 02:30:00,1.0451983
2025-01-01 02:31:00,1.0455214
2025-01-01 02:32:00,1.0458462
2025-01-01 02:33:00,1.0461729
2025-01-01 02:34:00,1.0465014
2025-01-01 02:35:00,1.0468316
2025-01-01 02:36:00,1.0471636
2025-01-01 02:37:00,1.0474974
2025-01-01 02:38:00,1.0478328
2025-01-01 02:39:00,1.0481702
2025-01-01 02:40:00,1.0485092
2025-01-01 02:41:00,1.04885
2025-01-01 02:42:00,1.0491927
2025-01-01 02:43:00,1.0495371
2025-01-01 02:44:00,1.0498831
2025-01-01 02:45:00,1.050231
2025-01-01 02:46:00,1.0505806
2025-01-01 02:47:00,1.0509319
2025-01-01 02:48:00,1.051285
2025-01-01 02:49:00,1.0516399
2025-01-01 02:50:00,1.0519964
2025-01-01 02:51:00,1.0523547
2025-01-01 02:52:00,1.0527146
2025-01-01 02:53:00,1.0530763
2025-01-01 02:54:00,1.0534396
2025-01-01 02:55:00,1.0538046
2025-01-01 02:56:00,1.0541713
2025-01-01 02:57:00,1.0545397
2025-01-01 02:58:00,1.0549096
2025-01-01 02:59:00,1.0552813
2025-01-01 03:00:00,1.0556545
2025-01-01 03:01:00,1.0560294
2025-01-01 03:02:00,1.0564059
2025-01-01 03:03:00,1.0567839
2025-01-01 03:04:00,1.0571636
2025-01-01 03:05:00,1.0575448
2025-01-01 03:06:00,1.0579276
2025-01-01 03:07:00,1.0583119
2025-01-01 03:08:00,1.0586977
2025-01-01 03:09:00,1.059085
2025-01-01 03:10:00,1.0594739
2025-01-01 03:11:00,1.0598642
2025-01-01 03:12:00,1.0602559
2025-01-01 03:13:00,1.060649
2025-01-01 03:14:00,1.0610436
2025-01-01 03:15:00,1.0614396
2025-01-01 03:16:00,1.0618371
2025-01-01 03:17:00,1.0622358
2025-01-01 03:18:00,1.062636
2025-01-01 03:19:00,1.0630374
2025-01-01 03:20:00,1.0634402
2025-01-01 03:21:00,1.0638442
2025-01-01 03:22:00,1.0642495
2025-01-01 03:23:00,1.064656
2025-01-01 03:24:00,1.0650638
2025-01-01 03:25:00,1.0654728
2025-01-01 03:26:00,1.0658829
2025-01-01 03:27:00,1.0662942
2025-01-01 03:28:00,1.0667067
2025-01-01 03:29:00,1.0671202
2025-01-01 03:30:00,1.0675349
2025-01-01 03:31:00,1.0679506
2025-01-01 03:32:00,1.0683674
2025-01-01 03:33:00,1.0687851
2025-01-01 03:34:00,1.0692039
2025-01-01 03:35:00,1.0696236
2025-01-01 03:36:00,1.0700442
2025-01-01 03:37:00,1.0704657
2025-01-01 03:38:00,1.0708882
2025-01-01 03:39:00,1.0713115
2025-01-01 03:40:00,1.0717356
2025-01-01 03:41:00,1.0721605
2025-01-01 03:42:00,1.0725862
2025-01-01 03:43:00,1.0730127
2025-01-01 03:44:00,1.0734398
2025-01-01 03:45:00,1.0738677
2025-01-01 03:46:00,1.0742962
2025-01-01 03:47:00,1.0747254
2025-01-01 03:48:00,1.075155
2025-01-01 03:49:00,1.0755854
2025-01-01 03:50:00,1.0760162
2025-01-01 03:51:00,1.0764476
2025-01-01 03:52:00,1.0768794
2025-01-01 03:53:00,1.0773116
2025-01-01 03:54:00,1.0777444
2025-01-01 03:55:00,1.0781775
2025-01-01 03:56:00,1.0786109
2025-01-01 03:57:00,1.0790446
2025-01-01 03:58:00,1.0794786
2025-01-01 03:59:00,1.0799129
2025-01-01 04:00:00,1.0803474
2025-01-01 04:01:00,1.0807822
2025-01-01 04:02:00,1.081217
2025-01-01 04:03:00,1.0816519
2025-01-01 04:04:00,1.0820869
2025-01-01 04:05:00,1.082522
2025-01-01 04:06:00,1.0829571
2025-01-01 04:07:00,1.0833923
2025-01-01 04:08:00,1.0838273
2025-01-01 04:09:00,1.0842621
2025-01-01 04:10:00,1.0846969
2025-01-01 04:11:00,1.0851316
2025-01-01 04:12:00,1.085566
2025-01-01 04:13:00,1.0860002
2025-01-01 04:14:00,1.0864342
2025-01-01 04:15:00,1.0868678
2025-01-01 04:16:00,1.0873011
2025-01-01 04:17:00,1.0877341
2025-01-01 04:18:00,1.0881666
2025-01-01 04:19:00,1.0885986
2025-01-01 04:20:00,1.0890301
2025-01-01 04:21:00,1.0894612
2025-01-01 04:22:00,1.0898917
2025-01-01 04:23:00,1.0903215
2025-01-01 04:24:00,1.0907508
2025-01-01 04:25:00,1.0911794
2025-01-01 04:26:00,1.0916073
2025-01-01 04:27:00,1.0920343
2025-01-01 04:28:00,1.0924608
2025-01-01 04:29:00,1.0928862
2025-01-01 04:30:00,1.0933108
2025-01-01 04:31:00,1.0937346
2025-01-01 04:32:00,1.0941575
2025-01-01 04:33:00,1.0945792
2025-01-01 04:34:00,1.095
2025-01-01 04:35:00,1.0954198
2025-01-01 04:36:00,1.0958384
2025-01-01 04:37:00,1.096256
2025-01-01 04:38:00,1.0966724
2025-01-01 04:39:00,1.0970876
2025-01-01 04:40:00,1.0975015
2025-01-01 04:41:00,1.0979141
2025-01-01 04:42:00,1.0983255
2025-01-01 04:43:00,1.0987355
2025-01-01 04:44:00,1.099144
2025-01-01 04:45:00,1.0995512
2025-01-01 04:46:00,1.0999569
2025-01-01 04:47:00,1.100361
2025-01-01 04:48:00,1.1007636
2025-01-01 04:49:00,1.1011646
2025-01-01 04:50:00,1.101564
2025-01-01 04:51:00,1.1019617
2025-01-01 04:52:00,1.1023577
2025-01-01 04:53:00,1.102752
2025-01-01 04:54:00,1.1031445
2025-01-01 04:55:00,1.1035352
2025-01-01 04:56:00,1.103924
2025-01-01 04:57:00,1.104311
2025-01-01 04:58:00,1.104696
2025-01-01 04:59:00,1.105079
2025-01-01 05:00:00,1.10546
2025-01-01 05:01:00,1.1058391
2025-01-01 05:02:00,1.106216
2025-01-01 05:03:00,1.1065909
2025-01-01 05:04:00,1.1069635
2025-01-01 05:05:00,1.107334
2025-01-01 05:06:00,1.1077023
2025-01-01 05:07:00,1.1080682
2025-01-01 05:08:00,1.1084319
2025-01-01 05:09:00,1.1087934
2025-01-01 05:10:00,1.1091523
2025-01-01 05:11:00,1.109509
2025-01-01 05:12:00,1.1098632
2025-01-01 05:13:00,1.1102148
2025-01-01 05:14:00,1.110564
2025-01-01 05:15:00,1.1109107
2025-01-01 05:16:00,1.1112547
2025-01-01 05:17:00,1.1115961
2025-01-01 05:18:00,1.111935
2025-01-01 05:19:00,1.1122711
2025-01-01 05:20:00,1.1126045
2025-01-01 05:21:00,1.1129352
2025-01-01 05:22:00,1.1132631
2025-01-01 05:23:00,1.1135882
2025-01-01 05:24:00,1.1139104
2025-01-01 05:25:00,1.1142298
2025-01-01 05:26:00,1.1145462
2025-01-01 05:27:00,1.1148597
2025-01-01 05:28:00,1.1151704
2025-01-01 05:29:00,1.1154779
2025-01-01 05:30:00,1.1157824
2025-01-01 05:31:00,1.1160839
2025-01-01 05:32:00,1.1163822
2025-01-01 05:33:00,1.1166774
2025-01-01 05:34:00,1.1169695
2025-01-01 05:35:00,1.1172583
2025-01-01 05:36:00,1.1175439
2025-01-01 05:37:00,1.1178263
2025-01-01 05:38:00,1.1181055
2025-01-01 05:39:00,1.1183813
2025-01-01 05:40:00,1.1186538
2025-01-01 05:41:00,1.118923
2025-01-01 05:42:00,1.1191887
2025-01-01 05:43:00,1.119451
2025-01-01 05:44:00,1.11971
2025-01-01 05:45:00,1.1199653
2025-01-01 05:46:00,1.1202173
2025-01-01 05:47:00,1.1204658
2025-01-01 05:48:00,1.1207106
2025-01-01 05:49:00,1.120952
2025-01-01 05:50:00,1.1211897
2025-01-01 05:51:00,1.1214238
2025-01-01 05:52:00,1.1216544
2025-01-01 05:53:00,1.1218811
2025-01-01 05:54:00,1.1221043
2025-01-01 05:55:00,1.1223238
2025-01-01 05:56:00,1.1225395
2025-01-01 05:57:00,1.1227515
2025-01-01 05:58:00,1.1229596
2025-01-01 05:59:00,1.123164
2025-01-01 06:00:00,1.1233647
2025-01-01 06:01:00,1.1235614
2025-01-01 06:02:00,1.1237543
2025-01-01 06:03:00,1.1239433
2025-01-01 06:04:00,1.1241286
2025-01-01 06:05:00,1.1243098
2025-01-01 06:06:00,1.124487
2025-01-01 06:07:00,1.1246605
2025-01-01 06:08:00,1.1248299
2025-01-01 06:09:00,1.1249954
2025-01-01 06:10:00,1.1251569
2025-01-01 06:11:00,1.1253142
2025-01-01 06:12:00,1.1254677
2025-01-01 06:13:00,1.1256173
2025-01-01 06:14:00,1.1257626
2025-01-01 06:15:00,1.1259038
2025-01-01 06:16:00,1.126041
2025-01-01 06:17:00,1.1261742
2025-01-01 06:18:00,1.1263032
2025-01-01 06:19:00,1.1264281
2025-01-01 06:20:00,1.1265489
2025-01-01 06:21:00,1.1266656
2025-01-01 06:22:00,1.126778
2025-01-01 06:23:00,1.1268864
2025-01-01 06:24:00,1.1269906
2025-01-01 06:25:00,1.1270906
2025-01-01 06:26:00,1.1271864
2025-01-01 06:27:00,1.127278
2025-01-01 06:28:00,1.1273655
2025-01-01 06:29:00,1.1274487
2025-01-01 06:30:00,1.1275277
2025-01-01 06:31:00,1.1276025
2025-01-01 06:32:00,1.127673
2025-01-01 06:33:00,1.1277394
2025-01-01 06:34:00,1.1278015
2025-01-01 06:35:00,1.1278595
2025-01-01 06:36:00,1.1279131
2025-01-01 06:37:00,1.1279625
2025-01-01 06:38:00,1.1280077
2025-01-01 06:39:00,1.1280485
2025-01-01 06:40:00,1.1280851
2025-01-01 06:41:00,1.1281176
2025-01-01 06:42:00,1.1281457
2025-01-01 06:43:00,1.1281697
2025-01-01 06:44:00,1.1281893
2025-01-01 06:45:00,1.1282047
2025-01-01 06:46:00,1.1282159
2025-01-01 06:47:00,1.1282228
2025-01-01 06:48:00,1.1282254
2025-01-01 06:49:00,1.1282239
2025-01-01 06:50:00,1.128218
2025-01-01 06:51:00,1.128208
2025-01-01 06:52:00,1.1281937
2025-01-01 06:53:00,1.1281753
2025-01-01 06:54:00,1.1281526
2025-01-01 06:55:00,1.1281258
2025-01-01 06:56:00,1.1280947
2025-01-01 06:57:00,1.1280594
2025-01-01 06:58:00,1.1280198
2025-01-01 06:59:00,1.1279762
2025-01-01 07:00:00,1.1279283
2025-01-01 07:01:00,1.1278763
2025-01-01 07:02:00,1.12782
2025-01-01 07:03:00,1.1277597
2025-01-01 07:04:00,1.1276952
2025-01-01 07:05:00,1.1276267
2025-01-01 07:06:00,1.1275539
2025-01-01 07:07:00,1.1274772
2025-01-01 07:08:00,1.1273962
2025-01-01 07:09:00,1.1273112
2025-01-01 07:10:00,1.1272222
2025-01-01 07:11:00,1.1271291
2025-01-01 07:12:00,1.127032
2025-01-01 07:13:00,1.1269308
2025-01-01 07:14:00,1.1268257
2025-01-01 07:15:00,1.1267166
2025-01-01 07:16:00,1.1266035
2025-01-01 07:17:00,1.1264864
2025-01-01 07:18:00,1.1263654
2025-01-01 07:19:00,1.1262405
2025-01-01 07:20:00,1.1261116
2025-01-01 07:21:00,1.125979
2025-01-01 07:22:00,1.1258423
2025-01-01 07:23:00,1.1257019
2025-01-01 07:24:00,1.1255577
2025-01-01 07:25:00,1.1254096
2025-01-01 07:26:00,1.1252577
2025-01-01 07:27:00,1.1251022
2025-01-01 07:28:00,1.1249428
2025-01-01 07:29:00,1.1247797
2025-01-01 07:30:00,1.1246129
2025-01-01 07:31:00,1.1244425
2025-01-01 07:32:00,1.1242683
2025-01-01 07:33:00,1.1240906
2025-01-01 07:34:00,1.1239092
2025-01-01 07:35:00,1.1237242
2025-01-01 07:36:00,1.1235358
2025-01-01 07:37:00,1.1233437
2025-01-01 07:38:00,1.1231482
2025-01-01 07:39:00,1.1229492
2025-01-01 07:40:00,1.1227468
2025-01-01 07:41:00,1.122541
2025-01-01 07:42:00,1.1223316
2025-01-01 07:43:00,1.122119
2025-01-01 07:44:00,1.121903
2025-01-01 07:45:00,1.1216836
2025-01-01 07:46:00,1.121461
2025-01-01 07:47:00,1.1212351
2025-01-01 07:48:00,1.121006
2025-01-01 07:49:00,1.1207738
2025-01-01 07:50:00,1.1205382
2025-01-01 07:51:00,1.1202997
2025-01-01 07:52:00,1.120058
2025-01-01 07:53:00,1.1198131
2025-01-01 07:54:00,1.1195652
2025-01-01 07:55:00,1.1193144
2025-01-01 07:56:00,1.1190605
2025-01-01 07:57:00,1.1188037
2025-01-01 07:58:00,1.1185441
2025-01-01 07:59:00,1.1182815
2025-01-01 08:00:00,1.118016
2025-01-01 08:01:00,1.1177477
2025-01-01 08:02:00,1.1174767
2025-01-01 08:03:00,1.1172028
2025-01-01 08:04:00,1.1169263
2025-01-01 08:05:00,1.1166471
2025-01-01 08:06:00,1.1163652
2025-01-01 08:07:00,1.1160808
2025-01-01 08:08:00,1.1157937
2025-01-01 08:09:00,1.115504
2025-01-01 08:10:00,1.115212
2025-01-01 08:11:00,1.1149174
2025-01-01 08:12:00,1.1146204
2025-01-01 08:13:00,1.114321
2025-01-01 08:14:00,1.1140193
2025-01-01 08:15:00,1.1137152
2025-01-01 08:16:00,1.1134088
2025-01-01 08:17:00,1.1131002
2025-01-01 08:18:00,1.1127893
2025-01-01 08:19:00,1.1124763
2025-01-01 08:20:00,1.1121612
2025-01-01 08:21:00,1.1118438
2025-01-01 08:22:00,1.1115246
2025-01-01 08:23:00,1.1112033
2025-01-01 08:24:00,1.11088
2025-01-01 08:25:00,1.1105548
2025-01-01 08:26:00,1.1102276
2025-01-01 08:27:00,1.1098986
2025-01-01 08:28:00,1.1095678
2025-01-01 08:29:00,1.109235
2025-01-01 08:30:00,1.1089007
2025-01-01 08:31:00,1.1085646
2025-01-01 08:32:00,1.1082268
2025-01-01 08:33:00,1.1078874
2025-01-01 08:34:00,1.1075463
2025-01-01 08:35:00,1.1072038
2025-01-01 08:36:00,1.1068597
2025-01-01 08:37:00,1.1065142
2025-01-01 08:38:00,1.1061672
2025-01-01 08:39:00,1.1058189
2025-01-01 08:40:00,1.1054691
2025-01-01 08:41:00,1.1051182
2025-01-01 08:42:00,1.1047659
2025-01-01 08:43:00,1.1044123
2025-01-01 08:44:00,1.1040576
2025-01-01 08:45:00,1.1037017
2025-01-01 08:46:00,1.1033448
2025-01-01 08:47:00,1.1029867
2025-01-01 08:48:00,1.1026276
2025-01-01 08:49:00,1.1022676
2025-01-01 08:50:00,1.1019065
2025-01-01 08:51:00,1.1015447
2025-01-01 08:52:00,1.1011819
2025-01-01 08:53:00,1.1008183
2025-01-01 08:54:00,1.1004539
2025-01-01 08:55:00,1.1000887
2025-01-01 08:56:00,1.0997229
2025-01-01 08:57:00,1.0993564
2025-01-01 08:58:00,1.0989892
2025-01-01 08:59:00,1.0986216
2025-01-01 09:00:00,1.0982534
2025-01-01 09:01:00,1.0978845
2025-01-01 09:02:00,1.0975153
2025-01-01 09:03:00,1.0971457
2025-01-01 09:04:00,1.0967757
2025-01-01 09:05:00,1.0964053
2025-01-01 09:06:00,1.0960345
2025-01-01 09:07:00,1.0956635
2025-01-01 09:08:00,1.0952926
2025-01-01 09:09:00,1.0949211
2025-01-01 09:10:00,1.0945497
2025-01-01 09:11:00,1.0941781
2025-01-01 09:12:00,1.0938063
2025-01-01 09:13:00,1.0934346
2025-01-01 09:14:00,1.0930629
2025-01-01 09:15:00,1.0926912
2025-01-01 09:16:00,1.0923196
2025-01-01 09:17:00,1.091948
2025-01-01 09:18:00,1.0915768
2025-01-01 09:19:00,1.0912056
2025-01-01 09:20:00,1.0908347
2025-01-01 09:21:00,1.0904641
2025-01-01 09:22:00,1.0900939
2025-01-01 09:23:00,1.0897238
2025-01-01 09:24:00,1.0893543
2025-01-01 09:25:00,1.0889851
2025-01-01 09:26:00,1.0886164
2025-01-01 09:27:00,1.0882481
2025-01-01 09:28:00,1.0878804
2025-01-01 09:29:00,1.0875133
2025-01-01 09:30:00,1.0871468
2025-01-01 09:31:00,1.0867808
2025-01-01 09:32:00,1.0864156
2025-01-01 09:33:00,1.086051
2025-01-01 09:34:00,1.0856873
2025-01-01 09:35:00,1.0853242
2025-01-01 09:36:00,1.084962
2025-01-01 09:37:00,1.0846006
2025-01-01 09:38:00,1.0842401
2025-01-01 09:39:00,1.0838804
2025-01-01 09:40:00,1.0835217
2025-01-01 09:41:00,1.083164
2025-01-01 09:42:00,1.0828073
2025-01-01 09:43:00,1.0824516
2025-01-01 09:44:00,1.0820969
2025-01-01 09:45:00,1.0817435
2025-01-01 09:46:00,1.081391
2025-01-01 09:47:00,1.0810398
2025-01-01 09:48:00,1.0806897
2025-01-01 09:49:00,1.0803409
2025-01-01 09:50:00,1.0799934
2025-01-01 09:51:00,1.0796471
2025-01-01 09:52:00,1.079302
2025-01-01 09:53:00,1.0789583
2025-01-01 09:54:00,1.0786159
2025-01-01 09:55:00,1.078275
2025-01-01 09:56:00,1.0779355
2025-01-01 09:57:00,1.0775974
2025-01-01 09:58:00,1.0772607
2025-01-01 09:59:00,1.0769255
2025-01-01 10:00:00,1.076592
2025-01-01 10:01:00,1.0762599
2025-01-01 10:02:00,1.0759294
2025-01-01 10:03:00,1.0756005
2025-01-01 10:04:00,1.0752732
2025-01-01 10:05:00,1.0749475
2025-01-01 10:06:00,1.0746236
2025-01-01 10:07:00,1.0743012
2025-01-01 10:08:00,1.0739807
2025-01-01 10:09:00,1.0736618
2025-01-01 10:10:00,1.0733448
2025-01-01 10:11:00,1.0730295
2025-01-01 10:12:00,1.072716
2025-01-01 10:13:00,1.0724043
2025-01-01 10:14:00,1.0720944
2025-01-01 10:15:00,1.0717865
2025-01-01 10:16:00,1.0714804
2025-01-01 10:17:00,1.0711762
2025-01-01 10:18:00,1.0708739
2025-01-01 10:19:00,1.0705736
2025-01-01 10:20:00,1.0702752
2025-01-01 10:21:00,1.0699787
2025-01-01 10:22:00,1.0696843
2025-01-01 10:23:00,1.0693918
2025-01-01 10:24:00,1.0691015
2025-01-01 10:25:00,1.0688131
2025-01-01 10:26:00,1.0685267
2025-01-01 10:27:00,1.0682425
2025-01-01 10:28:00,1.0679604
2025-01-01 10:29:00,1.0676802
2025-01-01 10:30:00,1.0674024
2025-01-01 10:31:00,1.0671264
2025-01-01 10:32:00,1.0668527
2025-01-01 10:33:00,1.0665811
2025-01-01 10:34:00,1.0663117
2025-01-01 10:35:00,1.0660446
2025-01-01 10:36:00,1.0657794
2025-01-01 10:37:00,1.0655166
2025-01-01 10:38:00,1.0652559
2025-01-01 10:39:00,1.0649974
2025-01-01 10:40:00,1.0647411
2025-01-01 10:41:00,1.0644871
2025-01-01 10:42:00,1.0642352
2025-01-01 10:43:00,1.0639857
2025-01-01 10:44:00,1.0637383
2025-01-01 10:45:00,1.0634933
2025-01-01 10:46:00,1.0632504
2025-01-01 10:47:00,1.0630099
2025-01-01 10:48:00,1.0627716
2025-01-01 10:49:00,1.0625355
2025-01-01 10:50:00,1.0623018
2025-01-01 10:51:00,1.0620703
2025-01-01 10:52:00,1.0618411
2025-01-01 10:53:00,1.0616142
2025-01-01 10:54:00,1.0613896
2025-01-01 10:55:00,1.0611672
2025-01-01 10:56:00,1.0609472
2025-01-01 10:57:00,1.0607295
2025-01-01 10:58:00,1.060514
2025-01-01 10:59:00,1.0603008
2025-01-01 11:00:00,1.06009
2025-01-01 11:01:00,1.0598814
2025-01-01 11:02:00,1.0596751
2025-01-01 11:03:00,1.0594711
2025-01-01 11:04:00,1.0592694
2025-01-01 11:05:00,1.05907
2025-01-01 11:06:00,1.0588728
2025-01-01 11:07:00,1.0586779
2025-01-01 11:08:00,1.0584854
2025-01-01 11:09:00,1.058295
2025-01-01 11:10:00,1.0581069
2025-01-01 11:11:00,1.0579212
2025-01-01 11:12:00,1.0577376
2025-01-01 11:13:00,1.0575563
2025-01-01 11:14:00,1.0573771
2025-01-01 11:15:00,1.0572003
2025-01-01 11:16:00,1.0570257
2025-01-01 11:17:00,1.0568534
2025-01-01 11:18:00,1.0566832
2025-01-01 11:19:00,1.0565151
2025-01-01 11:20:00,1.0563493
2025-01-01 11:21:00,1.0561856
2025-01-01 11:22:00,1.0560242
2025-01-01 11:23:00,1.0558648
2025-01-01 11:24:00,1.0557077
2025-01-01 11:25:00,1.0555526
2025-01-01 11:26:00,1.0553997
2025-01-01 11:27:00,1.055249
2025-01-01 11:28:00,1.0551002
2025-01-01 11:29:00,1.0549536
2025-01-01 11:30:00,1.054809
2025-01-01 11:31:00,1.0546665
2025-01-01 11:32:00,1.0545261
2025-01-01 11:33:00,1.0543877
2025-01-01 11:34:00,1.0542513
2025-01-01 11:35:00,1.0541168
2025-01-01 11:36:00,1.0539845
2025-01-01 11:37:00,1.053854
2025-01-01 11:38:00,1.0537256
2025-01-01 11:39:00,1.053599
2025-01-01 11:40:00,1.0534743
2025-01-01 11:41:00,1.0533516
2025-01-01 11:42:00,1.0532308
2025-01-01 11:43:00,1.0531118
2025-01-01 11:44:00,1.0529946
2025-01-01 11:45:00,1.0528793
2025-01-01 11:46:00,1.0527657
2025-01-01 11:47:00,1.052654
2025-01-01 11:48:00,1.0525441
2025-01-01 11:49:00,1.0524359
2025-01-01 11:50:00,1.0523294
2025-01-01 11:51:00,1.0522246
2025-01-01 11:52:00,1.0521216
2025-01-01 11:53:00,1.0520202
2025-01-01 11:54:00,1.0519204
2025-01-01 11:55:00,1.0518223
2025-01-01 11:56:00,1.0517257
2025-01-01 11:57:00,1.0516307
2025-01-01 11:58:00,1.0515374
2025-01-01 11:59:00,1.0514455
2025-01-01 12:00:00,1.0513551
2025-01-01 12:01:00,1.0512662
2025-01-01 12:02:00,1.0511789
2025-01-01 12:03:00,1.051093
2025-01-01 12:04:00,1.0510083
2025-01-01 12:05:00,1.0509251
2025-01-01 12:06:00,1.0508434
2025-01-01 12:07:00,1.0507629
2025-01-01 12:08:00,1.0506837
2025-01-01 12:09:00,1.0506058
2025-01-01 12:10:00,1.0505292
2025-01-01 12:11:00,1.0504539
2025-01-01 12:12:00,1.0503796
2025-01-01 12:13:00,1.0503067
2025-01-01 12:14:00,1.0502349
2025-01-01 12:15:00,1.0501642
2025-01-01 12:16:00,1.0500946
2025-01-01 12:17:00,1.050026
2025-01-01 12:18:00,1.0499586
2025-01-01 12:19:00,1.0498922
2025-01-01 12:20:00,1.0498267
2025-01-01 12:21:00,1.0497622
2025-01-01 12:22:00,1.0496987
2025-01-01 12:23:00,1.0496361
2025-01-01 12:24:00,1.0495744
2025-01-01 12:25:00,1.0495136
2025-01-01 12:26:00,1.0494535
2025-01-01 12:27:00,1.0493942
2025-01-01 12:28:00,1.0493357
2025-01-01 12:29:00,1.049278
2025-01-01 12:30:00,1.049221
2025-01-01 12:31:00,1.0491647
2025-01-01 12:32:00,1.049109
2025-01-01 12:33:00,1.0490539
2025-01-01 12:34:00,1.0489995
2025-01-01 12:35:00,1.0489457
2025-01-01 12:36:00,1.0488923
2025-01-01 12:37:00,1.0488394
2025-01-01 12:38:00,1.0487871
2025-01-01 12:39:00,1.0487351
2025-01-01 12:40:00,1.0486838
2025-01-01 12:41:00,1.0486326
2025-01-01 12:42:00,1.0485818
2025-01-01 12:43:00,1.0485315
2025-01-01 12:44:00,1.0484816
2025-01-01 12:45:00,1.0484318
2025-01-01 12:46:00,1.0483822
2025-01-01 12:47:00,1.0483328
2025-01-01 12:48:00,1.0482837
2025-01-01 12:49:00,1.0482347
2025-01-01 12:50:00,1.0481858
2025-01-01 12:51:00,1.0481371
2025-01-01 12:52:00,1.0480883
2025-01-01 12:53:00,1.0480397
2025-01-01 12:54:00,1.047991
2025-01-01 12:55:00,1.0479424
2025-01-01 12:56:00,1.0478936
2025-01-01 12:57:00,1.0478449
2025-01-01 12:58:00,1.047796
2025-01-01 12:59:00,1.0477469
2025-01-01 13:00:00,1.0476978
2025-01-01 13:01:00,1.0476483
2025-01-01 13:02:00,1.0475987
2025-01-01 13:03:00,1.0475489
2025-01-01 13:04:00,1.0474987
2025-01-01 13:05:00,1.0474483
2025-01-01 13:06:00,1.0473975
2025-01-01 13:07:00,1.0473464
2025-01-01 13:08:00,1.0472949
2025-01-01 13:09:00,1.0472429
2025-01-01 13:10:00,1.0471904
2025-01-01 13:11:00,1.0471376
2025-01-01 13:12:00,1.0470842
2025-01-01 13:13:00,1.0470303
2025-01-01 13:14:00,1.0469759
2025-01-01 13:15:00,1.0469208
2025-01-01 13:16:00,1.0468651
2025-01-01 13:17:00,1.0468088
2025-01-01 13:18:00,1.0467519
2025-01-01 13:19:00,1.0466942
2025-01-01 13:20:00,1.0466359
2025-01-01 13:21:00,1.0465767
2025-01-01 13:22:00,1.0465169
2025-01-01 13:23:00,1.0464562
2025-01-01 13:24:00,1.0463947
2025-01-01 13:25:00,1.0463324
2025-01-01 13:26:00,1.0462692
2025-01-01 13:27:00,1.0462052
2025-01-01 13:28:00,1.0461401
2025-01-01 13:29:00,1.0460742
2025-01-01 13:30:00,1.0460074
2025-01-01 13:31:00,1.0459396
2025-01-01 13:32:00,1.0458707
2025-01-01 13:33:00,1.0458007
2025-01-01 13:34:00,1.0457298
2025-01-01 13:35:00,1.0456576
2025-01-01 13:36:00,1.0455844
2025-01-01 13:37:00,1.0455102
2025-01-01 13:38:00,1.0454347
2025-01-01 13:39:00,1.0453582
2025-01-01 13:40:00,1.0452803
2025-01-01 13:41:00,1.0452013
2025-01-01 13:42:00,1.0451212
2025-01-01 13:43:00,1.0450397
2025-01-01 13:44:00,1.0449569
2025-01-01 13:45:00,1.0448729
2025-01-01 13:46:00,1.0447875
2025-01-01 13:47:00,1.0447009
2025-01-01 13:48:00,1.0446129
2025-01-01 13:49:00,1.0445236
2025-01-01 13:50:00,1.0444328
2025-01-01 13:51:00,1.0443406
2025-01-01 13:52:00,1.0442472
2025-01-01 13:53:00,1.0441521
2025-01-01 13:54:00,1.0440557
2025-01-01 13:55:00,1.0439578
2025-01-01 13:56:00,1.0438584
2025-01-01 13:57:00,1.0437576
2025-01-01 13:58:00,1.0436552
2025-01-01 13:59:00,1.0435513
2025-01-01 14:00:00,1.0434458
2025-01-01 14:01:00,1.0433389
2025-01-01 14:02:00,1.0432303
2025-01-01 14:03:00,1.0431201
2025-01-01 14:04:00,1.0430084
2025-01-01 14:05:00,1.0428951
2025-01-01 14:06:00,1.0427802
2025-01-01 14:07:00,1.0426636
2025-01-01 14:08:00,1.0425453
2025-01-01 14:09:00,1.0424255
2025-01-01 14:10:00,1.042304
2025-01-01 14:11:00,1.0421809
2025-01-01 14:12:00,1.0420561
2025-01-01 14:13:00,1.0419295
2025-01-01 14:14:00,1.0418012
2025-01-01 14:15:00,1.0416713
2025-01-01 14:16:00,1.0415397
2025-01-01 14:17:00,1.0414063
2025-01-01 14:18:00,1.0412711
2025-01-01 14:19:00,1.0411344
2025-01-01 14:20:00,1.0409957
2025-01-01 14:21:00,1.0408554
2025-01-01 14:22:00,1.0407133
2025-01-01 14:23:00,1.0405695
2025-01-01 14:24:00,1.040424
2025-01-01 14:25:00,1.0402766
2025-01-01 14:26:00,1.0401275
2025-01-01 14:27:00,1.0399766
2025-01-01 14:28:00,1.039824
2025-01-01 14:29:00,1.0396695
2025-01-01 14:30:00,1.0395133
2025-01-01 14:31:00,1.0393554
2025-01-01 14:32:00,1.0391957
2025-01-01 14:33:00,1.0390341
2025-01-01 14:34:00,1.0388708
2025-01-01 14:35:00,1.0387057
2025-01-01 14:36:00,1.0385388
2025-01-01 14:37:00,1.0383703
2025-01-01 14:38:00,1.0381998
2025-01-01 14:39:00,1.0380276
2025-01-01 14:40:00,1.0378537
2025-01-01 14:41:00,1.037678
2025-01-01 14:42:00,1.0375005
2025-01-01 14:43:00,1.0373213
2025-01-01 14:44:00,1.0371404
2025-01-01 14:45:00,1.0369576
2025-01-01 14:46:00,1.0367732
2025-01-01 14:47:00,1.036587
2025-01-01 14:48:00,1.036399
2025-01-01 14:49:00,1.0362095
2025-01-01 14:50:00,1.036018
2025-01-01 14:51:00,1.035825
2025-01-01 14:52:00,1.0356302
2025-01-01 14:53:00,1.0354338
2025-01-01 14:54:00,1.0352356
2025-01-01 14:55:00,1.0350358
2025-01-01 14:56:00,1.0348344
2025-01-01 14:57:00,1.0346315
2025-01-01 14:58:00,1.0344267
2025-01-01 14:59:00,1.0342203
2025-01-01 15:00:00,1.0340123
2025-01-01 15:01:00,1.0338027
2025-01-01 15:02:00,1.0335916
2025-01-01 15:03:00,1.0333788
2025-01-01 15:04:00,1.0331645
2025-01-01 15:05:00,1.0329486
2025-01-01 15:06:00,1.0327313
2025-01-01 15:07:00,1.0325123
2025-01-01 15:08:00,1.0322919
2025-01-01 15:09:00,1.0320699
2025-01-01 15:10:00,1.0318465
2025-01-01 15:11:00,1.0316217
2025-01-01 15:12:00,1.0313954
2025-01-01 15:13:00,1.0311677
2025-01-01 15:14:00,1.0309386
2025-01-01 15:15:00,1.0307081
2025-01-01 15:16:00,1.0304762
2025-01-01 15:17:00,1.030243
2025-01-01 15:18:00,1.0300086
2025-01-01 15:19:00,1.0297726
2025-01-01 15:20:00,1.0295355
2025-01-01 15:21:00,1.0292971
2025-01-01 15:22:00,1.0290575
2025-01-01 15:23:00,1.0288166
2025-01-01 15:24:00,1.0285745
2025-01-01 15:25:00,1.0283313
2025-01-01 15:26:00,1.0280869
2025-01-01 15:27:00,1.0278413
2025-01-01 15:28:00,1.0275947
2025-01-01 15:29:00,1.0273468
2025-01-01 15:30:00,1.0270981
2025-01-01 15:31:00,1.0268482
2025-01-01 15:32:00,1.0265974
2025-01-01 15:33:00,1.0263455
2025-01-01 15:34:00,1.0260928
2025-01-01 15:35:00,1.025839
2025-01-01 15:36:00,1.0255843
2025-01-01 15:37:00,1.0253288
2025-01-01 15:38:00,1.0250725
2025-01-01 15:39:00,1.0248152
2025-01-01 15:40:00,1.0245572
2025-01-01 15:41:00,1.0242984
2025-01-01 15:42:00,1.0240388
2025-01-01 15:43:00,1.0237786
2025-01-01 15:44:00,1.0235176
2025-01-01 15:45:00,1.023256
2025-01-01 15:46:00,1.0229938
2025-01-01 15:47:00,1.0227308
2025-01-01 15:48:00,1.0224675
2025-01-01 15:49:00,1.0222036
2025-01-01 15:50:00,1.021939
2025-01-01 15:51:00,1.0216742
2025-01-01 15:52:00,1.0214088
2025-01-01 15:53:00,1.021143
2025-01-01 15:54:00,1.0208768
2025-01-01 15:55:00,1.0206102
2025-01-01 15:56:00,1.0203434
2025-01-01 15:57:00,1.0200763
2025-01-01 15:58:00,1.0198089
2025-01-01 15:59:00,1.0195413
2025-01-01 16:00:00,1.0192735
2025-01-01 16:01:00,1.0190057
2025-01-01 16:02:00,1.0187376
2025-01-01 16:03:00,1.0184695
2025-01-01 16:04:00,1.0182012
2025-01-01 16:05:00,1.017933
2025-01-01 16:06:00,1.0176648
2025-01-01 16:07:00,1.0173967
2025-01-01 16:08:00,1.0171287
2025-01-01 16:09:00,1.0168607
2025-01-01 16:10:00,1.016593
2025-01-01 16:11:00,1.0163255
2025-01-01 16:12:00,1.0160581
2025-01-01 16:13:00,1.015791
2025-01-01 16:14:00,1.0155244
2025-01-01 16:15:00,1.015258
2025-01-01 16:16:00,1.0149919
2025-01-01 16:17:00,1.0147263
2025-01-01 16:18:00,1.0144612
2025-01-01 16:19:00,1.0141965
2025-01-01 16:20:00,1.0139323
2025-01-01 16:21:00,1.0136688
2025-01-01 16:22:00,1.0134058
2025-01-01 16:23:00,1.0131434
2025-01-01 16:24:00,1.0128818
2025-01-01 16:25:00,1.0126208
2025-01-01 16:26:00,1.0123607
2025-01-01 16:27:00,1.0121012
2025-01-01 16:28:00,1.0118426
2025-01-01 16:29:00,1.0115849
2025-01-01 16:30:00,1.011328
2025-01-01 16:31:00,1.011072
2025-01-01 16:32:00,1.0108172
2025-01-01 16:33:00,1.0105633
2025-01-01 16:34:00,1.0103103
2025-01-01 16:35:00,1.0100586
2025-01-01 16:36:00,1.009808
2025-01-01 16:37:00,1.0095584
2025-01-01 16:38:00,1.0093101
2025-01-01 16:39:00,1.0090631
2025-01-01 16:40:00,1.0088174
2025-01-01 16:41:00,1.0085729
2025-01-01 16:42:00,1.0083299
2025-01-01 16:43:00,1.0080882
2025-01-01 16:44:00,1.007848
2025-01-01 16:45:00,1.0076092
2025-01-01 16:46:00,1.007372
2025-01-01 16:47:00,1.0071363
2025-01-01 16:48:00,1.0069022
2025-01-01 16:49:00,1.0066696
2025-01-01 16:50:00,1.0064389
2025-01-01 16:51:00,1.0062097
2025-01-01 16:52:00,1.0059824
2025-01-01 16:53:00,1.0057567
2025-01-01 16:54:00,1.005533
2025-01-01 16:55:00,1.005311
2025-01-01 16:56:00,1.005091
2025-01-01 16:57:00,1.0048729
2025-01-01 16:58:00,1.0046567
2025-01-01 16:59:00,1.0044426
2025-01-01 17:00:00,1.0042304
2025-01-01 17:01:00,1.0040205
2025-01-01 17:02:00,1.0038124
2025-01-01 17:03:00,1.0036067
2025-01-01 17:04:00,1.0034031
2025-01-01 17:05:00,1.0032018
2025-01-01 17:06:00,1.0030028
2025-01-01 17:07:00,1.002806
2025-01-01 17:08:00,1.0026115
2025-01-01 17:09:00,1.0024194
2025-01-01 17:10:00,1.0022296
2025-01-01 17:11:00,1.0020423
2025-01-01 17:12:00,1.0018575
2025-01-01 17:13:00,1.0016752
2025-01-01 17:14:00,1.0014955
2025-01-01 17:15:00,1.0013183
2025-01-01 17:16:00,1.0011437
2025-01-01 17:17:00,1.0009718
2025-01-01 17:18:00,1.0008026
2025-01-01 17:19:00,1.0006361
2025-01-01 17:20:00,1.0004723
2025-01-01 17:21:00,1.0003113
2025-01-01 17:22:00,1.0001531
2025-01-01 17:23:00,0.99999774
2025-01-01 17:24:00,0.99984527
2025-01-01 17:25:00,0.9996957
2025-01-01 17:26:00,0.9995491
2025-01-01 17:27:00,0.99940544
2025-01-01 17:28:00,0.99926484
2025-01-01 17:29:00,0.9991272
2025-01-01 17:30:00,0.9989927
2025-01-01 17:31:00,0.99886125
2025-01-01 17:32:00,0.9987329
2025-01-01 17:33:00,0.99860775
2025-01-01 17:34:00,0.9984858
2025-01-01 17:35:00,0.9983671
2025-01-01 17:36:00,0.99825156
2025-01-01 17:37:00,0.9981393
2025-01-01 17:38:00,0.99803036
2025-01-01 17:39:00,0.99792475
2025-01-01 17:40:00,0.9978225
2025-01-01 17:41:00,0.9977237
2025-01-01 17:42:00,0.9976282
2025-01-01 17:43:00,0.9975362
2025-01-01 17:44:00,0.99744767
2025-01-01 17:45:00,0.9973626
2025-01-01 17:46:00,0.9972811
2025-01-01 17:47:00,0.99720305
2025-01-01 17:48:00,0.9971286
2025-01-01 17:49:00,0.9970578
2025-01-01 17:50:00,0.99699056
2025-01-01 17:51:00,0.99692696
2025-01-01 17:52:00,0.9968671
2025-01-01 17:53:00,0.9968109
2025-01-01 17:54:00,0.99675834
2025-01-01 17:55:00,0.9967095
2025-01-01 17:56:00,0.9966644
2025-01-01 17:57:00,0.9966231
2025-01-01 17:58:00,0.9965856
2025-01-01 17:59:00,0.99655193
2025-01-01 18:00:00,0.99652207
2025-01-01 18:01:00,0.996496
2025-01-01 18:02:00,0.99647385
2025-01-01 18:03:00,0.9964556
2025-01-01 18:04:00,0.99644125
2025-01-01 18:05:00,0.9964308
2025-01-01 18:06:00,0.9964243
2025-01-01 18:07:00,0.9964218
2025-01-01 18:08:00,0.99642324
2025-01-01 18:09:00,0.99642867
2025-01-01 18:10:00,0.9964381
2025-01-01 18:11:00,0.99645156
2025-01-01 18:12:00,0.9964691
2025-01-01 18:13:00,0.9964906
2025-01-01 18:14:00,0.9965162
2025-01-01 18:15:00,0.9965459
2025-01-01 18:16:00,0.99657965
2025-01-01 18:17:00,0.99661756
2025-01-01 18:18:00,0.9966595
2025-01-01 18:19:00,0.99670565
2025-01-01 18:20:00,0.9967559
2025-01-01 18:21:00,0.99681026
2025-01-01 18:22:00,0.99686885
2025-01-01 18:23:00,0.99693155
2025-01-01 18:24:00,0.9969984
2025-01-01 18:25:00,0.9970695
2025-01-01 18:26:00,0.99714476
2025-01-01 18:27:00,0.9972242
2025-01-01 18:28:00,0.9973079
2025-01-01 18:29:00,0.99739575
2025-01-01 18:30:00,0.99748784
2025-01-01 18:31:00,0.99758416
2025-01-01 18:32:00,0.9976847
2025-01-01 18:33:00,0.9977896
2025-01-01 18:34:00,0.99789864
2025-01-01 18:35:00,0.9980119
2025-01-01 18:36:00,0.99812937
2025-01-01 18:37:00,0.9982511
2025-01-01 18:38:00,0.9983771
2025-01-01 18:39:00,0.9985073
2025-01-01 18:40:00,0.99864185
2025-01-01 18:41:00,0.99878055
2025-01-01 18:42:00,0.99892354
2025-01-01 18:43:00,0.99907076
2025-01-01 18:44:00,0.9992223
2025-01-01 18:45:00,0.99937797
2025-01-01 18:46:00,0.99953794
2025-01-01 18:47:00,0.9997022
2025-01-01 18:48:00,0.99987066
2025-01-01 18:49:00,1.0000434
2025-01-01 18:50:00,1.0002203
2025-01-01 18:51:00,1.0004015
2025-01-01 18:52:00,1.0005869
2025-01-01 18:53:00,1.0007764
2025-01-01 18:54:00,1.0009702
2025-01-01 18:55:00,1.0011683
2025-01-01 18:56:00,1.0013704
2025-01-01 18:57:00,1.0015769
2025-01-01 18:58:00,1.0017874
2025-01-01 18:59:00,1.0020022
2025-01-01 19:00:00,1.0022211
2025-01-01 19:01:00,1.0024443
2025-01-01 19:02:00,1.0026715
2025-01-01 19:03:00,1.0029029
2025-01-01 19:04:00,1.0031383
2025-01-01 19:05:00,1.0033779
2025-01-01 19:06:00,1.0036216
2025-01-01 19:07:00,1.0038694
2025-01-01 19:08:00,1.0041213
2025-01-01 19:09:00,1.0043772
2025-01-01 19:10:00,1.0046372
2025-01-01 19:11:00,1.0049012
2025-01-01 19:12:00,1.0051693
2025-01-01 19:13:00,1.0054413
2025-01-01 19:14:00,1.0057173
2025-01-01 19:15:00,1.0059973
2025-01-01 19:16:00,1.0062813
2025-01-01 19:17:00,1.0065691
2025-01-01 19:18:00,1.006861
2025-01-01 19:19:00,1.0071568
2025-01-01 19:20:00,1.0074564
2025-01-01 19:21:00,1.0077599
2025-01-01 19:22:00,1.0080673
2025-01-01 19:23:00,1.0083784
2025-01-01 19:24:00,1.0086933
2025-01-01 19:25:00,1.0090121
2025-01-01 19:26:00,1.0093347
2025-01-01 19:27:00,1.0096608
2025-01-01 19:28:00,1.0099908
2025-01-01 19:29:00,1.0103245
2025-01-01 19:30:00,1.0106618
2025-01-01 19:31:00,1.0110029
2025-01-01 19:32:00,1.0113475
2025-01-01 19:33:00,1.0116957
2025-01-01 19:34:00,1.0120476
2025-01-01 19:35:00,1.012403
2025-01-01 19:36:00,1.012762
2025-01-01 19:37:00,1.0131243
2025-01-01 19:38:00,1.0134902
2025-01-01 19:39:00,1.0138596
2025-01-01 19:40:00,1.0142324
2025-01-01 19:41:00,1.0146086
2025-01-01 19:42:00,1.0149882
2025-01-01 19:43:00,1.015371
2025-01-01 19:44:00,1.0157573
2025-01-01 19:45:00,1.0161468
2025-01-01 19:46:00,1.0165396
2025-01-01 19:47:00,1.0169355
2025-01-01 19:48:00,1.0173347
2025-01-01 19:49:00,1.0177372
2025-01-01 19:50:00,1.0181426
2025-01-01 19:51:00,1.0185512
2025-01-01 19:52:00,1.018963
2025-01-01 19:53:00,1.0193777
2025-01-01 19:54:00,1.0197954
2025-01-01 19:55:00,1.0202162
2025-01-01 19:56:00,1.0206399
2025-01-01 19:57:00,1.0210664
2025-01-01 19:58:00,1.0214959
2025-01-01 19:59:00,1.0219283
2025-01-01 20:00:00,1.0223637
2025-01-01 20:01:00,1.0228015
2025-01-01 20:02:00,1.0232424
2025-01-01 20:03:00,1.0236857
2025-01-01 20:04:00,1.0241318
2025-01-01 20:05:00,1.0245806
2025-01-01 20:06:00,1.0250319
2025-01-01 20:07:00,1.0254859
2025-01-01 20:08:00,1.0259423
2025-01-01 20:09:00,1.0264014
2025-01-01 20:10:00,1.0268629
2025-01-01 20:11:00,1.0273267
2025-01-01 20:12:00,1.027793
2025-01-01 20:13:00,1.0282617
2025-01-01 20:14:00,1.0287327
2025-01-01 20:15:00,1.0292059
2025-01-01 20:16:00,1.0296814
2025-01-01 20:17:00,1.0301592
2025-01-01 20:18:00,1.030639
2025-01-01 20:19:00,1.0311211
2025-01-01 20:20:00,1.0316054
2025-01-01 20:21:00,1.0320915
2025-01-01 20:22:00,1.0325797
2025-01-01 20:23:00,1.0330698
2025-01-01 20:24:00,1.0335621
2025-01-01 20:25:00,1.0340562
2025-01-01 20:26:00,1.0345521
2025-01-01 20:27:00,1.0350498
2025-01-01 20:28:00,1.0355494
2025-01-01 20:29:00,1.0360507
2025-01-01 20:30:00,1.0365536
2025-01-01 20:31:00,1.0370584
2025-01-01 20:32:00,1.0375646
2025-01-01 20:33:00,1.0380726
2025-01-01 20:34:00,1.038582
2025-01-01 20:35:00,1.0390929
2025-01-01 20:36:00,1.0396054
2025-01-01 20:37:00,1.0401193
2025-01-01 20:38:00,1.0406345
2025-01-01 20:39:00,1.0411512
2025-01-01 20:40:00,1.041669
2025-01-01 20:41:00,1.0421882
2025-01-01 20:42:00,1.0427086
2025-01-01 20:43:00,1.0432303
2025-01-01 20:44:00,1.043753
2025-01-01 20:45:00,1.0442768
2025-01-01 20:46:00,1.044802
2025-01-01 20:47:00,1.0453279
2025-01-01 20:48:00,1.0458548
2025-01-01 20:49:00,1.0463828
2025-01-01 20:50:00,1.0469115
2025-01-01 20:51:00,1.0474412
2025-01-01 20:52:00,1.0479717
2025-01-01 20:53:00,1.048503
2025-01-01 20:54:00,1.0490351
2025-01-01 20:55:00,1.0495677
2025-01-01 20:56:00,1.0501012
2025-01-01 20:57:00,1.0506352
2025-01-01 20:58:00,1.0511698
2025-01-01 20:59:00,1.0517049
2025-01-01 21:00:00,1.0522406
2025-01-01 21:01:00,1.0527767
2025-01-01 21:02:00,1.0533133
2025-01-01 21:03:00,1.0538502
2025-01-01 21:04:00,1.0543875
2025-01-01 21:05:00,1.0549251
2025-01-01 21:06:00,1.0554628
2025-01-01 21:07:00,1.056001
2025-01-01 21:08:00,1.0565393
2025-01-01 21:09:00,1.0570776
2025-01-01 21:10:00,1.0576162
2025-01-01 21:11:00,1.0581548
2025-01-01 21:12:00,1.0586934
2025-01-01 21:13:00,1.059232
2025-01-01 21:14:00,1.0597706
2025-01-01 21:15:00,1.0603092
2025-01-01 21:16:00,1.0608475
2025-01-01 21:17:00,1.0613856
2025-01-01 21:18:00,1.0619237
2025-01-01 21:19:00,1.0624615
2025-01-01 21:20:00,1.062999
2025-01-01 21:21:00,1.0635363
2025-01-01 21:22:00,1.0640731
2025-01-01 21:23:00,1.0646095
2025-01-01 21:24:00,1.0651456
2025-01-01 21:25:00,1.0656812
2025-01-01 21:26:00,1.0662163
2025-01-01 21:27:00,1.066751
2025-01-01 21:28:00,1.0672852
2025-01-01 21:29:00,1.0678185
2025-01-01 21:30:00,1.0683514
2025-01-01 21:31:00,1.0688834
2025-01-01 21:32:00,1.069415
2025-01-01 21:33:00,1.0699456
2025-01-01 21:34:00,1.0704756
2025-01-01 21:35:00,1.0710047
2025-01-01 21:36:00,1.071533
2025-01-01 21:37:00,1.0720603
2025-01-01 21:38:00,1.0725869
2025-01-01 21:39:00,1.0731125
2025-01-01 21:40:00,1.0736371
2025-01-01 21:41:00,1.0741607
2025-01-01 21:42:00,1.0746833
2025-01-01 21:43:00,1.0752048
2025-01-01 21:44:00,1.0757253
2025-01-01 21:45:00,1.0762446
2025-01-01 21:46:00,1.0767627
2025-01-01 21:47:00,1.0772797
2025-01-01 21:48:00,1.0777954
2025-01-01 21:49:00,1.0783099
2025-01-01 21:50:00,1.0788232
2025-01-01 21:51:00,1.0793351
2025-01-01 21:52:00,1.0798457
2025-01-01 21:53:00,1.0803549
2025-01-01 21:54:00,1.0808628
2025-01-01 21:55:00,1.0813692
2025-01-01 21:56:00,1.0818741
2025-01-01 21:57:00,1.0823777
2025-01-01 21:58:00,1.0828798
2025-01-01 21:59:00,1.0833802
2025-01-01 22:00:00,1.0838792
2025-01-01 22:01:00,1.0843766
2025-01-01 22:02:00,1.0848724
2025-01-01 22:03:00,1.0853666
2025-01-01 22:04:00,1.0858592
2025-01-01 22:05:00,1.08635
2025-01-01 22:06:00,1.0868392
2025-01-01 22:07:00,1.0873266
2025-01-01 22:08:00,1.0878124
2025-01-01 22:09:00,1.0882963
2025-01-01 22:10:00,1.0887785
2025-01-01 22:11:00,1.0892589
2025-01-01 22:12:00,1.0897375
2025-01-01 22:13:00,1.0902143
2025-01-01 22:14:00,1.0906892
2025-01-01 22:15:00,1.0911622
2025-01-01 22:16:00,1.0916333
2025-01-01 22:17:00,1.0921025
2025-01-01 22:18:00,1.0925697
2025-01-01 22:19:00,1.093035
2025-01-01 22:20:00,1.0934983
2025-01-01 22:21:00,1.0939597
2025-01-01 22:22:00,1.094419
2025-01-01 22:23:00,1.0948763
2025-01-01 22:24:00,1.0953315
2025-01-01 22:25:00,1.0957847
2025-01-01 22:26:00,1.0962359
2025-01-01 22:27:00,1.0966849
2025-01-01 22:28:00,1.097132
2025-01-01 22:29:00,1.0975769
2025-01-01 22:30:00,1.0980196
2025-01-01 22:31:00,1.0984602
2025-01-01 22:32:00,1.0988986
2025-01-01 22:33:00,1.099335
2025-01-01 22:34:00,1.0997691
2025-01-01 22:35:00,1.100201
2025-01-01 22:36:00,1.1006309
2025-01-01 22:37:00,1.1010585
2025-01-01 22:38:00,1.1014838
2025-01-01 22:39:00,1.101907
2025-01-01 22:40:00,1.102328
2025-01-01 22:41:00,1.1027467
2025-01-01 22:42:00,1.1031631
2025-01-01 22:43:00,1.1035774
2025-01-01 22:44:00,1.1039894
2025-01-01 22:45:00,1.1043991
2025-01-01 22:46:00,1.1048065
2025-01-01 22:47:00,1.1052117
2025-01-01 22:48:00,1.1056147
2025-01-01 22:49:00,1.1060153
2025-01-01 22:50:00,1.1064137
2025-01-01 22:51:00,1.1068097
2025-01-01 22:52:00,1.1072036
2025-01-01 22:53:00,1.1075951
2025-01-01 22:54:00,1.1079844
2025-01-01 22:55:00,1.1083714
2025-01-01 22:56:00,1.108756
2025-01-01 22:57:00,1.1091383
2025-01-01 22:58:00,1.1095184
2025-01-01 22:59:00,1.1098962
2025-01-01 23:00:00,1.1102716
2025-01-01 23:01:00,1.1106448
2025-01-01 23:02:00,1.1110157
2025-01-01 23:03:00,1.1113843
2025-01-01 23:04:00,1.1117506
2025-01-01 23:05:00,1.1121147
2025-01-01 23:06:00,1.1124765
2025-01-01 23:07:00,1.1128359
2025-01-01 23:08:00,1.1131932
2025-01-01 23:09:00,1.1135482
2025-01-01 23:10:00,1.1139008
2025-01-01 23:11:00,1.1142513
2025-01-01 23:12:00,1.1145995
2025-01-01 23:13:00,1.1149455
2025-01-01 23:14:00,1.1152892
2025-01-01 23:15:00,1.1156307
2025-01-01 23:16:00,1.1159701
2025-01-01 23:17:00,1.1163071
2025-01-01 23:18:00,1.1166421
2025-01-01 23:19:00,1.1169748
2025-01-01 23:20:00,1.1173054
2025-01-01 23:21:00,1.1176337
2025-01-01 23:22:00,1.11796
2025-01-01 23:23:00,1.118284
2025-01-01 23:24:00,1.118606
2025-01-01 23:25:00,1.1189257
2025-01-01 23:26:00,1.1192434
2025-01-01 23:27:00,1.119559
2025-01-01 23:28:00,1.1198726
2025-01-01 23:29:00,1.120184
2025-01-01 23:30:00,1.1204934
2025-01-01 23:31:00,1.1208007
2025-01-01 23:32:00,1.121106
2025-01-01 23:33:00,1.1214093
2025-01-01 23:34:00,1.1217107
2025-01-01 23:35:00,1.1220099
2025-01-01 23:36:00,1.1223073
2025-01-01 23:37:00,1.1226027
2025-01-01 23:38:00,1.1228961
2025-01-01 23:39:00,1.1231877
2025-01-01 23:40:00,1.1234772
2025-01-01 23:41:00,1.1237651
2025-01-01 23:42:00,1.124051
2025-01-01 23:43:00,1.124335
2025-01-01 23:44:00,1.1246172
2025-01-01 23:45:00,1.1248977
2025-01-01 23:46:00,1.1251763
2025-01-01 23:47:00,1.1254531
2025-01-01 23:48:00,1.1257282
2025-01-01 23:49:00,1.1260016
2025-01-01 23:50:00,1.1262733
2025-01-01 23:51:00,1.1265432
2025-01-01 23:52:00,1.1268115
2025-01-01 23:53:00,1.1270782
2025-01-01 23:54:00,1.1273432
2025-01-01 23:55:00,1.1276066
2025-01-01 23:56:00,1.1278685
2025-01-01 23:57:00,1.1281288
2025-01-01 23:58:00,1.1283876
2025-01-01 23:59:00,1.1286448
