TIME,P_001_v000,P_001_v001,P_002_v000,P_002_v001
2025-01-01 00:01:00,1.00263,0.90412474,1.0056158,0.893118
2025-01-01 00:02:00,1.0026172,0.9041116,1.0056028,0.8931055
2025-01-01 00:03:00,1.0026044,0.9040985,1.0055898,0.893093
2025-01-01 00:04:00,1.0025915,0.9040854,1.005577,0.8930805
2025-01-01 00:05:00,1.0025786,0.90407234,1.005564,0.893068
2025-01-01 00:06:00,1.0025659,0.90405923,1.005551,0.89305556
2025-01-01 00:07:00,1.0025529,0.9040461,1.005538,0.89304316
2025-01-01 00:08:00,1.00254,0.904033,1.0055251,0.8930307
2025-01-01 00:09:00,1.0025271,0.9040199,1.0055121,0.8930183
2025-01-01 00:10:00,1.0025142,0.9040068,1.0054992,0.89300597
2025-01-01 00:11:00,1.0025012,0.90399367,1.0054862,0.89299357
2025-01-01 00:12:00,1.0024884,0.90398055,1.0054734,0.89298123
2025-01-01 00:13:00,1.0024754,0.90396744,1.0054605,0.89296895
2025-01-01 00:14:00,1.0024625,0.9039544,1.0054476,0.8929566
2025-01-01 00:15:00,1.0024495,0.9039413,1.0054348,0.89294434
2025-01-01 00:16:00,1.0024365,0.90392816,1.0054219,0.8929321
2025-01-01 00:17:00,1.0024236,0.90391505,1.005409,0.89291984
2025-01-01 00:18:00,1.0024107,0.90390193,1.0053961,0.8929076
2025-01-01 00:19:00,1.0023977,0.9038888,1.0053833,0.89289546
2025-01-01 00:20:00,1.0023847,0.90387577,1.0053705,0.89288324
2025-01-01 00:21:00,1.0023717,0.90386266,1.0053576,0.8928711
2025-01-01 00:22:00,1.0023587,0.90384954,1.0053449,0.892859
2025-01-01 00:23:00,1.0023456,0.9038365,1.0053321,0.8928469
2025-01-01 00:24:00,1.0023326,0.9038234,1.0053194,0.8928348
2025-01-01 00:25:00,1.0023196,0.90381026,1.0053066,0.8928227
2025-01-01 00:26:00,1.0023065,0.9037972,1.0052938,0.89281064
2025-01-01 00:27:00,1.0022935,0.90378416,1.0052811,0.89279866
2025-01-01 00:28:00,1.0022805,0.90377104,1.0052683,0.8927866
2025-01-01 00:29:00,1.0022674,0.903758,1.0052557,0.89277464
2025-01-01 00:30:00,1.0079696,0.90315884,1.0105637,0.89225304
2025-01-01 00:31:00,1.0125287,0.90276486,1.0148077,0.89190984
2025-01-01 00:32:00,1.0161732,0.90250415,1.0182004,0.89168257
2025-01-01 00:33:00,1.0190865,0.90233016,1.0209118,0.89153063
2025-01-01 00:34:00,1.0214143,0.9022125,1.0230787,0.8914279
2025-01-01 00:35:00,1.023274,0.90213144,1.0248096,0.8913569
2025-01-01 00:36:00,1.024759,0.9020742,1.0261917,0.89130664
2025-01-01 00:37:00,1.0259446,0.90203243,1.0272949,0.89126986
2025-01-01 00:38:00,1.0268904,0.9020008,1.028175,0.89124185
2025-01-01 00:39:00,1.0276444,0.90197563,1.0288767,0.89121956
2025-01-01 00:40:00,1.028245,0.90195477,1.0294355,0.891201
2025-01-01 00:41:00,1.0287228,0.9019366,1.02988,0.89118487
2025-01-01 00:42:00,1.0291024,0.9019203,1.0302331,0.89117026
2025-01-01 00:43:00,1.0294037,0.9019052,1.0305132,0.8911568
2025-01-01 00:44:00,1.0296419,0.90189075,1.0307347,0.8911439
2025-01-01 00:45:00,1.0298299,0.9018769,1.0309094,0.8911316
2025-01-01 00:46:00,1.0299776,0.90186334,1.0310467,0.89111954
2025-01-01 00:47:00,1.0300932,0.90185,1.031154,0.8911076
2025-01-01 00:48:00,1.0301831,0.9018368,1.0312376,0.89109594
2025-01-01 00:49:00,1.0302523,0.9018237,1.0313019,0.8910844
2025-01-01 00:50:00,1.0303051,0.90181065,1.0313509,0.8910728
2025-01-01 00:51:00,1.0303447,0.9017977,1.0313877,0.89106137
2025-01-01 00:52:00,1.0303738,0.9017847,1.0314145,0.8910499
2025-01-01 00:53:00,1.0303944,0.90177184,1.0314337,0.89103854
2025-01-01 00:54:00,1.0304083,0.90175897,1.0314466,0.8910272
2025-01-01 00:55:00,1.0304167,0.9017461,1.0314544,0.89101595
2025-01-01 00:56:00,1.0304209,0.9017333,1.0314584,0.8910047
2025-01-01 00:57:00,1.0304216,0.9017204,1.031459,0.8909934
2025-01-01 00:58:00,1.0304196,0.9017076,1.0314571,0.8909822
2025-01-01 00:59:00,1.0304154,0.9016948,1.0314531,0.89097106
2025-01-01 01:00:00,1.0353998,0.9018834,1.0360905,0.89132315
2025-01-01 01:01:00,1.0393847,0.90200156,1.039798,0.8915481
2025-01-01 01:02:00,1.04257,0.9020739,1.0427616,0.89169043
2025-01-01 01:03:00,1.0451156,0.9021164,1.0451301,0.8917791
2025-01-01 01:04:00,1.0471495,0.9021396,1.0470226,0.89183295
2025-01-01 01:05:00,1.048774,0.9021502,1.048534,0.89186406
2025-01-01 01:06:00,1.050071,0.9021527,1.0497408,0.8918805
2025-01-01 01:07:00,1.051106,0.90214986,1.0507039,0.8918874
2025-01-01 01:08:00,1.0519314,0.9021436,1.0514721,0.8918881
2025-01-01 01:09:00,1.052589,0.9021351,1.0520842,0.89188474
2025-01-01 01:10:00,1.0531126,0.9021251,1.0525714,0.8918788
2025-01-01 01:11:00,1.0535288,0.9021142,1.052959,0.89187115
2025-01-01 01:12:00,1.0538592,0.9021027,1.0532665,0.89186245
2025-01-01 01:13:00,1.0541209,0.90209085,1.0535103,0.89185303
2025-01-01 01:14:00,1.0543277,0.90207875,1.0537028,0.8918432
2025-01-01 01:15:00,1.0544906,0.9020664,1.0538546,0.89183307
2025-01-01 01:16:00,1.0546182,0.902054,1.0539737,0.8918228
2025-01-01 01:17:00,1.0547177,0.90204155,1.0540667,0.89181244
2025-01-01 01:18:00,1.0547947,0.90202916,1.0541387,0.891802
2025-01-01 01:19:00,1.0548537,0.90201664,1.054194,0.89179164
2025-01-01 01:20:00,1.0548983,0.9020042,1.0542359,0.89178115
2025-01-01 01:21:00,1.0549314,0.9019917,1.0542673,0.8917708
2025-01-01 01:22:00,1.0549552,0.9019792,1.0542899,0.89176035
2025-01-01 01:23:00,1.0549717,0.90196675,1.0543058,0.8917499
2025-01-01 01:24:00,1.0549824,0.9019543,1.0543162,0.89173955
2025-01-01 01:25:00,1.0549883,0.9019419,1.0543221,0.89172924
2025-01-01 01:26:00,1.0549904,0.9019295,1.0543246,0.8917189
2025-01-01 01:27:00,1.0549896,0.9019171,1.0543244,0.8917087
2025-01-01 01:28:00,1.0549862,0.9019047,1.054322,0.8916985
2025-01-01 01:29:00,1.0549811,0.90189236,1.0543177,0.8916883
2025-01-01 01:30:00,1.059151,0.9028653,1.0581942,0.89290774
2025-01-01 01:31:00,1.0624845,0.9034934,1.0612932,0.89369684
2025-01-01 01:32:00,1.0651487,0.9038974,1.06377,0.8942063
2025-01-01 01:33:00,1.0672774,0.9041557,1.0657494,0.8945339
2025-01-01 01:34:00,1.0689778,0.9043193,1.0673307,0.89474344
2025-01-01 01:35:00,1.0703356,0.9044214,1.0685934,0.8948761
2025-01-01 01:36:00,1.0714192,0.9044835,1.0696014,0.894959
2025-01-01 01:37:00,1.0722836,0.9045196,1.0704056,0.89500934
2025-01-01 01:38:00,1.0729727,0.9045388,1.0710467,0.8950386
2025-01-01 01:39:00,1.0735211,0.9045471,1.0715574,0.8950543
2025-01-01 01:40:00,1.0739576,0.9045482,1.0719637,0.8950611
2025-01-01 01:41:00,1.0743041,0.9045448,1.0722865,0.8950621
2025-01-01 01:42:00,1.0745788,0.9045383,1.0725427,0.8950594
2025-01-01 01:43:00,1.074796,0.90452987,1.0727453,0.8950542
2025-01-01 01:44:00,1.0749671,0.9045202,1.0729053,0.8950476
2025-01-01 01:45:00,1.0751016,0.9045097,1.0730312,0.8950399
2025-01-01 01:46:00,1.0752066,0.9044987,1.0731297,0.89503163
2025-01-01 01:47:00,1.0752882,0.9044874,1.0732063,0.8950229
2025-01-01 01:48:00,1.0753508,0.9044758,1.0732656,0.89501405
2025-01-01 01:49:00,1.0753984,0.9044642,1.0733107,0.8950049
2025-01-01 01:50:00,1.075434,0.9044525,1.0733447,0.8949958
2025-01-01 01:51:00,1.07546,0.9044407,1.0733699,0.89498657
2025-01-01 01:52:00,1.0754782,0.90442896,1.0733879,0.89497733
2025-01-01 01:53:00,1.0754902,0.90441716,1.0734,0.89496815
2025-01-01 01:54:00,1.0754974,0.90440536,1.0734078,0.894959
2025-01-01 01:55:00,1.0755006,0.9043936,1.0734118,0.8949498
2025-01-01 01:56:00,1.0755006,0.9043818,1.073413,0.8949406
2025-01-01 01:57:00,1.0754982,0.9043701,1.0734118,0.8949315
2025-01-01 01:58:00,1.0754938,0.9043584,1.0734088,0.89492244
2025-01-01 01:59:00,1.0754877,0.9043467,1.0734043,0.89491343
2025-01-01 02:00:00,1.078769,0.90608674,1.0764506,0.8969786
2025-01-01 02:01:00,1.0813915,0.9072137,1.0788854,0.89831793
2025-01-01 02:02:00,1.083487,0.9079422,1.0808314,0.8991854
2025-01-01 02:03:00,1.0851609,0.9084117,1.082386,0.89974624
2025-01-01 02:04:00,1.0864975,0.90871286,1.0836278,0.9001077
2025-01-01 02:05:00,1.0875645,0.90890455,1.084619,0.9003396
2025-01-01 02:06:00,1.0884155,0.9090252,1.0854101,0.90048724
2025-01-01 02:07:00,1.0890938,0.9090996,1.0860409,0.9005803
2025-01-01 02:08:00,1.0896342,0.909144,1.0865436,0.90063775
2025-01-01 02:09:00,1.0900638,0.90916884,1.0869437,0.90067214
2025-01-01 02:10:00,1.0904052,0.90918106,1.0872618,0.90069145
2025-01-01 02:11:00,1.0906758,0.90918505,1.0875144,0.90070105
2025-01-01 02:12:00,1.0908899,0.9091837,1.0877143,0.9007044
2025-01-01 02:13:00,1.0910587,0.90917885,1.0878724,0.90070367
2025-01-01 02:14:00,1.0911914,0.9091718,1.087997,0.9007003
2025-01-01 02:15:00,1.091295,0.9091633,1.0880946,0.90069515
2025-01-01 02:16:00,1.0913756,0.9091539,1.0881708,0.90068895
2025-01-01 02:17:00,1.0914376,0.90914387,1.0882297,0.9006821
2025-01-01 02:18:00,1.0914848,0.9091335,1.088275,0.90067476
2025-01-01 02:19:00,1.0915201,0.9091229,1.0883092,0.90066725
2025-01-01 02:20:00,1.0915459,0.9091121,1.0883347,0.9006595
2025-01-01 02:21:00,1.0915643,0.90910125,1.0883532,0.90065163
2025-01-01 02:22:00,1.0915766,0.90909034,1.088366,0.9006438
2025-01-01 02:23:00,1.091584,0.90907943,1.0883744,0.90063596
2025-01-01 02:24:00,1.0915874,0.9090685,1.0883793,0.9006281
2025-01-01 02:25:00,1.0915879,0.9090577,1.0883813,0.9006202
2025-01-01 02:26:00,1.0915859,0.90904677,1.088381,0.9006124
2025-01-01 02:27:00,1.091582,0.9090359,1.0883789,0.9006046
2025-01-01 02:28:00,1.0915763,0.9090251,1.0883754,0.90059686
2025-01-01 02:29:00,1.0915695,0.9090143,1.0883709,0.90058917
2025-01-01 02:30:00,1.0939032,0.9114901,1.0905327,0.903463
2025-01-01 02:31:00,1.0957679,0.91309565,1.0922602,0.90532833
2025-01-01 02:32:00,1.0972573,0.9141356,1.0936406,0.9065382
2025-01-01 02:33:00,1.0984464,0.9148078,1.0947429,0.907322
2025-01-01 02:34:00,1.0993953,0.91524106,1.095623,0.9078289
2025-01-01 02:35:00,1.1001521,0.91551894,1.0963253,0.9081558
2025-01-01 02:36:00,1.1007552,0.9156959,1.0968853,0.9083658
2025-01-01 02:37:00,1.1012354,0.91580725,1.0973315,0.9084997
2025-01-01 02:38:00,1.1016172,0.915876,1.0976869,0.90858424
2025-01-01 02:39:00,1.1019204,0.915917,1.0979692,0.9086366
2025-01-01 02:40:00,1.1021607,0.91594005,1.0981934,0.9086683
2025-01-01 02:41:00,1.1023506,0.91595143,1.098371,0.90868634
2025-01-01 02:42:00,1.1025002,0.9159552,1.0985113,0.90869564
2025-01-01 02:43:00,1.1026176,0.91595405,1.098622,0.9086993
2025-01-01 02:44:00,1.1027092,0.9159497,1.0987086,0.9086992
2025-01-01 02:45:00,1.1027802,0.9159433,1.0987763,0.90869683
2025-01-01 02:46:00,1.1028348,0.9159357,1.0988288,0.90869284
2025-01-01 02:47:00,1.1028762,0.9159272,1.0988691,0.9086879
2025-01-01 02:48:00,1.1029071,0.9159181,1.0988996,0.90868235
2025-01-01 02:49:00,1.1029296,0.9159087,1.0989223,0.9086764
2025-01-01 02:50:00,1.1029453,0.91589904,1.0989387,0.90867025
2025-01-01 02:51:00,1.1029556,0.9158893,1.0989504,0.9086639
2025-01-01 02:52:00,1.1029615,0.9158795,1.0989579,0.90865755
2025-01-01 02:53:00,1.1029642,0.91586965,1.0989624,0.9086512
2025-01-01 02:54:00,1.1029639,0.9158598,1.0989643,0.90864474
2025-01-01 02:55:00,1.1029615,0.91585,1.0989642,0.9086383
2025-01-01 02:56:00,1.1029576,0.9158402,1.0989625,0.908632
2025-01-01 02:57:00,1.1029521,0.9158304,1.0989596,0.90862566
2025-01-01 02:58:00,1.1029456,0.9158206,1.0989556,0.90861934
2025-01-01 02:59:00,1.102938,0.9158109,1.0989509,0.9086131
2025-01-01 03:00:00,1.1042827,0.9189785,1.1001896,0.9122445
2025-01-01 03:01:00,1.1053562,0.92103416,1.1011791,0.9146028
2025-01-01 03:02:00,1.1062129,0.92236704,1.1019691,0.91613364
2025-01-01 03:03:00,1.106896,0.92323,1.1025996,0.91712654
2025-01-01 03:04:00,1.1074404,0.92378765,1.1031024,0.9177699
2025-01-01 03:05:00,1.1078737,0.92414683,1.1035031,0.91818607
2025-01-01 03:06:00,1.1082182,0.92437696,1.1038222,0.9184545
2025-01-01 03:07:00,1.1084917,0.9245233,1.104076,0.918627
2025-01-01 03:08:00,1.1087084,0.9246152,1.1042775,0.9187372
2025-01-01 03:09:00,1.1088794,0.92467165,1.1044372,0.9188068
2025-01-01 03:10:00,1.1090143,0.92470515,1.1045635,0.91885
2025-01-01 03:11:00,1.1091201,0.92472374,1.104663,0.91887623
2025-01-01 03:12:00,1.1092026,0.92473257,1.1047412,0.9188913
2025-01-01 03:13:00,1.1092665,0.9247351,1.1048023,0.91889924
2025-01-01 03:14:00,1.1093155,0.92473364,1.1048497,0.9189025
2025-01-01 03:15:00,1.1093527,0.92472947,1.1048862,0.91890275
2025-01-01 03:16:00,1.1093802,0.9247236,1.104914,0.9189011
2025-01-01 03:17:00,1.1094003,0.9247167,1.1049348,0.91889817
2025-01-01 03:18:00,1.1094142,0.9247091,1.10495,0.9188944
2025-01-01 03:19:00,1.1094234,0.9247011,1.1049608,0.91889024
2025-01-01 03:20:00,1.1094286,0.9246928,1.1049681,0.9188857
2025-01-01 03:21:00,1.1094308,0.9246843,1.1049725,0.918881
2025-01-01 03:22:00,1.1094304,0.9246757,1.1049746,0.91887623
2025-01-01 03:23:00,1.1094282,0.9246671,1.104975,0.9188714
2025-01-01 03:24:00,1.1094244,0.92465854,1.1049739,0.9188666
2025-01-01 03:25:00,1.1094193,0.92464995,1.1049718,0.91886175
2025-01-01 03:26:00,1.1094131,0.9246414,1.1049688,0.918857
2025-01-01 03:27:00,1.1094064,0.9246328,1.104965,0.9188522
2025-01-01 03:28:00,1.1093988,0.9246242,1.1049606,0.9188475
2025-01-01 03:29:00,1.109391,0.92461574,1.1049558,0.9188428
2025-01-01 03:30:00,1.1097225,0.92841864,1.1052494,0.9231669
2025-01-01 03:31:00,1.1099857,0.93088764,1.105483,0.9259759
2025-01-01 03:32:00,1.1101942,0.9324895,1.1056687,0.9278003
2025-01-01 03:33:00,1.1103592,0.93352795,1.105816,0.9289845
2025-01-01 03:34:00,1.1104891,0.9342,1.1059326,0.9297528
2025-01-01 03:35:00,1.1105913,0.9346339,1.1060246,0.93025076
2025-01-01 03:36:00,1.1106709,0.9349132,1.106097,0.9305729
2025-01-01 03:37:00,1.1107329,0.9350919,1.1061536,0.9307808
2025-01-01 03:38:00,1.1107804,0.9352052,1.1061978,0.9309146
2025-01-01 03:39:00,1.1108165,0.9352761,1.1062319,0.93100005
2025-01-01 03:40:00,1.1108435,0.9353194,1.106258,0.9310543
2025-01-01 03:41:00,1.1108632,0.9353448,1.1062777,0.93108815
2025-01-01 03:42:00,1.1108772,0.9353586,1.1062922,0.9311088
2025-01-01 03:43:00,1.1108863,0.9353648,1.1063029,0.9311208
2025-01-01 03:44:00,1.1108918,0.93536615,1.1063101,0.93112737
2025-01-01 03:45:00,1.1108944,0.9353643,1.1063149,0.9311303
2025-01-01 03:46:00,1.1108947,0.93536043,1.1063175,0.93113095
2025-01-01 03:47:00,1.1108929,0.93535525,1.1063185,0.93113005
2025-01-01 03:48:00,1.1108898,0.9353492,1.1063181,0.93112826
2025-01-01 03:49:00,1.1108854,0.93534267,1.1063168,0.9311259
2025-01-01 03:50:00,1.11088,0.9353359,1.1063145,0.9311231
2025-01-01 03:51:00,1.1108739,0.9353288,1.1063118,0.9311201
2025-01-01 03:52:00,1.1108673,0.9353216,1.1063085,0.93111706
2025-01-01 03:53:00,1.1108601,0.93531436,1.1063048,0.9311139
2025-01-01 03:54:00,1.1108527,0.93530715,1.1063008,0.9311107
2025-01-01 03:55:00,1.110845,0.9352999,1.1062965,0.93110746
2025-01-01 03:56:00,1.110837,0.93529266,1.1062921,0.9311043
2025-01-01 03:57:00,1.1108289,0.9352855,1.1062876,0.9311012
2025-01-01 03:58:00,1.1108205,0.93527836,1.106283,0.9310981
2025-01-01 03:59:00,1.1108122,0.9352712,1.1062783,0.93109506
2025-01-01 04:00:00,1.1101247,0.9396414,1.1056215,0.9360347
2025-01-01 04:01:00,1.109573,0.9424796,1.105095,0.93924445
2025-01-01 04:02:00,1.1091298,0.94432205,1.1046729,0.94132984
2025-01-01 04:03:00,1.1087736,0.94551724,1.1043342,0.9426843
2025-01-01 04:04:00,1.108487,0.94629174,1.1040624,0.9435638
2025-01-01 04:05:00,1.108256,0.9467928,1.1038442,0.94413453
2025-01-01 04:06:00,1.1080695,0.94711614,1.1036685,0.9445047
2025-01-01 04:07:00,1.1079187,0.947324,1.1035271,0.94474435
2025-01-01 04:08:00,1.1077963,0.9474568,1.103413,0.9448993
2025-01-01 04:09:00,1.1076968,0.94754076,1.103321,0.9449992
2025-01-01 04:10:00,1.1076156,0.94759315,1.1032463,0.94506335
2025-01-01 04:11:00,1.107549,0.9476249,1.1031858,0.94510424
2025-01-01 04:12:00,1.107494,0.94764334,1.1031365,0.94513
2025-01-01 04:13:00,1.1074483,0.94765306,1.1030964,0.945146
2025-01-01 04:14:00,1.1074102,0.94765717,1.1030633,0.9451557
2025-01-01 04:15:00,1.1073782,0.9476577,1.1030362,0.9451612
2025-01-01 04:16:00,1.107351,0.94765586,1.1030135,0.94516414
2025-01-01 04:17:00,1.1073276,0.9476525,1.1029947,0.9451654
2025-01-01 04:18:00,1.1073073,0.94764817,1.1029787,0.9451655
2025-01-01 04:19:00,1.1072896,0.9476433,1.1029652,0.945165
2025-01-01 04:20:00,1.1072737,0.947638,1.1029537,0.945164
2025-01-01 04:21:00,1.1072594,0.94763243,1.1029438,0.9451628
2025-01-01 04:22:00,1.1072465,0.9476268,1.1029351,0.9451614
2025-01-01 04:23:00,1.1072347,0.9476211,1.1029273,0.94516
2025-01-01 04:24:00,1.1072236,0.9476153,1.1029204,0.9451585
2025-01-01 04:25:00,1.1072135,0.9476096,1.1029142,0.94515705
2025-01-01 04:26:00,1.1072037,0.9476039,1.1029085,0.94515556
2025-01-01 04:27:00,1.1071944,0.9475982,1.1029032,0.94515413
2025-01-01 04:28:00,1.1071855,0.94759256,1.1028984,0.94515276
2025-01-01 04:29:00,1.1071769,0.9475869,1.1028938,0.9451514
2025-01-01 04:30:00,1.1054827,0.9524464,1.1012985,0.95061827
2025-01-01 04:31:00,1.104126,0.9556032,1.1000214,0.9541713
2025-01-01 04:32:00,1.103039,0.95765316,1.0989991,0.9564804
2025-01-01 04:33:00,1.1021682,0.95898384,1.0981808,0.95798093
2025-01-01 04:34:00,1.10147,0.9598469,1.0975255,0.958956
2025-01-01 04:35:00,1.1009101,0.9604061,1.0970006,0.9595895
2025-01-01 04:36:00,1.1004608,0.9607678,1.09658,0.9600009
2025-01-01 04:37:00,1.1000999,0.9610011,1.096243,0.9602681
2025-01-01 04:38:00,1.0998098,0.96115094,1.095973,0.96044147
2025-01-01 04:39:00,1.0995764,0.9612466,1.0957564,0.96055394
2025-01-01 04:40:00,1.0993882,0.9613071,1.0955825,0.96062684
2025-01-01 04:41:00,1.0992362,0.96134466,1.0954429,0.96067405
2025-01-01 04:42:00,1.0991135,0.96136737,1.0953306,0.9607045
2025-01-01 04:43:00,1.0990138,0.9613805,1.0952404,0.9607242
2025-01-01 04:44:00,1.0989329,0.96138734,1.0951676,0.9607368
2025-01-01 04:45:00,1.0988667,0.9613901,1.095109,0.9607449
2025-01-01 04:46:00,1.0988126,0.9613903,1.0950615,0.9607501
2025-01-01 04:47:00,1.0987679,0.9613889,1.0950232,0.9607534
2025-01-01 04:48:00,1.0987308,0.9613863,1.0949919,0.96075547
2025-01-01 04:49:00,1.0986999,0.9613831,1.0949667,0.9607568
2025-01-01 04:50:00,1.0986739,0.9613795,1.0949459,0.9607576
2025-01-01 04:51:00,1.0986519,0.9613756,1.094929,0.96075815
2025-01-01 04:52:00,1.098633,0.96137154,1.0949149,0.9607585
2025-01-01 04:53:00,1.0986166,0.9613674,1.0949032,0.96075886
2025-01-01 04:54:00,1.0986023,0.96136326,1.0948936,0.9607591
2025-01-01 04:55:00,1.0985897,0.96135914,1.0948856,0.96075934
2025-01-01 04:56:00,1.0985783,0.96135503,1.0948788,0.9607596
2025-01-01 04:57:00,1.0985681,0.9613509,1.094873,0.9607599
2025-01-01 04:58:00,1.0985588,0.96134686,1.094868,0.9607602
2025-01-01 04:59:00,1.0985501,0.9613428,1.0948635,0.9607606
2025-01-01 05:00:00,1.0958792,0.9666051,1.0923579,0.96665746
2025-01-01 05:01:00,1.0937414,0.9700242,1.0903531,0.97049063
2025-01-01 05:02:00,1.0920299,0.97224534,1.0887488,0.97298235
2025-01-01 05:03:00,1.0906597,0.97368777,1.0874653,0.9746022
2025-01-01 05:04:00,1.0895624,0.9746241,1.0864382,0.97565544
2025-01-01 05:05:00,1.0886835,0.9752314,1.0856161,0.9763403
2025-01-01 05:06:00,1.0879791,0.975625,1.0849583,0.9767858
2025-01-01 05:07:00,1.0874146,0.9758795,1.0844318,0.97707564
2025-01-01 05:08:00,1.0869619,0.97604376,1.0840102,0.9772644
2025-01-01 05:09:00,1.0865986,0.9761494,1.083673,0.9773875
2025-01-01 05:10:00,1.086307,0.97621685,1.0834029,0.97746783
2025-01-01 05:11:00,1.0860727,0.9762596,1.0831866,0.9775205
2025-01-01 05:12:00,1.0858841,0.97628623,1.0830134,0.9775551
2025-01-01 05:13:00,1.0857323,0.97630244,1.0828747,0.9775781
2025-01-01 05:14:00,1.0856098,0.9763119,1.0827634,0.9775935
2025-01-01 05:15:00,1.0855107,0.976317,1.0826745,0.977604
2025-01-01 05:16:00,1.0854305,0.97631925,1.0826031,0.97761124
2025-01-01 05:17:00,1.0853653,0.9763197,1.0825459,0.9776165
2025-01-01 05:18:00,1.0853121,0.97631896,1.0825,0.97762054
2025-01-01 05:19:00,1.0852687,0.9763175,1.0824631,0.9776237
2025-01-01 05:20:00,1.085233,0.9763156,1.0824337,0.9776263
2025-01-01 05:21:00,1.0852035,0.97631335,1.08241,0.97762865
2025-01-01 05:22:00,1.085179,0.976311,1.0823909,0.97763073
2025-01-01 05:23:00,1.0851583,0.9763086,1.0823756,0.97763276
2025-01-01 05:24:00,1.085141,0.9763061,1.0823634,0.9776347
2025-01-01 05:25:00,1.0851262,0.97630364,1.0823536,0.9776367
2025-01-01 05:26:00,1.0851134,0.97630113,1.0823456,0.97763866
2025-01-01 05:27:00,1.0851023,0.97629875,1.0823393,0.9776407
2025-01-01 05:28:00,1.0850927,0.9762963,1.0823343,0.9776428
2025-01-01 05:29:00,1.085084,0.976294,1.0823302,0.9776448
2025-01-01 05:30:00,1.0814843,0.98186487,1.0789591,0.98386616
2025-01-01 05:31:00,1.0786037,0.9854852,1.0762624,0.98791087
2025-01-01 05:32:00,1.0762984,0.9878377,1.0741049,0.9905407
2025-01-01 05:33:00,1.0744532,0.98936605,1.0723791,0.992251
2025-01-01 05:34:00,1.0729765,0.9903588,1.0709984,0.9933635
2025-01-01 05:35:00,1.0717942,0.99100345,1.0698941,0.9940876
2025-01-01 05:36:00,1.0708475,0.9914218,1.0690106,0.99455905
2025-01-01 05:37:00,1.0700895,0.99169314,1.0683041,0.99486643
2025-01-01 05:38:00,1.0694822,0.99186885,1.0677389,0.99506724
2025-01-01 05:39:00,1.0689957,0.9919825,1.0672867,0.99519867
2025-01-01 05:40:00,1.0686058,0.99205583,1.0669253,0.9952851
2025-01-01 05:41:00,1.068293,0.99210286,1.0666363,0.99534225
2025-01-01 05:42:00,1.0680423,0.99213296,1.0664053,0.9953804
2025-01-01 05:43:00,1.0678408,0.992152,1.0662205,0.99540627
2025-01-01 05:44:00,1.067679,0.99216384,1.066073,0.99542415
2025-01-01 05:45:00,1.067549,0.9921711,1.065955,0.99543685
2025-01-01 05:46:00,1.0674441,0.99217534,1.065861,0.99544615
2025-01-01 05:47:00,1.0673597,0.9921777,1.065786,0.99545336
2025-01-01 05:48:00,1.0672915,0.9921788,1.0657263,0.99545914
2025-01-01 05:49:00,1.0672362,0.9921791,1.0656786,0.995464
2025-01-01 05:50:00,1.0671914,0.992179,1.0656408,0.99546844
2025-01-01 05:51:00,1.0671549,0.9921785,1.0656108,0.99547243
2025-01-01 05:52:00,1.0671251,0.99217784,1.065587,0.99547625
2025-01-01 05:53:00,1.0671006,0.9921771,1.0655683,0.99548
2025-01-01 05:54:00,1.0670805,0.9921764,1.0655538,0.99548364
2025-01-01 05:55:00,1.0670639,0.99217564,1.0655423,0.9954873
2025-01-01 05:56:00,1.06705,0.99217486,1.0655336,0.99549097
2025-01-01 05:57:00,1.0670383,0.99217415,1.065527,0.99549466
2025-01-01 05:58:00,1.0670285,0.99217343,1.065522,0.9954984
2025-01-01 05:59:00,1.06702,0.9921728,1.0655183,0.9955022
2025-01-01 06:00:00,1.0625557,0.99795324,1.0613416,1.001937
2025-01-01 06:01:00,1.0589838,1.0017103,1.0580008,1.0061212
2025-01-01 06:02:00,1.0561258,1.0041523,1.0553285,1.0088421
2025-01-01 06:03:00,1.0538388,1.0057395,1.0531911,1.0106124
2025-01-01 06:04:00,1.0520087,1.0067711,1.0514816,1.0117643
2025-01-01 06:05:00,1.0505443,1.0074415,1.0501144,1.0125145
2025-01-01 06:06:00,1.0493723,1.0078772,1.049021,1.0130037
2025-01-01 06:07:00,1.0484341,1.0081604,1.0481468,1.0133232
2025-01-01 06:08:00,1.0476832,1.0083444,1.0474479,1.0135324
2025-01-01 06:09:00,1.0470822,1.0084641,1.0468893,1.0136698
2025-01-01 06:10:00,1.0466009,1.008542,1.0464429,1.0137607
2025-01-01 06:11:00,1.0462155,1.0085925,1.0460861,1.0138214
2025-01-01 06:12:00,1.0459068,1.0086255,1.0458013,1.0138624
2025-01-01 06:13:00,1.0456595,1.008647,1.045574,1.0138907
2025-01-01 06:14:00,1.0454613,1.0086612,1.0453926,1.0139108
2025-01-01 06:15:00,1.0453023,1.0086704,1.045248,1.0139254
2025-01-01 06:16:00,1.0451748,1.0086766,1.045133,1.0139366
2025-01-01 06:17:00,1.0450726,1.0086808,1.0450414,1.0139456
2025-01-01 06:18:00,1.0449904,1.0086837,1.0449688,1.0139531
2025-01-01 06:19:00,1.0449244,1.0086858,1.0449114,1.0139596
2025-01-01 06:20:00,1.0448712,1.0086874,1.044866,1.0139657
2025-01-01 06:21:00,1.0448284,1.0086887,1.0448303,1.0139714
2025-01-01 06:22:00,1.044794,1.0086898,1.0448023,1.0139768
2025-01-01 06:23:00,1.0447661,1.0086907,1.0447805,1.0139823
2025-01-01 06:24:00,1.0447435,1.0086917,1.0447637,1.0139875
2025-01-01 06:25:00,1.0447254,1.0086926,1.044751,1.0139929
2025-01-01 06:26:00,1.0447105,1.0086937,1.0447414,1.0139982
2025-01-01 06:27:00,1.0446985,1.0086945,1.0447345,1.0140034
2025-01-01 06:28:00,1.0446886,1.0086956,1.0447296,1.0140088
2025-01-01 06:29:00,1.0446805,1.0086967,1.0447264,1.0140141
2025-01-01 06:30:00,1.0394312,1.0145829,1.039819,1.0205479
2025-01-01 06:31:00,1.0352316,1.0184094,1.0358938,1.0247968
2025-01-01 06:32:00,1.0318718,1.020897,1.0327544,1.0275606
2025-01-01 06:33:00,1.0291837,1.0225146,1.0302435,1.0293591
2025-01-01 06:34:00,1.0270333,1.0235665,1.0282356,1.0305301
2025-01-01 06:35:00,1.0253128,1.0242507,1.0266299,1.0312932
2025-01-01 06:36:00,1.0239362,1.024696,1.0253463,1.0317912
2025-01-01 06:37:00,1.0228348,1.024986,1.0243201,1.032117
2025-01-01 06:38:00,1.0219537,1.0251751,1.0235,1.0323308
2025-01-01 06:39:00,1.0212487,1.0252987,1.0228447,1.0324719
2025-01-01 06:40:00,1.0206846,1.0253797,1.0223213,1.0325656
2025-01-01 06:41:00,1.0202333,1.0254328,1.0219033,1.0326288
2025-01-01 06:42:00,1.0198723,1.0254681,1.0215698,1.032672
2025-01-01 06:43:00,1.0195835,1.0254917,1.0213038,1.0327022
2025-01-01 06:44:00,1.0193523,1.0255078,1.0210919,1.032724
2025-01-01 06:45:00,1.0191674,1.025519,1.0209233,1.0327404
2025-01-01 06:46:00,1.0190195,1.025527,1.0207893,1.0327532
2025-01-01 06:47:00,1.0189012,1.025533,1.0206829,1.0327638
2025-01-01 06:48:00,1.0188066,1.0255376,1.0205988,1.0327729
2025-01-01 06:49:00,1.0187309,1.0255414,1.0205324,1.0327811
2025-01-01 06:50:00,1.0186703,1.0255448,1.02048,1.0327888
2025-01-01 06:51:00,1.018622,1.0255479,1.0204393,1.032796
2025-01-01 06:52:00,1.0185834,1.0255506,1.0204076,1.032803
2025-01-01 06:53:00,1.0185527,1.0255533,1.0203831,1.03281
2025-01-01 06:54:00,1.0185281,1.0255558,1.0203646,1.0328168
2025-01-01 06:55:00,1.0185087,1.0255586,1.0203507,1.0328236
2025-01-01 06:56:00,1.0184932,1.0255612,1.0203406,1.0328305
2025-01-01 06:57:00,1.018481,1.025564,1.0203335,1.0328373
2025-01-01 06:58:00,1.0184714,1.0255666,1.0203288,1.0328441
2025-01-01 06:59:00,1.0184639,1.0255693,1.020326,1.032851
2025-01-01 07:00:00,1.0125233,1.031457,1.0147754,1.0393667
2025-01-01 07:01:00,1.007771,1.0352849,1.010336,1.0436044
2025-01-01 07:02:00,1.0039694,1.0377741,1.0067856,1.0463614
2025-01-01 07:03:00,1.0009284,1.0393932,1.0039462,1.048156
2025-01-01 07:04:00,0.99849564,1.0404468,1.001676,1.049325
2025-01-01 07:05:00,0.9965497,1.0411326,0.99986064,1.0500873
2025-01-01 07:06:00,0.99499327,1.0415795,0.99840957,1.0505854
2025-01-01 07:07:00,0.9937483,1.0418712,0.99724984,1.0509118
2025-01-01 07:08:00,0.9927526,1.0420619,0.99632317,1.0511266
2025-01-01 07:09:00,0.99195635,1.0421871,0.9955829,1.0512687
2025-01-01 07:10:00,0.9913196,1.0422698,0.99499184,1.0513637
2025-01-01 07:11:00,0.99081045,1.0423247,0.9945202,1.0514282
2025-01-01 07:12:00,0.9904035,1.0423616,0.99414396,1.0514727
2025-01-01 07:13:00,0.9900782,1.0423869,0.99384415,1.0515043
2025-01-01 07:14:00,0.9898183,1.0424047,0.9936055,1.0515275
2025-01-01 07:15:00,0.98961073,1.0424175,0.9934158,1.0515453
2025-01-01 07:16:00,0.98944503,1.0424272,0.9932652,1.0515596
2025-01-01 07:17:00,0.9893129,1.0424348,0.99314594,1.0515716
2025-01-01 07:18:00,0.98920745,1.0424411,0.99305177,1.0515821
2025-01-01 07:19:00,0.9891235,1.0424467,0.9929776,1.0515918
2025-01-01 07:20:00,0.9890568,1.0424517,0.9929195,1.0516008
2025-01-01 07:21:00,0.98900384,1.0424564,0.99287426,1.0516095
2025-01-01 07:22:00,0.9889618,1.0424608,0.99283934,1.051618
2025-01-01 07:23:00,0.9889287,1.0424651,0.9928127,1.0516263
2025-01-01 07:24:00,0.98890257,1.0424695,0.99279267,1.0516346
2025-01-01 07:25:00,0.9888821,1.0424738,0.99277794,1.0516428
2025-01-01 07:26:00,0.98886627,1.0424781,0.9927674,1.0516511
2025-01-01 07:27:00,0.98885405,1.0424824,0.9927603,1.0516592
2025-01-01 07:28:00,0.98884475,1.0424868,0.99275595,1.0516675
2025-01-01 07:29:00,0.98883784,1.0424912,0.9927538,1.0516758
2025-01-01 07:30:00,0.98231196,1.0482748,0.98665905,1.0580574
2025-01-01 07:31:00,0.9770917,1.0520358,0.9817846,1.0622087
2025-01-01 07:32:00,0.9729161,1.0544821,0.9778863,1.0649098
2025-01-01 07:33:00,0.9695762,1.0560738,0.9747691,1.0666685
2025-01-01 07:34:00,0.96690476,1.0571102,0.97227675,1.0678147
2025-01-01 07:35:00,0.96476823,1.0577854,0.9702842,1.0685627
2025-01-01 07:36:00,0.96305954,1.058226,0.9686916,1.069052
2025-01-01 07:37:00,0.9616932,1.0585141,0.96741885,1.069373
2025-01-01 07:38:00,0.96060073,1.0587032,0.9664022,1.0695848
2025-01-01 07:39:00,0.95972735,1.0588278,0.9655902,1.0697255
2025-01-01 07:40:00,0.95902926,1.0589106,0.96494204,1.06982
2025-01-01 07:41:00,0.9584715,1.0589663,0.96442497,1.0698847
2025-01-01 07:42:00,0.9580258,1.0590042,0.96401274,1.0699297
2025-01-01 07:43:00,0.95767,1.0590308,0.9636845,1.0699623
2025-01-01 07:44:00,0.95738596,1.0590498,0.9634233,1.0699863
2025-01-01 07:45:00,0.9571594,1.0590641,0.9632158,1.0700054
2025-01-01 07:46:00,0.9569788,1.0590754,0.9630514,1.0700208
2025-01-01 07:47:00,0.9568351,1.0590845,0.9629213,1.070034
2025-01-01 07:48:00,0.9567208,1.0590924,0.96281874,1.0700458
2025-01-01 07:49:00,0.95663005,1.0590994,0.9627382,1.0700568
2025-01-01 07:50:00,0.9565582,1.0591061,0.96267533,1.0700672
2025-01-01 07:51:00,0.9565015,1.0591123,0.9626266,1.0700771
2025-01-01 07:52:00,0.9564569,1.0591185,0.96258914,1.0700868
2025-01-01 07:53:00,0.9564219,1.0591244,0.9625607,1.0700965
2025-01-01 07:54:00,0.95639473,1.0591302,0.9625395,1.070106
2025-01-01 07:55:00,0.95637375,1.0591362,0.9625241,1.0701154
2025-01-01 07:56:00,0.9563578,1.0591421,0.96251345,1.070125
2025-01-01 07:57:00,0.9563458,1.059148,0.9625064,1.0701345
2025-01-01 07:58:00,0.95633703,1.0591539,0.9625025,1.0701439
2025-01-01 07:59:00,0.9563309,1.0591599,0.96250093,1.0701535
2025-01-01 08:00:00,0.94933623,1.0647361,0.95597076,1.076287
2025-01-01 08:01:00,0.9437413,1.068363,0.9507482,1.0802773
2025-01-01 08:02:00,0.9392662,1.0707226,0.9465718,1.0828744
2025-01-01 08:03:00,0.93568707,1.0722585,0.9432324,1.0845659
2025-01-01 08:04:00,0.9328246,1.073259,0.9405624,1.0856688
2025-01-01 08:05:00,0.9305355,1.0739117,0.93842816,1.0863891
2025-01-01 08:06:00,0.9287052,1.0743381,0.9367224,1.0868607
2025-01-01 08:07:00,0.92724186,1.0746176,0.9353595,1.0871707
2025-01-01 08:08:00,0.92607206,1.0748016,0.93427086,1.0873758
2025-01-01 08:09:00,0.92513716,1.0749234,0.9334017,1.0875125
2025-01-01 08:10:00,0.92439014,1.0750049,0.932708,1.087605
2025-01-01 08:11:00,0.92379355,1.0750602,0.93215483,1.0876685
2025-01-01 08:12:00,0.92331725,1.0750986,0.931714,1.0877134
2025-01-01 08:13:00,0.92293715,1.0751259,0.9313631,1.087746
2025-01-01 08:14:00,0.9226341,1.075146,0.9310841,1.0877709
2025-01-01 08:15:00,0.92239267,1.0751615,0.9308626,1.0877906
2025-01-01 08:16:00,0.9222005,1.075174,0.9306872,1.0878069
2025-01-01 08:17:00,0.9220478,1.0751845,0.9305486,1.0878212
2025-01-01 08:18:00,0.9219267,1.0751938,0.93043953,1.0878341
2025-01-01 08:19:00,0.92183083,1.0752023,0.93035406,1.087846
2025-01-01 08:20:00,0.9217552,1.0752103,0.9302875,1.0878575
2025-01-01 08:21:00,0.92169577,1.0752181,0.930236,1.0878685
2025-01-01 08:22:00,0.9216493,1.0752256,0.93019664,1.0878794
2025-01-01 08:23:00,0.9216132,1.075233,0.930167,1.0878901
2025-01-01 08:24:00,0.9215854,1.0752405,0.9301451,1.0879009
2025-01-01 08:25:00,0.9215642,1.0752479,0.9301294,1.0879115
2025-01-01 08:26:00,0.9215484,1.0752553,0.9301187,1.0879221
2025-01-01 08:27:00,0.9215369,1.0752627,0.930112,1.0879327
2025-01-01 08:28:00,0.9215289,1.07527,0.9301085,1.0879432
2025-01-01 08:29:00,0.9215236,1.0752774,0.93010753,1.0879538
2025-01-01 08:30:00,0.9141848,1.0805473,0.92325836,1.0937302
2025-01-01 08:31:00,0.90831506,1.0839756,0.917781,1.0974886
2025-01-01 08:32:00,0.90362036,1.0862064,0.91340095,1.0999353
2025-01-01 08:33:00,0.8998658,1.0876594,0.90989876,1.1015295
2025-01-01 08:34:00,0.89686334,1.0886064,0.90709895,1.1025693
2025-01-01 08:35:00,0.8944626,1.0892247,0.90486103,1.1032492
2025-01-01 08:36:00,0.89254326,1.0896293,0.9030726,1.1036949
2025-01-01 08:37:00,0.89100903,1.0898951,0.90164375,1.1039884
2025-01-01 08:38:00,0.88978285,1.0900707,0.9005026,1.1041831
2025-01-01 08:39:00,0.8888031,1.0901875,0.8995917,1.1043135
2025-01-01 08:40:00,0.88802063,1.0902663,0.89886487,1.1044021
2025-01-01 08:41:00,0.887396,1.0903203,0.8982854,1.1044635
2025-01-01 08:42:00,0.8868974,1.0903584,0.8978238,1.1045073
2025-01-01 08:43:00,0.8864999,1.0903859,0.89745647,1.1045398
2025-01-01 08:44:00,0.8861832,1.0904067,0.89716464,1.1045647
2025-01-01 08:45:00,0.88593113,1.0904231,0.89693314,1.1045848
2025-01-01 08:46:00,0.8857308,1.0904367,0.8967499,1.1046019
2025-01-01 08:47:00,0.88557184,1.0904485,0.8966054,1.1046169
2025-01-01 08:48:00,0.885446,1.090459,0.8964917,1.1046306
2025-01-01 08:49:00,0.8853467,1.090469,0.89640284,1.1046435
2025-01-01 08:50:00,0.8852686,1.0904783,0.89633375,1.1046557
2025-01-01 08:51:00,0.88520753,1.0904874,0.8962805,1.1046678
2025-01-01 08:52:00,0.88516,1.0904963,0.89624,1.1046795
2025-01-01 08:53:00,0.88512343,1.0905051,0.89620966,1.1046911
2025-01-01 08:54:00,0.88509554,1.0905138,0.8961874,1.1047027
2025-01-01 08:55:00,0.8850746,1.0905226,0.8961717,1.1047143
2025-01-01 08:56:00,0.8850593,1.0905313,0.89616114,1.1047258
2025-01-01 08:57:00,0.8850485,1.09054,0.8961548,1.1047374
2025-01-01 08:58:00,0.8850413,1.0905489,0.8961518,1.1047488
2025-01-01 08:59:00,0.88503695,1.0905577,0.8961515,1.1047604
2025-01-01 09:00:00,0.8774852,1.0954269,0.8891058,1.1100762
2025-01-01 09:01:00,0.87144524,1.098595,0.8834713,1.1135355
2025-01-01 09:02:00,0.8666148,1.1006575,0.87896585,1.1157882
2025-01-01 09:03:00,0.8627519,1.1020013,0.87536365,1.1172564
2025-01-01 09:04:00,0.85966307,1.1028779,0.87248397,1.118215
2025-01-01 09:05:00,0.8571935,1.1034509,0.87018234,1.118842
2025-01-01 09:06:00,0.85521936,1.1038265,0.86834323,1.1192539
2025-01-01 09:07:00,0.85364157,1.1040739,0.86687404,1.1195256
2025-01-01 09:08:00,0.85238093,1.1042379,0.8657009,1.1197064
2025-01-01 09:09:00,0.8513739,1.1043478,0.86476445,1.1198281
2025-01-01 09:10:00,0.8505698,1.1044226,0.86401755,1.1199113
2025-01-01 09:11:00,0.84992814,1.1044744,0.86342216,1.1199695
2025-01-01 09:12:00,0.8494163,1.1045114,0.862948,1.1200116
2025-01-01 09:13:00,0.84900844,1.1045387,0.8625709,1.120043
2025-01-01 09:14:00,0.8486838,1.1045598,0.86227137,1.1200677
2025-01-01 09:15:00,0.8484256,1.1045768,0.86203396,1.120088
2025-01-01 09:16:00,0.8482207,1.1045913,0.86184627,1.1201053
2025-01-01 09:17:00,0.84805834,1.104604,0.86169827,1.1201208
2025-01-01 09:18:00,0.84793013,1.1046157,0.8615821,1.1201351
2025-01-01 09:19:00,0.84782916,1.1046267,0.8614914,1.1201487
2025-01-01 09:20:00,0.84775007,1.1046371,0.86142105,1.1201617
2025-01-01 09:21:00,0.8476884,1.1046474,0.861367,1.1201743
2025-01-01 09:22:00,0.8476407,1.1046575,0.86132604,1.1201869
2025-01-01 09:23:00,0.8476042,1.1046675,0.86129546,1.1201992
2025-01-01 09:24:00,0.84757674,1.1046774,0.8612733,1.1202115
2025-01-01 09:25:00,0.8475564,1.1046875,0.86125785,1.1202238
2025-01-01 09:26:00,0.84754187,1.1046975,0.8612477,1.1202362
2025-01-01 09:27:00,0.8475319,1.1047074,0.8612419,1.1202483
2025-01-01 09:28:00,0.84752566,1.1047174,0.8612395,1.1202606
2025-01-01 09:29:00,0.84752244,1.1047273,0.86123985,1.1202728
2025-01-01 09:30:00,0.8398923,1.1091088,0.8541231,1.1250331
2025-01-01 09:31:00,0.83378994,1.1119602,0.848432,1.1281319
2025-01-01 09:32:00,0.8289098,1.1138172,0.8438814,1.1301502
2025-01-01 09:33:00,0.82500744,1.1150279,0.8402433,1.1314665
2025-01-01 09:34:00,0.8218873,1.1158184,0.8373351,1.1323265
2025-01-01 09:35:00,0.8193929,1.1163359,0.8350108,1.1328897
2025-01-01 09:36:00,0.81739926,1.1166757,0.8331538,1.1332603
2025-01-01 09:37:00,0.8158061,1.1169003,0.8316704,1.1335055
2025-01-01 09:38:00,0.8145333,1.1170499,0.83048606,1.1336691
2025-01-01 09:39:00,0.813517,1.1171509,0.8295409,1.1337799
2025-01-01 09:40:00,0.8127057,1.1172202,0.8287871,1.1338563
2025-01-01 09:41:00,0.8120585,1.1172688,0.82818645,1.1339103
2025-01-01 09:42:00,0.8115425,1.1173041,0.8277083,1.1339498
2025-01-01 09:43:00,0.81113166,1.1173307,0.82732815,1.1339798
2025-01-01 09:44:00,0.8108047,1.1173517,0.8270263,1.1340038
2025-01-01 09:45:00,0.8105451,1.117369,0.8267872,1.1340238
2025-01-01 09:46:00,0.8103392,1.1173841,0.82659835,1.1340412
2025-01-01 09:47:00,0.8101764,1.1173975,0.8264496,1.1340568
2025-01-01 09:48:00,0.810048,1.1174102,0.826333,1.1340715
2025-01-01 09:49:00,0.8099472,1.117422,0.82624215,1.1340854
2025-01-01 09:50:00,0.8098684,1.1174335,0.82617176,1.1340989
2025-01-01 09:51:00,0.80980724,1.117445,0.82611793,1.1341121
2025-01-01 09:52:00,0.8097603,1.1174561,0.8260772,1.1341251
2025-01-01 09:53:00,0.8097246,1.1174672,0.82604706,1.134138
2025-01-01 09:54:00,0.80969805,1.1174781,0.82602537,1.1341509
2025-01-01 09:55:00,0.8096787,1.1174891,0.82601035,1.1341636
2025-01-01 09:56:00,0.80966514,1.1175001,0.82600087,1.1341765
2025-01-01 09:57:00,0.80965626,1.117511,0.8259956,1.1341892
2025-01-01 09:58:00,0.8096511,1.117522,0.8259939,1.134202
2025-01-01 09:59:00,0.80964893,1.1175331,0.82599497,1.1342148
2025-01-01 10:00:00,0.80207676,1.121349,0.8189343,1.1383346
2025-01-01 10:01:00,0.796021,1.1238332,0.8132883,1.1410171
2025-01-01 10:02:00,0.79117835,1.1254518,0.8087739,1.1427652
2025-01-01 10:03:00,0.78730625,1.1265079,0.8051648,1.143906
2025-01-01 10:04:00,0.78421056,1.1271983,0.80228,1.1446519
2025-01-01 10:05:00,0.781736,1.127651,0.79997456,1.1451412
2025-01-01 10:06:00,0.7797584,1.1279491,0.7981327,1.1454638
2025-01-01 10:07:00,0.7781784,1.1281469,0.7966617,1.1456779
2025-01-01 10:08:00,0.7769163,1.1282794,0.79548734,1.1458217
2025-01-01 10:09:00,0.77590877,1.1283696,0.79455036,1.1459197
2025-01-01 10:10:00,0.77510476,1.1284322,0.7938032,1.1459879
2025-01-01 10:11:00,0.77446353,1.1284767,0.793208,1.1460367
2025-01-01 10:12:00,0.7739527,1.1285099,0.7927343,1.146073
2025-01-01 10:13:00,0.77354604,1.1285354,0.79235786,1.146101
2025-01-01 10:14:00,0.77322286,1.128556,0.7920591,1.1461239
2025-01-01 10:15:00,0.7729663,1.1285734,0.7918227,1.1461432
2025-01-01 10:16:00,0.7727632,1.1285888,0.79163605,1.1461604
2025-01-01 10:17:00,0.77260286,1.1286029,0.7914892,1.146176
2025-01-01 10:18:00,0.77247655,1.1286161,0.7913742,1.1461908
2025-01-01 10:19:00,0.7723777,1.1286287,0.79128474,1.1462048
2025-01-01 10:20:00,0.7723007,1.1286411,0.79121566,1.1462185
2025-01-01 10:21:00,0.77224123,1.1286532,0.79116297,1.146232
2025-01-01 10:22:00,0.7721958,1.1286651,0.7911233,1.1462454
2025-01-01 10:23:00,0.77216154,1.128677,0.79109406,1.1462586
2025-01-01 10:24:00,0.77213633,1.1286888,0.79107326,1.1462717
2025-01-01 10:25:00,0.7721183,1.1287006,0.79105914,1.1462848
2025-01-01 10:26:00,0.77210605,1.1287124,0.7910503,1.1462978
2025-01-01 10:27:00,0.77209836,1.1287242,0.7910458,1.1463109
2025-01-01 10:28:00,0.77209437,1.1287361,0.7910447,1.1463239
2025-01-01 10:29:00,0.77209336,1.1287479,0.7910463,1.1463369
2025-01-01 10:30:00,0.76471424,1.13193,0.7841678,1.1497433
2025-01-01 10:31:00,0.7588131,1.1340024,0.7786675,1.1519619
2025-01-01 10:32:00,0.75409436,1.1353538,0.7742699,1.1534088
2025-01-01 10:33:00,0.75032157,1.1362364,0.7707542,1.1543536
2025-01-01 10:34:00,0.7473056,1.1368142,0.76794434,1.1549724
2025-01-01 10:35:00,0.7448949,1.1371942,0.76569897,1.1553793
2025-01-01 10:36:00,0.7429687,1.1374452,0.76390517,1.1556482
2025-01-01 10:37:00,0.74142987,1.1376126,0.76247275,1.1558276
2025-01-01 10:38:00,0.74020106,1.1377257,0.76132935,1.1559489
2025-01-01 10:39:00,0.73922026,1.1378034,0.7604173,1.1560323
2025-01-01 10:40:00,0.7384379,1.1378583,0.7596901,1.156091
2025-01-01 10:41:00,0.7378142,1.1378981,0.759111,1.1561338
2025-01-01 10:42:00,0.7373175,1.1379282,0.75865024,1.1561662
2025-01-01 10:43:00,0.73692244,1.1379521,0.7582842,1.1561918
2025-01-01 10:44:00,0.7366086,1.137972,0.75799394,1.1562132
2025-01-01 10:45:00,0.73635983,1.1379892,0.7577643,1.1562315
2025-01-01 10:46:00,0.7361631,1.1380047,0.7575832,1.1562481
2025-01-01 10:47:00,0.7360079,1.1380191,0.7574409,1.1562635
2025-01-01 10:48:00,0.73588616,1.1380327,0.75732964,1.156278
2025-01-01 10:49:00,0.735791,1.1380458,0.7572432,1.1562921
2025-01-01 10:50:00,0.73571724,1.1380587,0.75717664,1.1563058
2025-01-01 10:51:00,0.73566043,1.1380713,0.75712603,1.1563191
2025-01-01 10:52:00,0.73561734,1.1380839,0.7570881,1.1563325
2025-01-01 10:53:00,0.73558515,1.1380965,0.75706035,1.1563458
2025-01-01 10:54:00,0.7355618,1.138109,0.75704074,1.1563591
2025-01-01 10:55:00,0.7355454,1.1381215,0.7570276,1.1563723
2025-01-01 10:56:00,0.7355346,1.1381339,0.75701976,1.1563854
2025-01-01 10:57:00,0.7355283,1.1381464,0.75701606,1.1563985
2025-01-01 10:58:00,0.7355256,1.1381588,0.75701565,1.1564116
2025-01-01 10:59:00,0.7355258,1.1381713,0.75701797,1.1564248
2025-01-01 11:00:00,0.72847134,1.1406626,0.7504445,1.1590564
2025-01-01 11:01:00,0.7228302,1.1422863,0.74518824,1.1607716
2025-01-01 11:02:00,0.71831954,1.1433461,0.7409859,1.1618911
2025-01-01 11:03:00,0.71471345,1.1440393,0.73762655,1.1626233
2025-01-01 11:04:00,0.7118309,1.1444944,0.7349418,1.1631038
2025-01-01 11:05:00,0.7095273,1.1447946,0.7327965,1.1634208
2025-01-01 11:06:00,0.7076868,1.1449941,0.7310829,1.1636314
2025-01-01 11:07:00,0.70621675,1.1451283,0.72971463,1.163773
2025-01-01 11:08:00,0.7050431,1.1452199,0.7286227,1.1638694
2025-01-01 11:09:00,0.7041066,1.1452838,0.72775173,1.1639367
2025-01-01 11:10:00,0.7033598,1.1453298,0.7270576,1.163985
2025-01-01 11:11:00,0.70276475,1.1453642,0.72650486,1.1640209
2025-01-01 11:12:00,0.70229113,1.145391,0.7260653,1.1640489
2025-01-01 11:13:00,0.70191467,1.1454128,0.7257163,1.1640716
2025-01-01 11:14:00,0.70161587,1.1454315,0.72543967,1.164091
2025-01-01 11:15:00,0.7013793,1.1454482,0.725221,1.164108
2025-01-01 11:16:00,0.70119244,1.1454635,0.7250487,1.1641237
2025-01-01 11:17:00,0.70104533,1.1454779,0.7249135,1.1641386
2025-01-01 11:18:00,0.7009301,1.1454917,0.7248079,1.1641526
2025-01-01 11:19:00,0.7008404,1.1455052,0.724726,1.1641663
2025-01-01 11:20:00,0.7007711,1.1455184,0.7246632,1.1641798
2025-01-01 11:21:00,0.7007181,1.1455315,0.7246156,1.1641932
2025-01-01 11:22:00,0.7006781,1.1455444,0.72458005,1.1642064
2025-01-01 11:23:00,0.70064855,1.1455574,0.7245543,1.1642195
2025-01-01 11:24:00,0.7006274,1.1455704,0.7245363,1.1642326
2025-01-01 11:25:00,0.70061296,1.1455833,0.7245245,1.1642456
2025-01-01 11:26:00,0.70060384,1.145596,0.7245177,1.1642586
2025-01-01 11:27:00,0.700599,1.1456089,0.7245149,1.1642716
2025-01-01 11:28:00,0.7005977,1.1456219,0.72451526,1.1642845
2025-01-01 11:29:00,0.7005991,1.1456348,0.7245181,1.1642975
2025-01-01 11:30:00,0.69399524,1.1473908,0.71836656,1.1661074
2025-01-01 11:31:00,0.6887147,1.1485368,0.713448,1.1672885
2025-01-01 11:32:00,0.6844927,1.1492864,0.70951575,1.1680607
2025-01-01 11:33:00,0.68111765,1.149778,0.70637256,1.1685671
2025-01-01 11:34:00,0.67842007,1.1501021,0.70386064,1.1689007
2025-01-01 11:35:00,0.6762645,1.1503174,0.7018537,1.1691221
2025-01-01 11:36:00,0.6745426,1.1504618,0.7002508,1.1692705
2025-01-01 11:37:00,0.6731675,1.1505603,0.6989711,1.1693715
2025-01-01 11:38:00,0.67206997,1.1506288,0.6979499,1.1694416
2025-01-01 11:39:00,0.6711945,1.1506779,0.69713557,1.1694916
2025-01-01 11:40:00,0.6704966,1.1507144,0.6964868,1.1695286
2025-01-01 11:41:00,0.66994077,1.1507427,0.69597036,1.1695572
2025-01-01 11:42:00,0.6694987,1.1507655,0.6955598,1.1695802
2025-01-01 11:43:00,0.66914755,1.1507851,0.695234,1.1695997
2025-01-01 11:44:00,0.66886914,1.1508023,0.694976,1.1696167
2025-01-01 11:45:00,0.66864896,1.150818,0.6947721,1.1696322
2025-01-01 11:46:00,0.6684754,1.1508328,0.6946117,1.1696467
2025-01-01 11:47:00,0.668339,1.150847,0.69448596,1.1696607
2025-01-01 11:48:00,0.66823244,1.1508607,0.694388,1.1696743
2025-01-01 11:49:00,0.6681497,1.1508743,0.6943122,1.1696875
2025-01-01 11:50:00,0.6680861,1.1508876,0.6942542,1.1697005
2025-01-01 11:51:00,0.6680378,1.150901,0.6942104,1.1697134
2025-01-01 11:52:00,0.66800165,1.1509141,0.694178,1.1697263
2025-01-01 11:53:00,0.66797537,1.1509273,0.6941546,1.169739
2025-01-01 11:54:00,0.6679568,1.1509404,0.6941386,1.1697516
2025-01-01 11:55:00,0.6679446,1.1509535,0.6941283,1.1697642
2025-01-01 11:56:00,0.6679374,1.1509665,0.6941227,1.1697768
2025-01-01 11:57:00,0.6679342,1.1509796,0.69412076,1.1697894
2025-01-01 11:58:00,0.6679342,1.1509928,0.6941219,1.169802
2025-01-01 11:59:00,0.66793674,1.1510059,0.69412535,1.1698146
2025-01-01 12:00:00,0.66190135,1.1519959,0.6885058,1.170771
2025-01-01 12:01:00,0.6570756,1.1526439,0.6840128,1.171397
2025-01-01 12:02:00,0.65321755,1.1530697,0.68042094,1.1718082
2025-01-01 12:03:00,0.65013367,1.1533512,0.6775501,1.1720799
2025-01-01 12:04:00,0.6476692,1.1535387,0.67525595,1.1722609
2025-01-01 12:05:00,0.6457002,1.1536652,0.67342323,1.1723828
2025-01-01 12:06:00,0.6441276,1.153752,0.67195964,1.1724665
2025-01-01 12:07:00,0.6428721,1.1538129,0.6707914,1.1725252
2025-01-01 12:08:00,0.6418703,1.1538571,0.66985935,1.1725676
2025-01-01 12:09:00,0.64107144,1.1538905,0.6691163,1.1725996
2025-01-01 12:10:00,0.6404349,1.1539167,0.6685244,1.1726246
2025-01-01 12:11:00,0.63992834,1.1539384,0.6680535,1.1726452
2025-01-01 12:12:00,0.63952565,1.1539571,0.6676793,1.1726629
2025-01-01 12:13:00,0.63920605,1.1539738,0.6673826,1.1726786
2025-01-01 12:14:00,0.63895303,1.1539893,0.66714776,1.1726931
2025-01-01 12:15:00,0.6387532,1.154004,0.66696244,1.172707
2025-01-01 12:16:00,0.63859594,1.154018,0.6668167,1.1727202
2025-01-01 12:17:00,0.6384727,1.1540316,0.66670275,1.172733
2025-01-01 12:18:00,0.6383767,1.1540451,0.6666141,1.1727457
2025-01-01 12:19:00,0.63830256,1.1540585,0.66654575,1.1727581
2025-01-01 12:20:00,0.6382459,1.1540718,0.6664936,1.1727704
2025-01-01 12:21:00,0.6382031,1.154085,0.66645443,1.1727827
2025-01-01 12:22:00,0.63817143,1.1540983,0.66642565,1.1727948
2025-01-01 12:23:00,0.6381488,1.1541113,0.6664052,1.172807
2025-01-01 12:24:00,0.6381332,1.1541244,0.6663914,1.172819
2025-01-01 12:25:00,0.63812345,1.1541375,0.66638285,1.172831
2025-01-01 12:26:00,0.6381182,1.1541506,0.6663785,1.1728431
2025-01-01 12:27:00,0.63811666,1.1541636,0.66637766,1.172855
2025-01-01 12:28:00,0.638118,1.1541767,0.66637945,1.1728671
2025-01-01 12:29:00,0.6381217,1.1541898,0.66638345,1.172879
2025-01-01 12:30:00,0.6327625,1.1543956,0.6613961,1.1729642
2025-01-01 12:31:00,0.6284777,1.154534,0.6574088,1.1730237
2025-01-01 12:32:00,0.6250525,1.1546284,0.6542214,1.1730666
2025-01-01 12:33:00,0.62231493,1.1546943,0.6516741,1.1730986
2025-01-01 12:34:00,0.62012756,1.1547418,0.6496387,1.1731235
2025-01-01 12:35:00,0.6183802,1.1547772,0.6480129,1.1731439
2025-01-01 12:36:00,0.61698496,1.1548047,0.64671475,1.173161
2025-01-01 12:37:00,0.61587137,1.1548272,0.64567876,1.1731764
2025-01-01 12:38:00,0.61498314,1.1548463,0.64485246,1.1731905
2025-01-01 12:39:00,0.6142752,1.1548634,0.6441939,1.1732038
2025-01-01 12:40:00,0.6137114,1.154879,0.64366955,1.1732165
2025-01-01 12:41:00,0.6132631,1.1548936,0.64325255,1.1732286
2025-01-01 12:42:00,0.612907,1.1549077,0.64292145,1.1732407
2025-01-01 12:43:00,0.61262476,1.1549213,0.642659,1.1732525
2025-01-01 12:44:00,0.6124016,1.1549348,0.6424516,1.1732643
2025-01-01 12:45:00,0.6122257,1.154948,0.64228815,1.173276
2025-01-01 12:46:00,0.61208755,1.1549611,0.6421598,1.1732876
2025-01-01 12:47:00,0.61197966,1.1549742,0.6420596,1.1732991
2025-01-01 12:48:00,0.611896,1.1549872,0.64198196,1.1733105
2025-01-01 12:49:00,0.61183167,1.1550002,0.64192224,1.173322
2025-01-01 12:50:00,0.61178285,1.1550131,0.64187694,1.1733334
2025-01-01 12:51:00,0.61174643,1.155026,0.64184314,1.1733449
2025-01-01 12:52:00,0.6117199,1.1550388,0.6418185,1.1733562
2025-01-01 12:53:00,0.6117013,1.1550517,0.6418013,1.1733675
2025-01-01 12:54:00,0.61168903,1.1550646,0.6417899,1.1733788
2025-01-01 12:55:00,0.6116819,1.1550775,0.6417833,1.17339
2025-01-01 12:56:00,0.6116787,1.1550903,0.6417804,1.1734012
2025-01-01 12:57:00,0.61167884,1.1551032,0.64178044,1.1734124
2025-01-01 12:58:00,0.6116816,1.155116,0.641783,1.1734236
2025-01-01 12:59:00,0.61168635,1.1551288,0.6417874,1.1734349
2025-01-01 13:00:00,0.60709894,1.1545471,0.63752127,1.1726478
2025-01-01 13:01:00,0.60343164,1.1541735,0.6341108,1.1721401
2025-01-01 13:02:00,0.6005004,1.1539351,0.63138485,1.171814
2025-01-01 13:03:00,0.59815806,1.1537845,0.6292064,1.1716057
2025-01-01 13:04:00,0.5962868,1.1536912,0.62746614,1.1714742
2025-01-01 13:05:00,0.5947924,1.1536349,0.6260762,1.1713926
2025-01-01 13:06:00,0.5935995,1.1536028,0.62496674,1.1713433
2025-01-01 13:07:00,0.59264773,1.1535864,0.62408143,1.1713151
2025-01-01 13:08:00,0.59188896,1.1535802,0.62337565,1.1713006
2025-01-01 13:09:00,0.59128463,1.1535805,0.62281334,1.1712949
2025-01-01 13:10:00,0.5908036,1.1535852,0.6223659,1.1712949
2025-01-01 13:11:00,0.5904215,1.1535926,0.6220103,1.1712987
2025-01-01 13:12:00,0.5901184,1.1536019,0.6217282,1.1713051
2025-01-01 13:13:00,0.58987856,1.1536123,0.6215048,1.1713127
2025-01-01 13:14:00,0.5896892,1.1536235,0.6213284,1.1713215
2025-01-01 13:15:00,0.58954036,1.153635,0.6211897,1.1713308
2025-01-01 13:16:00,0.5894239,1.1536471,0.62108105,1.1713406
2025-01-01 13:17:00,0.58933336,1.1536592,0.6209965,1.1713507
2025-01-01 13:18:00,0.5892635,1.1536715,0.6209311,1.1713609
2025-01-01 13:19:00,0.5892102,1.1536839,0.6208811,1.1713711
2025-01-01 13:20:00,0.58917016,1.1536963,0.6208434,1.1713815
2025-01-01 13:21:00,0.58914065,1.1537087,0.6208156,1.1713918
2025-01-01 13:22:00,0.5891197,1.1537211,0.6207956,1.1714022
2025-01-01 13:23:00,0.5891055,1.1537336,0.6207819,1.1714126
2025-01-01 13:24:00,0.5890967,1.153746,0.6207732,1.1714228
2025-01-01 13:25:00,0.58909225,1.1537584,0.6207686,1.1714332
2025-01-01 13:26:00,0.5890913,1.1537708,0.6207671,1.1714435
2025-01-01 13:27:00,0.5890931,1.1537832,0.6207683,1.1714537
2025-01-01 13:28:00,0.58909714,1.1537956,0.62077147,1.1714638
2025-01-01 13:29:00,0.5891029,1.1538079,0.62077624,1.171474
2025-01-01 13:30:00,0.58536917,1.1524485,0.6173076,1.1698287
2025-01-01 13:31:00,0.5823847,1.1515695,0.6145349,1.1687627
2025-01-01 13:32:00,0.5799997,1.1510022,0.612319,1.1680733
2025-01-01 13:33:00,0.57809424,1.1506377,0.61054856,1.1676286
2025-01-01 13:34:00,0.5765724,1.1504052,0.6091344,1.167343
2025-01-01 13:35:00,0.57535756,1.1502582,0.6080052,1.167161
2025-01-01 13:36:00,0.5743882,1.150167,0.6071042,1.167046
2025-01-01 13:37:00,0.5736153,1.1501119,0.6063856,1.1669745
2025-01-01 13:38:00,0.57299954,1.1500804,0.60581285,1.1669317
2025-01-01 13:39:00,0.57250947,1.1500641,0.6053569,1.1669072
2025-01-01 13:40:00,0.57211995,1.1500578,0.6049943,1.1668946
2025-01-01 13:41:00,0.5718109,1.1500578,0.60470647,1.1668899
2025-01-01 13:42:00,0.57156616,1.1500622,0.6044783,1.1668901
2025-01-01 13:43:00,0.57137287,1.1500691,0.604298,1.1668937
2025-01-01 13:44:00,0.5712209,1.1500777,0.6041559,1.1668992
2025-01-01 13:45:00,0.5711017,1.1500876,0.6040444,1.1669061
2025-01-01 13:46:00,0.571009,1.1500982,0.6039573,1.166914
2025-01-01 13:47:00,0.57093734,1.1501093,0.60388976,1.1669223
2025-01-01 13:48:00,0.57088256,1.1501206,0.6038379,1.166931
2025-01-01 13:49:00,0.5708412,1.1501322,0.60379857,1.16694
2025-01-01 13:50:00,0.5708106,1.1501437,0.60376924,1.166949
2025-01-01 13:51:00,0.5707887,1.1501555,0.60374784,1.1669582
2025-01-01 13:52:00,0.57077366,1.1501672,0.6037328,1.1669673
2025-01-01 13:53:00,0.5707641,1.1501789,0.60372293,1.1669765
2025-01-01 13:54:00,0.570759,1.1501907,0.60371715,1.1669856
2025-01-01 13:55:00,0.57075745,1.1502024,0.60371464,1.1669947
2025-01-01 13:56:00,0.5707587,1.1502142,0.6037147,1.1670039
2025-01-01 13:57:00,0.57076216,1.1502259,0.60371685,1.1670129
2025-01-01 13:58:00,0.5707674,1.1502376,0.6037206,1.1670219
2025-01-01 13:59:00,0.57077414,1.1502492,0.6037257,1.1670309
2025-01-01 14:00:00,0.56796074,1.1481369,0.60111624,1.1645564
2025-01-01 14:01:00,0.5657125,1.1467677,0.5990308,1.162951
2025-01-01 14:02:00,0.5639164,1.1458819,0.5973644,1.1619107
2025-01-01 14:03:00,0.562482,1.1453102,0.59603333,1.1612375
2025-01-01 14:04:00,0.56133693,1.1449426,0.5949705,1.1608028
2025-01-01 14:05:00,0.5604233,1.1447077,0.5941223,1.1605234
2025-01-01 14:06:00,0.5596949,1.1445589,0.5934457,1.1603448
2025-01-01 14:07:00,0.5591146,1.1444662,0.5929065,1.1602318
2025-01-01 14:08:00,0.5586528,1.1444099,0.5924771,1.1601613
2025-01-01 14:09:00,0.5582859,1.1443772,0.5921356,1.1601182
2025-01-01 14:10:00,0.5579947,1.1443601,0.59186435,1.1600934
2025-01-01 14:11:00,0.55776423,1.1443527,0.5916493,1.1600802
2025-01-01 14:12:00,0.5575823,1.144352,0.5914793,1.1600745
2025-01-01 14:13:00,0.5574392,1.1443554,0.59134525,1.1600736
2025-01-01 14:14:00,0.55732715,1.1443615,0.59124,1.160076
2025-01-01 14:15:00,0.5572399,1.1443694,0.5911577,1.1600803
2025-01-01 14:16:00,0.55717254,1.1443784,0.5910938,1.160086
2025-01-01 14:17:00,0.557121,1.1443881,0.59104455,1.1600926
2025-01-01 14:18:00,0.55708224,1.1443983,0.5910072,1.1600997
2025-01-01 14:19:00,0.5570536,1.1444088,0.59097916,1.1601071
2025-01-01 14:20:00,0.5570331,1.1444196,0.59095865,1.1601148
2025-01-01 14:21:00,0.5570191,1.1444303,0.5909442,1.1601226
2025-01-01 14:22:00,0.5570103,1.1444411,0.59093446,1.1601304
2025-01-01 14:23:00,0.55700564,1.144452,0.59092855,1.1601381
2025-01-01 14:24:00,0.5570043,1.1444628,0.5909257,1.1601459
2025-01-01 14:25:00,0.5570056,1.1444737,0.5909253,1.1601537
2025-01-01 14:26:00,0.557009,1.1444846,0.5909268,1.1601615
2025-01-01 14:27:00,0.55701405,1.1444954,0.5909299,1.1601692
2025-01-01 14:28:00,0.5570205,1.1445062,0.5909343,1.160177
2025-01-01 14:29:00,0.557028,1.144517,0.5909395,1.1601846
2025-01-01 14:30:00,0.5551851,1.1416895,0.589236,1.1569254
2025-01-01 14:31:00,0.553713,1.1398554,0.58787507,1.1548095
2025-01-01 14:32:00,0.55253774,1.138667,0.5867881,1.1534368
2025-01-01 14:33:00,0.55159986,1.1378982,0.58592033,1.1525471
2025-01-01 14:34:00,0.5508519,1.1374022,0.58522785,1.1519713
2025-01-01 14:35:00,0.55025584,1.1370833,0.5846757,1.1515996
2025-01-01 14:36:00,0.5497813,1.1368799,0.5842358,1.1513606
2025-01-01 14:37:00,0.549404,1.1367513,0.58388555,1.1512078
2025-01-01 14:38:00,0.54910445,1.1366712,0.5836072,1.1511109
2025-01-01 14:39:00,0.5488671,1.1366229,0.5833862,1.1510504
2025-01-01 14:40:00,0.5486796,1.136595,0.5832112,1.1510135
2025-01-01 14:41:00,0.54853183,1.1365806,0.5830729,1.150992
2025-01-01 14:42:00,0.5484159,1.1365749,0.582964,1.1509805
2025-01-01 14:43:00,0.5483255,1.1365746,0.5828786,1.1509753
2025-01-01 14:44:00,0.5482553,1.1365781,0.58281195,1.1509745
2025-01-01 14:45:00,0.54820156,1.1365839,0.5827604,1.1509763
2025-01-01 14:46:00,0.54816073,1.1365911,0.5827208,1.1509798
2025-01-01 14:47:00,0.5481304,1.1365993,0.58269083,1.1509844
2025-01-01 14:48:00,0.54810834,1.1366082,0.5826685,1.1509898
2025-01-01 14:49:00,0.548093,1.1366174,0.58265233,1.1509956
2025-01-01 14:50:00,0.54808295,1.136627,0.58264107,1.1510016
2025-01-01 14:51:00,0.5480771,1.1366366,0.5826337,1.1510079
2025-01-01 14:52:00,0.54807466,1.1366464,0.58262944,1.1510142
2025-01-01 14:53:00,0.5480749,1.1366562,0.5826276,1.1510205
2025-01-01 14:54:00,0.54807734,1.1366659,0.5826278,1.1510268
2025-01-01 14:55:00,0.5480815,1.1366758,0.5826296,1.1510332
2025-01-01 14:56:00,0.54808706,1.1366856,0.5826326,1.1510395
2025-01-01 14:57:00,0.54809374,1.1366954,0.58263665,1.1510458
2025-01-01 14:58:00,0.54810125,1.1367052,0.5826414,1.151052
2025-01-01 14:59:00,0.5481094,1.1367148,0.58264685,1.1510582
2025-01-01 15:00:00,0.54726994,1.1332221,0.5818795,1.1470722
2025-01-01 15:01:00,0.5466005,1.1309551,0.5812672,1.1444833
2025-01-01 15:02:00,0.5460672,1.129485,0.58077884,1.1428027
2025-01-01 15:03:00,0.5456426,1.1285328,0.58038974,1.1417123
2025-01-01 15:04:00,0.54530513,1.1279172,0.58008,1.1410056
2025-01-01 15:05:00,0.54503727,1.1275202,0.5798337,1.1405483
2025-01-01 15:06:00,0.5448252,1.1272655,0.5796382,1.1402531
2025-01-01 15:07:00,0.54465765,1.1271032,0.5794833,1.1400633
2025-01-01 15:08:00,0.5445257,1.1270009,0.5793608,1.1399418
2025-01-01 15:09:00,0.54442227,1.1269376,0.57926434,1.1398648
2025-01-01 15:10:00,0.5443417,1.1268997,0.57918864,1.1398166
2025-01-01 15:11:00,0.5442793,1.1268783,0.5791296,1.1397873
2025-01-01 15:12:00,0.5442314,1.1268675,0.57908374,1.1397702
2025-01-01 15:13:00,0.5441953,1.1268638,0.5790485,1.1397609
2025-01-01 15:14:00,0.5441684,1.1268644,0.5790218,1.1397567
2025-01-01 15:15:00,0.54414904,1.126868,0.57900184,1.1397558
2025-01-01 15:16:00,0.5441356,1.1268735,0.5789873,1.1397572
2025-01-01 15:17:00,0.54412687,1.1268802,0.57897705,1.1397598
2025-01-01 15:18:00,0.544122,1.1268876,0.57897025,1.1397634
2025-01-01 15:19:00,0.5441201,1.1268954,0.5789662,1.1397674
2025-01-01 15:20:00,0.54412067,1.1269037,0.57896435,1.1397718
2025-01-01 15:21:00,0.5441231,1.126912,0.57896423,1.1397763
2025-01-01 15:22:00,0.54412717,1.1269206,0.5789655,1.139781
2025-01-01 15:23:00,0.5441324,1.1269292,0.5789678,1.1397858
2025-01-01 15:24:00,0.5441386,1.1269377,0.5789711,1.1397905
2025-01-01 15:25:00,0.5441456,1.1269462,0.57897496,1.1397953
2025-01-01 15:26:00,0.54415315,1.1269548,0.57897943,1.1398001
2025-01-01 15:27:00,0.54416114,1.1269634,0.57898426,1.1398048
2025-01-01 15:28:00,0.54416955,1.1269718,0.5789895,1.1398095
2025-01-01 15:29:00,0.54417825,1.1269803,0.5789949,1.1398141
2025-01-01 15:30:00,0.54435724,1.1228852,0.57917774,1.1351726
2025-01-01 15:31:00,0.5445024,1.1202263,0.5793252,1.1321572
2025-01-01 15:32:00,0.54462045,1.1185008,0.57944447,1.1301988
2025-01-01 15:33:00,0.54471684,1.1173822,0.5795411,1.1289274
2025-01-01 15:34:00,0.54479593,1.1166579,0.57961965,1.1281023
2025-01-01 15:35:00,0.5448611,1.11619,0.57968366,1.1275676
2025-01-01 15:36:00,0.54491514,1.1158886,0.5797362,1.1272215
2025-01-01 15:37:00,0.5449603,1.1156956,0.5797794,1.126998
2025-01-01 15:38:00,0.5449984,1.1155729,0.57981515,1.126854
2025-01-01 15:39:00,0.5450307,1.1154959,0.57984495,1.1267619
2025-01-01 15:40:00,0.5450584,1.1154487,0.5798699,1.1267034
2025-01-01 15:41:00,0.54508257,1.1154207,0.5798911,1.1266667
2025-01-01 15:42:00,0.5451037,1.1154053,0.5799092,1.1266441
2025-01-01 15:43:00,0.5451225,1.1153979,0.57992476,1.1266309
2025-01-01 15:44:00,0.54513943,1.1153958,0.5799384,1.1266236
2025-01-01 15:45:00,0.5451548,1.1153971,0.57995045,1.12662
2025-01-01 15:46:00,0.54516894,1.1154007,0.5799612,1.126619
2025-01-01 15:47:00,0.5451821,1.1154056,0.5799709,1.1266196
2025-01-01 15:48:00,0.5451944,1.1154114,0.5799798,1.1266212
2025-01-01 15:49:00,0.5452061,1.1154178,0.57998794,1.1266235
2025-01-01 15:50:00,0.5452172,1.1154246,0.5799956,1.1266261
2025-01-01 15:51:00,0.54522794,1.1154317,0.58000267,1.126629
2025-01-01 15:52:00,0.5452384,1.1154387,0.58000946,1.126632
2025-01-01 15:53:00,0.54524845,1.1154459,0.5800159,1.1266351
2025-01-01 15:54:00,0.5452583,1.115453,0.5800221,1.1266383
2025-01-01 15:55:00,0.54526794,1.1154602,0.58002806,1.1266414
2025-01-01 15:56:00,0.54527736,1.1154674,0.5800339,1.1266445
2025-01-01 15:57:00,0.5452867,1.1154746,0.5800395,1.1266476
2025-01-01 15:58:00,0.5452959,1.1154816,0.58004504,1.1266507
2025-01-01 15:59:00,0.545305,1.1154888,0.58005047,1.1266537
2025-01-01 16:00:00,0.54649913,1.1108644,0.5811798,1.1214395
2025-01-01 16:01:00,0.54745615,1.1078609,0.5820843,1.1180512
2025-01-01 16:02:00,0.5482235,1.1059111,0.5828088,1.1158497
2025-01-01 16:03:00,0.5488391,1.1046462,0.5833894,1.1144198
2025-01-01 16:04:00,0.5493333,1.1038264,0.58385473,1.1134912
2025-01-01 16:05:00,0.54973024,1.1032957,0.5842279,1.1128886
2025-01-01 16:06:00,0.5500495,1.1029532,0.58452743,1.1124977
2025-01-01 16:07:00,0.55030656,1.1027328,0.5847679,1.1122444
2025-01-01 16:08:00,0.55051386,1.1025919,0.5849612,1.1120807
2025-01-01 16:09:00,0.55068135,1.1025025,0.5851167,1.1119751
2025-01-01 16:10:00,0.550817,1.1024467,0.58524185,1.1119072
2025-01-01 16:11:00,0.5509271,1.1024126,0.5853429,1.111864
2025-01-01 16:12:00,0.55101687,1.1023927,0.58542454,1.1118364
2025-01-01 16:13:00,0.55109024,1.1023821,0.58549076,1.1118194
2025-01-01 16:14:00,0.5511506,1.1023773,0.5855445,1.111809
2025-01-01 16:15:00,0.55120045,1.1023763,0.58558834,1.1118029
2025-01-01 16:16:00,0.55124193,1.1023778,0.5856242,1.1117997
2025-01-01 16:17:00,0.5512767,1.1023809,0.58565366,1.1117982
2025-01-01 16:18:00,0.55130607,1.1023852,0.58567804,1.1117978
2025-01-01 16:19:00,0.5513311,1.1023899,0.58569825,1.1117983
2025-01-01 16:20:00,0.5513527,1.102395,0.5857152,1.1117991
2025-01-01 16:21:00,0.55137146,1.1024004,0.5857295,1.1118003
2025-01-01 16:22:00,0.5513881,1.102406,0.58574164,1.1118015
2025-01-01 16:23:00,0.5514028,1.1024117,0.58575207,1.1118029
2025-01-01 16:24:00,0.55141616,1.1024175,0.58576113,1.1118044
2025-01-01 16:25:00,0.5514283,1.1024231,0.58576906,1.1118058
2025-01-01 16:26:00,0.5514395,1.1024288,0.58577615,1.1118071
2025-01-01 16:27:00,0.55144995,1.1024345,0.58578247,1.1118085
2025-01-01 16:28:00,0.55145985,1.1024401,0.5857882,1.11181
2025-01-01 16:29:00,0.5514692,1.1024457,0.58579344,1.1118112
2025-01-01 16:30:00,0.5536573,1.0973741,0.5878494,1.1061175
2025-01-01 16:31:00,0.5554092,1.0940794,0.5894947,1.102417
2025-01-01 16:32:00,0.55681217,1.0919397,0.5908116,1.100012
2025-01-01 16:33:00,0.55793595,1.0905508,0.5918658,1.0984491
2025-01-01 16:34:00,0.5588364,1.0896498,0.5927096,1.0974336
2025-01-01 16:35:00,0.55955815,1.0890659,0.59338534,1.0967737
2025-01-01 16:36:00,0.56013703,1.0886883,0.5939265,1.0963451
2025-01-01 16:37:00,0.5606014,1.0884445,0.59435993,1.0960667
2025-01-01 16:38:00,0.56097436,1.0882878,0.5947073,1.0958861
2025-01-01 16:39:00,0.56127405,1.0881877,0.5949857,1.0957689
2025-01-01 16:40:00,0.56151515,1.0881244,0.59520894,1.095693
2025-01-01 16:41:00,0.5617094,1.0880849,0.59538805,1.0956438
2025-01-01 16:42:00,0.5618661,1.088061,0.5955319,1.0956118
2025-01-01 16:43:00,0.5619928,1.0880469,0.5956474,1.0955913
2025-01-01 16:44:00,0.5620955,1.0880395,0.5957403,1.095578
2025-01-01 16:45:00,0.5621789,1.0880364,0.5958152,1.0955695
2025-01-01 16:46:00,0.56224704,1.088036,0.5958755,1.095564
2025-01-01 16:47:00,0.56230277,1.0880373,0.59592414,1.0955606
2025-01-01 16:48:00,0.5623486,1.0880395,0.59596354,1.0955583
2025-01-01 16:49:00,0.5623866,1.0880426,0.5959955,1.095557
2025-01-01 16:50:00,0.5624182,1.0880462,0.5960215,1.0955559
2025-01-01 16:51:00,0.5624448,1.08805,0.59604263,1.0955553
2025-01-01 16:52:00,0.5624673,1.088054,0.59606,1.0955548
2025-01-01 16:53:00,0.56248647,1.088058,0.5960742,1.0955545
2025-01-01 16:54:00,0.56250304,1.0880622,0.596086,1.0955542
2025-01-01 16:55:00,0.5625175,1.0880662,0.5960958,1.0955539
2025-01-01 16:56:00,0.56253034,1.0880703,0.596104,1.0955535
2025-01-01 16:57:00,0.5625417,1.0880743,0.5961109,1.0955533
2025-01-01 16:58:00,0.56255203,1.0880784,0.5961167,1.0955529
2025-01-01 16:59:00,0.56256145,1.0880823,0.59612167,1.0955524
2025-01-01 17:00:00,0.5657044,1.0826544,0.5990675,1.0894804
2025-01-01 17:01:00,0.56821996,1.0791276,0.6014244,1.0855335
2025-01-01 17:02:00,0.57023346,1.0768363,0.6033102,1.0829676
2025-01-01 17:03:00,0.5718455,1.0753483,0.6048192,1.0812995
2025-01-01 17:04:00,0.57313615,1.0743823,0.60602653,1.0802151
2025-01-01 17:05:00,0.5741698,1.0737557,0.6069927,1.0795099
2025-01-01 17:06:00,0.57499784,1.0733497,0.6077659,1.0790511
2025-01-01 17:07:00,0.5756613,1.0730869,0.60838467,1.0787526
2025-01-01 17:08:00,0.5761932,1.0729173,0.6088799,1.0785582
2025-01-01 17:09:00,0.57661974,1.0728081,0.6092763,1.0784315
2025-01-01 17:10:00,0.57696205,1.0727385,0.6095936,1.0783486
2025-01-01 17:11:00,0.57723695,1.0726942,0.6098476,1.0782944
2025-01-01 17:12:00,0.5774579,1.0726666,0.610051,1.0782588
2025-01-01 17:13:00,0.57763565,1.0726498,0.6102138,1.0782351
2025-01-01 17:14:00,0.5777789,1.0726398,0.61034423,1.0782193
2025-01-01 17:15:00,0.57789445,1.0726345,0.6104487,1.0782084
2025-01-01 17:16:00,0.5779879,1.0726321,0.6105324,1.0782008
2025-01-01 17:17:00,0.5780636,1.0726315,0.61059946,1.0781953
2025-01-01 17:18:00,0.5781252,1.072632,0.6106532,1.0781913
2025-01-01 17:19:00,0.57817537,1.0726333,0.6106963,1.078188
2025-01-01 17:20:00,0.5782165,1.0726352,0.61073095,1.0781853
2025-01-01 17:21:00,0.5782503,1.0726373,0.61075866,1.0781829
2025-01-01 17:22:00,0.57827824,1.0726396,0.61078084,1.0781807
2025-01-01 17:23:00,0.57830155,1.072642,0.61079866,1.0781786
2025-01-01 17:24:00,0.5783211,1.0726445,0.61081296,1.0781766
2025-01-01 17:25:00,0.57833767,1.0726469,0.6108244,1.0781746
2025-01-01 17:26:00,0.57835174,1.0726492,0.6108336,1.0781726
2025-01-01 17:27:00,0.5783639,1.0726516,0.61084086,1.0781705
2025-01-01 17:28:00,0.57837445,1.072654,0.61084676,1.0781684
2025-01-01 17:29:00,0.57838374,1.0726563,0.61085135,1.0781662
2025-01-01 17:30:00,0.58242553,1.0669688,0.6146345,1.0718248
2025-01-01 17:31:00,0.5856598,1.0632726,0.61766094,1.0677019
2025-01-01 17:32:00,0.588248,1.0608708,0.6200821,1.0650213
2025-01-01 17:33:00,0.5903194,1.0593103,0.62201893,1.063278
2025-01-01 17:34:00,0.5919773,1.0582967,0.62356824,1.0621439
2025-01-01 17:35:00,0.5933044,1.0576384,0.62480766,1.0614059
2025-01-01 17:36:00,0.5943668,1.0572112,0.62579906,1.0609252
2025-01-01 17:37:00,0.5952175,1.0569341,0.6265921,1.060612
2025-01-01 17:38:00,0.59589887,1.0567546,0.62722635,1.0604074
2025-01-01 17:39:00,0.5964446,1.0566386,0.62773365,1.0602734
2025-01-01 17:40:00,0.596882,1.0565636,0.6281393,1.0601853
2025-01-01 17:41:00,0.59723264,1.0565153,0.6284637,1.0601271
2025-01-01 17:42:00,0.59751385,1.0564847,0.628723,1.0600882
2025-01-01 17:43:00,0.5977395,1.0564651,0.6289303,1.0600617
2025-01-01 17:44:00,0.5979207,1.056453,0.62909585,1.0600435
2025-01-01 17:45:00,0.59806633,1.0564454,0.6292281,1.0600306
2025-01-01 17:46:00,0.5981835,1.0564411,0.62933373,1.060021
2025-01-01 17:47:00,0.5982779,1.0564386,0.629418,1.0600138
2025-01-01 17:48:00,0.59835404,1.0564374,0.62948513,1.0600078
2025-01-01 17:49:00,0.5984156,1.056437,0.6295386,1.0600028
2025-01-01 17:50:00,0.59846544,1.056437,0.62958115,1.0599984
2025-01-01 17:51:00,0.598506,1.0564374,0.62961483,1.0599943
2025-01-01 17:52:00,0.59853894,1.056438,0.62964153,1.0599904
2025-01-01 17:53:00,0.59856594,1.0564387,0.6296626,1.0599866
2025-01-01 17:54:00,0.5985881,1.0564394,0.62967914,1.0599828
2025-01-01 17:55:00,0.5986064,1.0564401,0.629692,1.0599791
2025-01-01 17:56:00,0.5986216,1.0564407,0.62970203,1.0599754
2025-01-01 17:57:00,0.5986343,1.0564414,0.62970966,1.0599717
2025-01-01 17:58:00,0.598645,1.0564421,0.6297154,1.059968
2025-01-01 17:59:00,0.59865403,1.0564427,0.6297196,1.0599642
2025-01-01 18:00:00,0.6035224,1.0505972,0.6342725,1.0534662
2025-01-01 18:01:00,0.60741764,1.0467978,0.6379144,1.0492413
2025-01-01 18:02:00,0.6105343,1.0443283,0.64082754,1.0464935
2025-01-01 18:03:00,0.6130281,1.0427233,0.6431576,1.0447062
2025-01-01 18:04:00,0.61502355,1.0416801,0.64502126,1.043543
2025-01-01 18:05:00,0.6166204,1.041002,0.64651173,1.0427853
2025-01-01 18:06:00,0.6178983,1.0405614,0.64770365,1.0422913
2025-01-01 18:07:00,0.6189211,1.040275,0.6486567,1.0419686
2025-01-01 18:08:00,0.6197398,1.0400888,0.6494188,1.0417573
2025-01-01 18:09:00,0.620395,1.0399677,0.6500279,1.0416186
2025-01-01 18:10:00,0.62091964,1.039889,0.65051466,1.0415268
2025-01-01 18:11:00,0.62133974,1.0398377,0.65090364,1.0414655
2025-01-01 18:12:00,0.6216762,1.0398043,0.65121424,1.041424
2025-01-01 18:13:00,0.62194574,1.0397825,0.6514622,1.0413955
2025-01-01 18:14:00,0.6221617,1.0397682,0.6516601,1.0413753
2025-01-01 18:15:00,0.6223348,1.0397587,0.6518178,1.0413605
2025-01-01 18:16:00,0.6224736,1.0397524,0.6519434,1.0413492
2025-01-01 18:17:00,0.62258494,1.0397482,0.65204334,1.0413401
2025-01-01 18:18:00,0.62267435,1.0397451,0.6521227,1.0413326
2025-01-01 18:19:00,0.6227461,1.039743,0.65218556,1.0413259
2025-01-01 18:20:00,0.6228038,1.0397413,0.65223527,1.0413197
2025-01-01 18:21:00,0.6228503,1.0397398,0.6522744,1.041314
2025-01-01 18:22:00,0.6228877,1.0397388,0.6523051,1.0413084
2025-01-01 18:23:00,0.62291783,1.0397378,0.652329,1.041303
2025-01-01 18:24:00,0.62294227,1.0397367,0.6523475,1.0412976
2025-01-01 18:25:00,0.62296194,1.0397357,0.65236163,1.0412923
2025-01-01 18:26:00,0.622978,1.0397347,0.65237224,1.041287
2025-01-01 18:27:00,0.6229909,1.0397336,0.6523801,1.0412816
2025-01-01 18:28:00,0.6230015,1.0397326,0.65238565,1.0412762
2025-01-01 18:29:00,0.62301016,1.0397315,0.6523894,1.0412709
2025-01-01 18:30:00,0.62861836,1.033832,0.6576308,1.0347322
2025-01-01 18:31:00,0.63310516,1.0299969,0.6618233,1.0304801
2025-01-01 18:32:00,0.6366947,1.0275035,0.6651765,1.0277143
2025-01-01 18:33:00,0.63956654,1.0258824,0.66785824,1.0259144
2025-01-01 18:34:00,0.64186406,1.024828,0.67000294,1.0247426
2025-01-01 18:35:00,0.64370215,1.0241421,0.67171794,1.0239788
2025-01-01 18:36:00,0.6451728,1.0236957,0.67308915,1.0234803
2025-01-01 18:37:00,0.6463494,1.0234051,0.6741853,1.0231543
2025-01-01 18:38:00,0.6472907,1.0232154,0.67506146,1.0229402
2025-01-01 18:39:00,0.6480438,1.0230916,0.6757615,1.022799
2025-01-01 18:40:00,0.64864635,1.0230105,0.67632073,1.0227051
2025-01-01 18:41:00,0.6491285,1.0229571,0.67676735,1.0226418
2025-01-01 18:42:00,0.6495142,1.0229217,0.6771237,1.0225985
2025-01-01 18:43:00,0.6498228,1.022898,0.677408,1.0225683
2025-01-01 18:44:00,0.6500696,1.0228817,0.6776345,1.0225464
2025-01-01 18:45:00,0.6502671,1.0228705,0.67781484,1.0225301
2025-01-01 18:46:00,0.6504251,1.0228626,0.67795825,1.0225171
2025-01-01 18:47:00,0.6505514,1.0228565,0.67807204,1.0225065
2025-01-01 18:48:00,0.65065247,1.0228518,0.67816216,1.0224973
2025-01-01 18:49:00,0.65073323,1.0228479,0.6782333,1.0224891
2025-01-01 18:50:00,0.6507978,1.0228444,0.67828935,1.0224814
2025-01-01 18:51:00,0.65084934,1.0228415,0.6783333,1.022474
2025-01-01 18:52:00,0.6508905,1.0228385,0.6783674,1.022467
2025-01-01 18:53:00,0.6509233,1.0228359,0.6783937,1.0224601
2025-01-01 18:54:00,0.6509495,1.022833,0.6784138,1.0224532
2025-01-01 18:55:00,0.6509703,1.0228304,0.6784289,1.0224463
2025-01-01 18:56:00,0.65098673,1.0228275,0.67844,1.0224394
2025-01-01 18:57:00,0.65099984,1.0228249,0.67844784,1.0224326
2025-01-01 18:58:00,0.65101016,1.0228221,0.6784531,1.0224257
2025-01-01 18:59:00,0.65101826,1.0228193,0.67845625,1.0224187
2025-01-01 19:00:00,0.65726626,1.0169716,0.68429285,1.0159562
2025-01-01 19:01:00,0.66226447,1.0131695,0.6889611,1.011753
2025-01-01 19:02:00,0.66626287,1.0106971,0.6926946,1.0090184
2025-01-01 19:03:00,0.66946137,1.0090889,0.6956804,1.0072384
2025-01-01 19:04:00,0.6720199,1.0080425,0.6980679,1.0060788
2025-01-01 19:05:00,0.6740665,1.0073612,0.69997674,1.0053226
2025-01-01 19:06:00,0.6757035,1.0069171,0.7015028,1.0048285
2025-01-01 19:07:00,0.6770129,1.0066274,0.7027225,1.0045046
2025-01-01 19:08:00,0.6780601,1.0064379,0.7036972,1.0042917
2025-01-01 19:09:00,0.6788976,1.0063133,0.70447576,1.0041505
2025-01-01 19:10:00,0.6795674,1.0062313,0.70509744,1.0040561
2025-01-01 19:11:00,0.6801028,1.0061767,0.7055937,1.0039921
2025-01-01 19:12:00,0.68053085,1.0061399,0.70598954,1.0039479
2025-01-01 19:13:00,0.680873,1.0061147,0.706305,1.0039164
2025-01-01 19:14:00,0.6811463,1.006097,0.7065562,1.0038933
2025-01-01 19:15:00,0.6813647,1.0060841,0.70675594,1.0038755
2025-01-01 19:16:00,0.681539,1.0060744,0.70691454,1.0038612
2025-01-01 19:17:00,0.6816781,1.0060668,0.7070402,1.0038491
2025-01-01 19:18:00,0.681789,1.0060604,0.7071395,1.0038385
2025-01-01 19:19:00,0.68187726,1.0060548,0.7072177,1.0038289
2025-01-01 19:20:00,0.6819475,1.0060498,0.707279,1.0038198
2025-01-01 19:21:00,0.6820033,1.006045,0.7073268,1.0038111
2025-01-01 19:22:00,0.6820475,1.0060405,0.7073638,1.0038027
2025-01-01 19:23:00,0.6820824,1.006036,0.7073921,1.0037943
2025-01-01 19:24:00,0.6821099,1.0060318,0.70741343,1.003786
2025-01-01 19:25:00,0.6821314,1.0060275,0.70742923,1.0037776
2025-01-01 19:26:00,0.68214816,1.006023,0.70744056,1.0037694
2025-01-01 19:27:00,0.68216103,1.0060186,0.7074483,1.0037612
2025-01-01 19:28:00,0.68217087,1.0060142,0.7074532,1.0037528
2025-01-01 19:29:00,0.6821782,1.0060098,0.70745575,1.0037446
2025-01-01 19:30:00,0.68895435,1.0003178,0.7137829,0.9974734
2025-01-01 19:31:00,0.69437474,0.99661636,0.71884334,0.9933942
2025-01-01 19:32:00,0.6987105,0.99420875,0.7228903,0.9907397
2025-01-01 19:33:00,0.7021786,0.99264216,0.7261265,0.98901135
2025-01-01 19:34:00,0.7049524,0.9916222,0.72871405,0.9878848
2025-01-01 19:35:00,0.70717096,0.99095744,0.7307827,0.9871496
2025-01-01 19:36:00,0.70894516,0.9905237,0.73243624,0.98666865
2025-01-01 19:37:00,0.710364,0.99024,0.7337576,0.9863529
2025-01-01 19:38:00,0.71149844,0.99005383,0.73481333,0.98614466
2025-01-01 19:39:00,0.7124054,0.98993105,0.73565644,0.98600626
2025-01-01 19:40:00,0.71313024,0.98984945,0.7363295,0.9859131
2025-01-01 19:41:00,0.71370953,0.98979455,0.73686653,0.9858495
2025-01-01 19:42:00,0.7141723,0.98975706,0.7372946,0.985805
2025-01-01 19:43:00,0.71454185,0.9897308,0.7376357,0.9857729
2025-01-01 19:44:00,0.7148369,0.9897119,0.737907,0.9857489
2025-01-01 19:45:00,0.71507215,0.9896977,0.7381226,0.9857301
2025-01-01 19:46:00,0.7152597,0.98968655,0.7382935,0.9857147
2025-01-01 19:47:00,0.715409,0.98967737,0.73842883,0.9857015
2025-01-01 19:48:00,0.7155278,0.98966944,0.7385355,0.98568964
2025-01-01 19:49:00,0.715622,0.98966235,0.7386193,0.9856788
2025-01-01 19:50:00,0.7156967,0.98965573,0.73868483,0.9856684
2025-01-01 19:51:00,0.71575564,0.9896495,0.7387357,0.9856584
2025-01-01 19:52:00,0.7158021,0.9896434,0.73877484,0.98564863
2025-01-01 19:53:00,0.71583843,0.9896374,0.7388046,0.985639
2025-01-01 19:54:00,0.71586674,0.9896314,0.7388268,0.9856294
2025-01-01 19:55:00,0.7158886,0.98962545,0.73884296,0.98561984
2025-01-01 19:56:00,0.7159053,0.9896195,0.73885435,0.98561037
2025-01-01 19:57:00,0.7159178,0.98961353,0.7388618,0.9856008
2025-01-01 19:58:00,0.715927,0.98960745,0.7388662,0.98559123
2025-01-01 19:59:00,0.7159335,0.98960143,0.73886806,0.98558164
2025-01-01 20:00:00,0.723117,0.98416686,0.7455734,0.97961396
2025-01-01 20:01:00,0.728863,0.9806322,0.75093603,0.97573155
2025-01-01 20:02:00,0.7334589,0.97833246,0.7552244,0.9732046
2025-01-01 20:03:00,0.73713475,0.9768355,0.7586535,0.9715586
2025-01-01 20:04:00,0.7400746,0.9758601,0.7613951,0.9704853
2025-01-01 20:05:00,0.74242544,0.97522396,0.76358676,0.9697842
2025-01-01 20:06:00,0.74430525,0.97480816,0.76533836,0.969325
2025-01-01 20:07:00,0.7458082,0.9745356,0.76673794,0.96902305
2025-01-01 20:08:00,0.7470096,0.9743561,0.7678559,0.9688233
2025-01-01 20:09:00,0.7479698,0.97423714,0.7687486,0.9686899
2025-01-01 20:10:00,0.748737,0.9741575,0.76946104,0.9685997
2025-01-01 20:11:00,0.7493497,0.97410333,0.77002925,0.9685375
2025-01-01 20:12:00,0.749839,0.9740658,0.77048206,0.96849364
2025-01-01 20:13:00,0.75022936,0.97403896,0.7708426,0.96846145
2025-01-01 20:14:00,0.75054073,0.9740191,0.77112925,0.968437
2025-01-01 20:15:00,0.7507888,0.97400385,0.7713568,0.9684175
2025-01-01 20:16:00,0.7509862,0.97399145,0.7715371,0.9684013
2025-01-01 20:17:00,0.7511431,0.97398096,0.7716796,0.9683871
2025-01-01 20:18:00,0.75126755,0.97397166,0.77179176,0.9683743
2025-01-01 20:19:00,0.7513661,0.9739631,0.7718797,0.96836233
2025-01-01 20:20:00,0.7514438,0.97395504,0.7719483,0.9683509
2025-01-01 20:21:00,0.75150496,0.9739473,0.7720013,0.9683398
2025-01-01 20:22:00,0.75155276,0.9739397,0.7720419,0.9683289
2025-01-01 20:23:00,0.75158995,0.9739322,0.7720726,0.96831816
2025-01-01 20:24:00,0.7516186,0.97392476,0.7720953,0.9683075
2025-01-01 20:25:00,0.75164044,0.9739173,0.7721116,0.9682968
2025-01-01 20:26:00,0.7516567,0.97390985,0.77212274,0.9682862
2025-01-01 20:27:00,0.75166863,0.9739024,0.77212983,0.96827555
2025-01-01 20:28:00,0.751677,0.97389495,0.77213365,0.9682649
2025-01-01 20:29:00,0.7516826,0.97388744,0.77213484,0.9682542
2025-01-01 20:30:00,0.7591452,0.9688073,0.77909833,0.9626962
2025-01-01 20:31:00,0.7651142,0.96550256,0.78466725,0.9590797
2025-01-01 20:32:00,0.76988816,0.9633517,0.78912055,0.9567251
2025-01-01 20:33:00,0.77370614,0.96195096,0.7926813,0.9551909
2025-01-01 20:34:00,0.7767593,0.96103776,0.7955279,0.9541899
2025-01-01 20:35:00,0.7792006,0.96044135,0.7978032,0.9535354
2025-01-01 20:36:00,0.7811524,0.960051,0.79962164,0.9531061
2025-01-01 20:37:00,0.7827127,0.95979446,0.8010744,0.9528232
2025-01-01 20:38:00,0.7839596,0.9596249,0.80223465,0.95263547
2025-01-01 20:39:00,0.7849559,0.9595118,0.8031609,0.95250964
2025-01-01 20:40:00,0.78575164,0.9594355,0.80389994,0.95242393
2025-01-01 20:41:00,0.786387,0.95938313,0.8044892,0.9523644
2025-01-01 20:42:00,0.78689396,0.9593462,0.80495864,0.9523217
2025-01-01 20:43:00,0.7872982,0.95931923,0.8053322,0.9522901
2025-01-01 20:44:00,0.78762037,0.9592989,0.8056291,0.9522656
2025-01-01 20:45:00,0.7878768,0.95928276,0.8058646,0.95224583
2025-01-01 20:46:00,0.7880806,0.95926934,0.80605096,0.952229
2025-01-01 20:47:00,0.7882422,0.95925766,0.80619806,0.9522141
2025-01-01 20:48:00,0.7883702,0.9592471,0.8063137,0.9522005
2025-01-01 20:49:00,0.7884712,0.9592373,0.8064042,0.9521876
2025-01-01 20:50:00,0.78855073,0.9592279,0.80647457,0.9521753
2025-01-01 20:51:00,0.78861296,0.9592188,0.8065288,0.9521633
2025-01-01 20:52:00,0.7886613,0.95920986,0.8065701,0.95215154
2025-01-01 20:53:00,0.7886986,0.95920104,0.80660117,0.9521398
2025-01-01 20:54:00,0.78872705,0.9591922,0.8066239,0.95212823
2025-01-01 20:55:00,0.7887484,0.9591834,0.80664,0.95211667
2025-01-01 20:56:00,0.788764,0.95917463,0.8066509,0.9521051
2025-01-01 20:57:00,0.7887751,0.9591658,0.8066575,0.95209354
2025-01-01 20:58:00,0.7887825,0.95915705,0.80666065,0.952082
2025-01-01 20:59:00,0.78878695,0.95914817,0.80666107,0.9520704
2025-01-01 21:00:00,0.7963954,0.9545131,0.8137586,0.9470216
2025-01-01 21:01:00,0.8024807,0.9514971,0.81943446,0.9437358
2025-01-01 21:02:00,0.8073475,0.9495336,0.823973,0.9415959
2025-01-01 21:03:00,0.81123936,0.9482541,0.82760173,0.94020087
2025-01-01 21:04:00,0.8143514,0.9474192,0.8305026,0.9392899
2025-01-01 21:05:00,0.8168395,0.94687337,0.83282113,0.93869376
2025-01-01 21:06:00,0.8188285,0.9465153,0.8346739,0.93830216
2025-01-01 21:07:00,0.8204181,0.94627935,0.83615386,0.9380434
2025-01-01 21:08:00,0.8216883,0.9461227,0.83733577,0.9378711
2025-01-01 21:09:00,0.82270294,0.9460176,0.83827907,0.937755
2025-01-01 21:10:00,0.82351303,0.94594604,0.8390315,0.9376753
2025-01-01 21:11:00,0.82415956,0.9458962,0.8396314,0.9376193
2025-01-01 21:12:00,0.8246752,0.94586056,0.84010905,0.93757874
2025-01-01 21:13:00,0.8250861,0.94583404,0.840489,0.9375482
2025-01-01 21:14:00,0.8254132,0.9458134,0.84079075,0.9375242
2025-01-01 21:15:00,0.82567334,0.9457967,0.84102994,0.93750435
2025-01-01 21:16:00,0.8258798,0.9457825,0.84121907,0.93748724
2025-01-01 21:17:00,0.82604337,0.94576985,0.84136814,0.9374719
2025-01-01 21:18:00,0.8261726,0.9457583,0.8414852,0.93745774
2025-01-01 21:19:00,0.8262743,0.9457473,0.84157664,0.93744427
2025-01-01 21:20:00,0.826354,0.94573677,0.84164757,0.93743134
2025-01-01 21:21:00,0.8264162,0.9457265,0.84170204,0.93741864
2025-01-01 21:22:00,0.8264643,0.9457164,0.84174335,0.93740606
2025-01-01 21:23:00,0.826501,0.9457063,0.8417742,0.93739367
2025-01-01 21:24:00,0.8265287,0.94569635,0.8417966,0.9373813
2025-01-01 21:25:00,0.82654923,0.94568634,0.8418122,0.93736905
2025-01-01 21:26:00,0.8265639,0.9456764,0.84182245,0.93735677
2025-01-01 21:27:00,0.82657397,0.9456664,0.84182835,0.9373445
2025-01-01 21:28:00,0.8265802,0.94565636,0.84183085,0.9373322
2025-01-01 21:29:00,0.82658356,0.94564635,0.84183055,0.93731993
2025-01-01 21:30:00,0.8342024,0.94153893,0.8489354,0.93287
2025-01-01 21:31:00,0.8402957,0.93886554,0.854617,0.9299731
2025-01-01 21:32:00,0.84516853,0.93712425,0.85916,0.9280859
2025-01-01 21:33:00,0.84906507,0.9359889,0.8627921,0.92685485
2025-01-01 21:34:00,0.85218054,0.93524724,0.8656954,0.92605036
2025-01-01 21:35:00,0.85467106,0.9347616,0.86801577,0.92552304
2025-01-01 21:36:00,0.85666174,0.9344423,0.8698697,0.92517596
2025-01-01 21:37:00,0.8582525,0.93423104,0.8713505,0.92494595
2025-01-01 21:38:00,0.8595233,0.9340902,0.87253284,0.9247922
2025-01-01 21:39:00,0.8605381,0.9339949,0.8734764,0.9246878
2025-01-01 21:40:00,0.86134815,0.9339293,0.8742289,0.92461556
2025-01-01 21:41:00,0.8619944,0.933883,0.8748285,0.92456424
2025-01-01 21:42:00,0.8625095,0.9338492,0.87530583,0.92452645
2025-01-01 21:43:00,0.8629198,0.9338235,0.8756854,0.9244975
2025-01-01 21:44:00,0.86324614,0.93380314,0.87598664,0.9244743
2025-01-01 21:45:00,0.86350536,0.93378615,0.8762253,0.9244548
2025-01-01 21:46:00,0.8637109,0.9337714,0.8764138,0.9244377
2025-01-01 21:47:00,0.8638734,0.93375796,0.87656224,0.9244222
2025-01-01 21:48:00,0.8640015,0.9337455,0.8766786,0.92440766
2025-01-01 21:49:00,0.8641021,0.93373364,0.87676936,0.9243938
2025-01-01 21:50:00,0.86418074,0.93372214,0.87683946,0.92438036
2025-01-01 21:51:00,0.86424166,0.9337109,0.8768932,0.9243672
2025-01-01 21:52:00,0.8642885,0.9336997,0.8769338,0.92435414
2025-01-01 21:53:00,0.8643241,0.93368864,0.87696385,0.9243412
2025-01-01 21:54:00,0.8643506,0.9336776,0.87698555,0.9243284
2025-01-01 21:55:00,0.8643699,0.93366665,0.8770004,0.92431563
2025-01-01 21:56:00,0.8643834,0.9336556,0.8770099,0.9243028
2025-01-01 21:57:00,0.8643922,0.9336446,0.8770151,0.92429006
2025-01-01 21:58:00,0.86439735,0.93363357,0.8770168,0.9242773
2025-01-01 21:59:00,0.86439943,0.9336225,0.87701577,0.9242645
2025-01-01 22:00:00,0.8718924,0.93011624,0.88400126,0.9204932
2025-01-01 22:01:00,0.87788475,0.9278332,0.88958716,0.9180373
2025-01-01 22:02:00,0.8826766,0.92634535,0.89405346,0.9164365
2025-01-01 22:03:00,0.88650817,0.9253743,0.897624,0.91539145
2025-01-01 22:04:00,0.88957137,0.92473924,0.90047807,0.9147077
2025-01-01 22:05:00,0.8920199,0.9243225,0.9027588,0.9142588
2025-01-01 22:06:00,0.8939767,0.9240476,0.90458095,0.9139624
2025-01-01 22:07:00,0.8955402,0.9238649,0.90603614,0.9137653
2025-01-01 22:08:00,0.89678884,0.92374223,0.90719783,0.9136327
2025-01-01 22:09:00,0.8977858,0.9236585,0.90812474,0.913542
2025-01-01 22:10:00,0.8985813,0.9236001,0.9088638,0.9134785
2025-01-01 22:11:00,0.8992156,0.9235581,0.90945256,0.91343266
2025-01-01 22:12:00,0.899721,0.92352676,0.9099211,0.9133983
2025-01-01 22:13:00,0.90012324,0.9235024,0.9102934,0.91337156
2025-01-01 22:14:00,0.90044296,0.9234825,0.9105888,0.91334957
2025-01-01 22:15:00,0.9006967,0.92346555,0.9108226,0.91333073
2025-01-01 22:16:00,0.9008975,0.92345047,0.9110071,0.913314
2025-01-01 22:17:00,0.9010561,0.9234366,0.91115224,0.91329855
2025-01-01 22:18:00,0.90118086,0.9234235,0.91126585,0.91328394
2025-01-01 22:19:00,0.90127856,0.9234109,0.91135424,0.9132699
2025-01-01 22:20:00,0.9013546,0.9233986,0.9114224,0.9132562
2025-01-01 22:21:00,0.90141326,0.9233865,0.9114744,0.9132428
2025-01-01 22:22:00,0.90145814,0.92337453,0.9115135,0.9132295
2025-01-01 22:23:00,0.9014918,0.9233626,0.91154224,0.91321635
2025-01-01 22:24:00,0.9015167,0.92335075,0.9115627,0.91320324
2025-01-01 22:25:00,0.9015344,0.9233389,0.91157657,0.9131901
2025-01-01 22:26:00,0.90154636,0.923327,0.91158515,0.9131771
2025-01-01 22:27:00,0.9015538,0.9233152,0.91158944,0.91316396
2025-01-01 22:28:00,0.9015576,0.92330337,0.9115904,0.9131509
2025-01-01 22:29:00,0.90155846,0.9232915,0.91158855,0.91313785
2025-01-01 22:30:00,0.9087918,0.9204488,0.9183299,0.91011226
2025-01-01 22:31:00,0.9145762,0.91859686,0.92372036,0.908141
2025-01-01 22:32:00,0.91920155,0.9173889,0.92803025,0.90685517
2025-01-01 22:33:00,0.9228996,0.9165995,0.9314755,0.9060148
2025-01-01 22:34:00,0.9258559,0.9160822,0.93422925,0.90546393
2025-01-01 22:35:00,0.92821866,0.91574174,0.9364297,0.9051013
2025-01-01 22:36:00,0.93010664,0.9155162,0.9381874,0.90486103
2025-01-01 22:37:00,0.9316149,0.9153654,0.9395911,0.9047002
2025-01-01 22:38:00,0.9328191,0.9152631,0.9407115,0.9045912
2025-01-01 22:39:00,0.9337803,0.91519237,0.9416052,0.9045157
2025-01-01 22:40:00,0.93454707,0.9151421,0.9423176,0.90446204
2025-01-01 22:41:00,0.9351582,0.91510516,0.9428849,0.90442264
2025-01-01 22:42:00,0.9356448,0.9150769,0.94333625,0.90439236
2025-01-01 22:43:00,0.9360318,0.91505426,0.9436947,0.9043681
2025-01-01 22:44:00,0.9363392,0.91503525,0.94397897,0.9043478
2025-01-01 22:45:00,0.9365828,0.91501856,0.94420373,0.90432996
2025-01-01 22:46:00,0.93677545,0.9150035,0.94438094,0.90431386
2025-01-01 22:47:00,0.93692726,0.9149893,0.9445202,0.9042987
2025-01-01 22:48:00,0.93704635,0.9149758,0.94462895,0.9042843
2025-01-01 22:49:00,0.9371394,0.9149627,0.9447134,0.90427035
2025-01-01 22:50:00,0.9372115,0.91494983,0.9447783,0.9042567
2025-01-01 22:51:00,0.9372669,0.91493714,0.9448277,0.90424323
2025-01-01 22:52:00,0.9373089,0.9149245,0.9448646,0.9042299
2025-01-01 22:53:00,0.93734014,0.914912,0.9448915,0.90421665
2025-01-01 22:54:00,0.93736285,0.9148995,0.94491047,0.9042034
2025-01-01 22:55:00,0.93737864,0.9148871,0.94492304,0.9041903
2025-01-01 22:56:00,0.93738896,0.91487455,0.9449305,0.9041771
2025-01-01 22:57:00,0.93739486,0.9148621,0.9449339,0.904164
2025-01-01 22:58:00,0.93739724,0.9148496,0.94493395,0.9041509
2025-01-01 22:59:00,0.9373968,0.9148371,0.9449314,0.9041378
2025-01-01 23:00:00,0.94424164,0.9127088,0.9513083,0.90191185
2025-01-01 23:01:00,0.94971514,0.911321,0.95640725,0.9004605
2025-01-01 23:02:00,0.95409155,0.9104145,0.9604838,0.8995124
2025-01-01 23:03:00,0.95759034,0.90982085,0.9637424,0.8988916
2025-01-01 23:04:00,0.960387,0.9094306,0.9663467,0.8984836
2025-01-01 23:05:00,0.9626219,0.9091725,0.9684275,0.8982137
2025-01-01 23:06:00,0.9644075,0.90900034,0.97008955,0.89803374
2025-01-01 23:07:00,0.96583354,0.908884,0.9714166,0.89791214
2025-01-01 23:08:00,0.96697193,0.90880394,0.9724756,0.8978286
2025-01-01 23:09:00,0.96788037,0.90874743,0.9733202,0.8977697
2025-01-01 23:10:00,0.9686047,0.9087063,0.97399324,0.89772683
2025-01-01 23:11:00,0.96918166,0.9086751,0.9745291,0.8976944
2025-01-01 23:12:00,0.96964085,0.90865034,0.9749551,0.8976688
2025-01-01 23:13:00,0.9700058,0.9086298,0.97529334,0.89764756
2025-01-01 23:14:00,0.9702953,0.908612,0.9755613,0.8976292
2025-01-01 23:15:00,0.9705245,0.9085959,0.97577304,0.8976127
2025-01-01 23:16:00,0.97070545,0.908581,0.97593987,0.89759743
2025-01-01 23:17:00,0.9708477,0.9085669,0.97607064,0.8975829
2025-01-01 23:18:00,0.9709591,0.9085532,0.9761727,0.89756894
2025-01-01 23:19:00,0.9710458,0.9085398,0.97625166,0.8975553
2025-01-01 23:20:00,0.97111267,0.90852654,0.9763122,0.8975419
2025-01-01 23:21:00,0.97116375,0.9085135,0.97635806,0.89752865
2025-01-01 23:22:00,0.9712022,0.9085005,0.97639215,0.8975155
2025-01-01 23:23:00,0.97123045,0.90848756,0.97641677,0.89750236
2025-01-01 23:24:00,0.97125053,0.9084746,0.9764338,0.89748937
2025-01-01 23:25:00,0.97126424,0.9084617,0.97644484,0.8974763
2025-01-01 23:26:00,0.9712727,0.9084488,0.97645104,0.8974634
2025-01-01 23:27:00,0.97127694,0.90843594,0.97645336,0.8974504
2025-01-01 23:28:00,0.97127795,0.908423,0.97645265,0.89743745
2025-01-01 23:29:00,0.9712762,0.90841013,0.97644943,0.8974245
2025-01-01 23:30:00,0.9776102,0.9070341,0.982348,0.8960382
2025-01-01 23:31:00,0.9826749,0.90613514,0.9870643,0.8951325
2025-01-01 23:32:00,0.9867242,0.9055463,0.9908347,0.8945393
2025-01-01 23:33:00,0.98996115,0.905159,0.9938484,0.8941492
2025-01-01 23:34:00,0.99254817,0.90490276,0.9962567,0.89389116
2025-01-01 23:35:00,0.99461526,0.9047316,0.99818075,0.8937189
2025-01-01 23:36:00,0.9962665,0.90461576,0.99971735,0.8936025
2025-01-01 23:37:00,0.99758494,0.904536,1.0009441,0.8935223
2025-01-01 23:38:00,0.99863714,0.90447956,1.0019228,0.89346576
2025-01-01 23:39:00,0.99947643,0.9044383,1.0027032,0.8934245
2025-01-01 23:40:00,1.0001453,0.90440696,1.0033249,0.8933932
2025-01-01 23:41:00,1.000678,0.904382,1.0038196,0.89336836
2025-01-01 23:42:00,1.0011015,0.90436125,1.0042127,0.89334774
2025-01-01 23:43:00,1.0014378,0.9043432,1.0045247,0.8933299
2025-01-01 23:44:00,1.0017042,0.9043269,1.0047716,0.8933138
2025-01-01 23:45:00,1.001915,0.9043117,1.0049665,0.8932989
2025-01-01 23:46:00,1.002081,0.9042973,1.0051199,0.89328486
2025-01-01 23:47:00,1.0022112,0.90428334,1.00524,0.8932712
2025-01-01 23:48:00,1.0023129,0.9042697,1.0053333,0.8932579
2025-01-01 23:49:00,1.0023917,0.9042563,1.0054055,0.8932448
2025-01-01 23:50:00,1.0024521,0.904243,1.0054606,0.89323187
2025-01-01 23:51:00,1.002498,0.90422976,1.0055021,0.89321905
2025-01-01 23:52:00,1.0025321,0.9042166,1.0055326,0.8932063
2025-01-01 23:53:00,1.0025568,0.9042034,1.0055546,0.8931936
2025-01-01 23:54:00,1.002574,0.9041903,1.0055693,0.8931809
2025-01-01 23:55:00,1.0025852,0.9041772,1.0055786,0.89316833
2025-01-01 23:56:00,1.0025916,0.90416414,1.0055835,0.8931557
2025-01-01 23:57:00,1.0025942,0.904151,1.0055848,0.8931432
2025-01-01 23:58:00,1.0025938,0.9041379,1.0055832,0.8931306
2025-01-01 23:59:00,1.0025907,0.90412486,1.0055794,0.8931181
