TIME,N_001_v000,N_002_v000,N_003_v000
2025-01-01 00:01:00,0.99714905,0.99903214,1.0010008
2025-01-01 00:02:00,0.997145,0.99903023,1.0010011
2025-01-01 00:03:00,0.997141,0.99902844,1.0010015
2025-01-01 00:04:00,0.99713707,0.99902666,1.001002
2025-01-01 00:05:00,0.99713314,0.9990249,1.0010024
2025-01-01 00:06:00,0.9971293,0.99902326,1.001003
2025-01-01 00:07:00,0.99712557,0.99902165,1.0010036
2025-01-01 00:08:00,0.9971218,0.9990201,1.0010043
2025-01-01 00:09:00,0.9971182,0.9990186,1.001005
2025-01-01 00:10:00,0.99711454,0.9990172,1.0010059
2025-01-01 00:11:00,0.99711096,0.9990158,1.0010067
2025-01-01 00:12:00,0.99710745,0.9990145,1.0010077
2025-01-01 00:13:00,0.99710405,0.99901325,1.0010086
2025-01-01 00:14:00,0.99710065,0.99901205,1.0010096
2025-01-01 00:15:00,0.9970973,0.9990109,1.0010107
2025-01-01 00:16:00,0.997094,0.9990098,1.0010118
2025-01-01 00:17:00,0.99709076,0.9990088,1.001013
2025-01-01 00:18:00,0.9970876,0.9990078,1.0010142
2025-01-01 00:19:00,0.9970845,0.99900687,1.0010155
2025-01-01 00:20:00,0.99708146,0.99900603,1.001017
2025-01-01 00:21:00,0.9970784,0.9990052,1.0010184
2025-01-01 00:22:00,0.9970755,0.9990045,1.0010198
2025-01-01 00:23:00,0.9970726,0.99900377,1.0010214
2025-01-01 00:24:00,0.9970697,0.9990032,1.0010229
2025-01-01 00:25:00,0.997067,0.9990026,1.0010246
2025-01-01 00:26:00,0.99706423,0.99900204,1.0010263
2025-01-01 00:27:00,0.99706155,0.9990016,1.0010281
2025-01-01 00:28:00,0.9970589,0.9990012,1.0010298
2025-01-01 00:29:00,0.99705637,0.99900085,1.0010318
2025-01-01 00:30:00,1.0013216,1.0045577,1.0056409
2025-01-01 00:31:00,1.0047333,1.0090033,1.0093286
2025-01-01 00:32:00,1.0074623,1.0125598,1.0122792
2025-01-01 00:33:00,1.009645,1.0154049,1.0146402
2025-01-01 00:34:00,1.0113908,1.017681,1.0165294
2025-01-01 00:35:00,1.012787,1.019502,1.0180414
2025-01-01 00:36:00,1.0139036,1.0209589,1.0192513
2025-01-01 00:37:00,1.0147966,1.0221244,1.0202198
2025-01-01 00:38:00,1.0155104,1.0230569,1.0209951
2025-01-01 00:39:00,1.0160813,1.023803,1.021616
2025-01-01 00:40:00,1.0165375,1.0244,1.0221132
2025-01-01 00:41:00,1.0169023,1.0248777,1.0225115
2025-01-01 00:42:00,1.0171937,1.0252601,1.0228307
2025-01-01 00:43:00,1.0174266,1.025566,1.0230867
2025-01-01 00:44:00,1.0176126,1.025811,1.0232921
2025-01-01 00:45:00,1.0177611,1.0260069,1.0234569
2025-01-01 00:46:00,1.0178797,1.026164,1.0235895
2025-01-01 00:47:00,1.0179743,1.0262898,1.0236961
2025-01-01 00:48:00,1.0180497,1.0263908,1.023782
2025-01-01 00:49:00,1.0181098,1.0264716,1.0238514
2025-01-01 00:50:00,1.0181576,1.0265366,1.0239075
2025-01-01 00:51:00,1.0181956,1.0265887,1.0239531
2025-01-01 00:52:00,1.0182259,1.0266306,1.0239903
2025-01-01 00:53:00,1.0182499,1.0266645,1.0240207
2025-01-01 00:54:00,1.0182688,1.0266918,1.0240457
2025-01-01 00:55:00,1.0182838,1.026714,1.0240664
2025-01-01 00:56:00,1.0182956,1.026732,1.0240839
2025-01-01 00:57:00,1.0183051,1.0267466,1.0240983
2025-01-01 00:58:00,1.0183123,1.0267587,1.0241108
2025-01-01 00:59:00,1.0183182,1.0267687,1.0241215
2025-01-01 01:00:00,1.022422,1.0318812,1.0281047
2025-01-01 01:01:00,1.0257047,1.0359715,1.031292
2025-01-01 01:02:00,1.028331,1.0392442,1.0338426
2025-01-01 01:03:00,1.0304319,1.0418627,1.0358839
2025-01-01 01:04:00,1.0321126,1.0439577,1.0375177
2025-01-01 01:05:00,1.033457,1.0456343,1.0388255
2025-01-01 01:06:00,1.0345325,1.0469759,1.0398726
2025-01-01 01:07:00,1.035393,1.0480496,1.0407113
2025-01-01 01:08:00,1.0360813,1.048909,1.041383
2025-01-01 01:09:00,1.036632,1.0495969,1.0419211
2025-01-01 01:10:00,1.0370724,1.0501478,1.0423526
2025-01-01 01:11:00,1.0374249,1.0505888,1.0426986
2025-01-01 01:12:00,1.0377069,1.0509422,1.0429764
2025-01-01 01:13:00,1.0379324,1.0512253,1.0431995
2025-01-01 01:14:00,1.0381129,1.0514523,1.0433788
2025-01-01 01:15:00,1.0382574,1.0516343,1.0435233
2025-01-01 01:16:00,1.038373,1.0517806,1.0436399
2025-01-01 01:17:00,1.0384655,1.051898,1.0437341
2025-01-01 01:18:00,1.0385396,1.0519925,1.0438102
2025-01-01 01:19:00,1.0385991,1.0520687,1.0438722
2025-01-01 01:20:00,1.0386467,1.0521301,1.0439229
2025-01-01 01:21:00,1.0386851,1.0521799,1.0439644
2025-01-01 01:22:00,1.0387158,1.0522202,1.0439985
2025-01-01 01:23:00,1.0387405,1.0522531,1.0440269
2025-01-01 01:24:00,1.0387605,1.0522802,1.0440506
2025-01-01 01:25:00,1.0387766,1.0523022,1.0440706
2025-01-01 01:26:00,1.0387897,1.0523207,1.0440876
2025-01-01 01:27:00,1.0388004,1.052336,1.0441023
2025-01-01 01:28:00,1.0388092,1.052349,1.0441151
2025-01-01 01:29:00,1.0388163,1.0523598,1.0441265
2025-01-01 01:30:00,1.0433135,1.0579358,1.0484693
2025-01-01 01:31:00,1.0469114,1.0623971,1.0519449
2025-01-01 01:32:00,1.04979,1.065967,1.0547262
2025-01-01 01:33:00,1.0520931,1.0688236,1.0569526
2025-01-01 01:34:00,1.053936,1.0711095,1.0587347
2025-01-01 01:35:00,1.0554105,1.0729389,1.0601615
2025-01-01 01:36:00,1.0565903,1.0744033,1.0613042
2025-01-01 01:37:00,1.0575346,1.0755756,1.0622195
2025-01-01 01:38:00,1.0582904,1.076514,1.0629529
2025-01-01 01:39:00,1.0588952,1.0772656,1.0635408
2025-01-01 01:40:00,1.0593795,1.0778677,1.0640123
2025-01-01 01:41:00,1.0597672,1.0783502,1.0643905
2025-01-01 01:42:00,1.0600779,1.0787369,1.0646945
2025-01-01 01:43:00,1.0603267,1.0790471,1.0649388
2025-01-01 01:44:00,1.0605261,1.079296,1.0651355
2025-01-01 01:45:00,1.0606861,1.079496,1.065294
2025-01-01 01:46:00,1.0608145,1.079657,1.0654222
2025-01-01 01:47:00,1.0609176,1.0797865,1.065526
2025-01-01 01:48:00,1.0610005,1.079891,1.0656104
2025-01-01 01:49:00,1.0610673,1.0799755,1.0656791
2025-01-01 01:50:00,1.0611213,1.080044,1.0657355
2025-01-01 01:51:00,1.0611649,1.0800997,1.0657817
2025-01-01 01:52:00,1.0612001,1.0801451,1.0658201
2025-01-01 01:53:00,1.061229,1.0801824,1.0658522
2025-01-01 01:54:00,1.0612525,1.0802132,1.0658791
2025-01-01 01:55:00,1.0612718,1.0802386,1.0659019
2025-01-01 01:56:00,1.0612878,1.08026,1.0659215
2025-01-01 01:57:00,1.0613011,1.080278,1.0659387
2025-01-01 01:58:00,1.0613123,1.0802934,1.0659536
2025-01-01 01:59:00,1.0613217,1.0803068,1.0659671
2025-01-01 02:00:00,1.0661318,1.0862464,1.0705924
2025-01-01 02:01:00,1.0699805,1.0909992,1.0742942
2025-01-01 02:02:00,1.0730599,1.0948025,1.077257
2025-01-01 02:03:00,1.0755242,1.097846,1.0796287
2025-01-01 02:04:00,1.0774962,1.1002818,1.0815275
2025-01-01 02:05:00,1.0790744,1.1022317,1.083048
2025-01-01 02:06:00,1.0803376,1.1037925,1.0842658
2025-01-01 02:07:00,1.0813488,1.1050423,1.0852414
2025-01-01 02:08:00,1.0821584,1.1060433,1.0860234
2025-01-01 02:09:00,1.0828068,1.106845,1.0866506
2025-01-01 02:10:00,1.0833262,1.1074877,1.0871537
2025-01-01 02:11:00,1.0837424,1.1080029,1.0875577
2025-01-01 02:12:00,1.0840759,1.1084161,1.0878825
2025-01-01 02:13:00,1.0843436,1.1087477,1.0881438
2025-01-01 02:14:00,1.0845585,1.1090144,1.0883543
2025-01-01 02:15:00,1.0847311,1.1092287,1.0885243
2025-01-01 02:16:00,1.0848699,1.1094013,1.0886619
2025-01-01 02:17:00,1.0849817,1.1095406,1.0887734
2025-01-01 02:18:00,1.0850719,1.1096532,1.0888642
2025-01-01 02:19:00,1.0851448,1.1097444,1.0889385
2025-01-01 02:20:00,1.085204,1.1098187,1.0889994
2025-01-01 02:21:00,1.0852522,1.1098793,1.0890497
2025-01-01 02:22:00,1.0852915,1.109929,1.0890917
2025-01-01 02:23:00,1.0853237,1.10997,1.0891268
2025-01-01 02:24:00,1.0853504,1.110004,1.0891565
2025-01-01 02:25:00,1.0853724,1.1100324,1.0891818
2025-01-01 02:26:00,1.085391,1.1100565,1.0892037
2025-01-01 02:27:00,1.0854069,1.110077,1.089223
2025-01-01 02:28:00,1.0854204,1.1100947,1.08924
2025-01-01 02:29:00,1.0854319,1.11011,1.0892552
2025-01-01 02:30:00,1.0904692,1.1163081,1.0940813
2025-01-01 02:31:00,1.0945,1.1212679,1.0979438
2025-01-01 02:32:00,1.0977255,1.125237,1.1010355
2025-01-01 02:33:00,1.1003069,1.1284138,1.1035106
2025-01-01 02:34:00,1.1023729,1.1309564,1.1054924
2025-01-01 02:35:00,1.1040267,1.1329919,1.1070794
2025-01-01 02:36:00,1.1053507,1.1346217,1.1083509
2025-01-01 02:37:00,1.1064109,1.135927,1.1093698
2025-01-01 02:38:00,1.1072599,1.1369724,1.1101865
2025-01-01 02:39:00,1.1079402,1.1378102,1.1108416
2025-01-01 02:40:00,1.1084855,1.1384819,1.1113676
2025-01-01 02:41:00,1.1089226,1.1390206,1.1117902
2025-01-01 02:42:00,1.1092734,1.1394529,1.1121299
2025-01-01 02:43:00,1.109555,1.1398002,1.1124035
2025-01-01 02:44:00,1.1097815,1.1400795,1.112624
2025-01-01 02:45:00,1.1099637,1.1403044,1.1128025
2025-01-01 02:46:00,1.1101104,1.1404859,1.112947
2025-01-01 02:47:00,1.110229,1.1406325,1.1130643
2025-01-01 02:48:00,1.110325,1.1407512,1.1131601
2025-01-01 02:49:00,1.1104027,1.1408477,1.1132385
2025-01-01 02:50:00,1.1104661,1.1409264,1.1133031
2025-01-01 02:51:00,1.1105179,1.1409909,1.1133566
2025-01-01 02:52:00,1.1105605,1.1410439,1.1134012
2025-01-01 02:53:00,1.1105957,1.1410879,1.1134388
2025-01-01 02:54:00,1.1106249,1.1411246,1.1134708
2025-01-01 02:55:00,1.1106496,1.1411555,1.1134982
2025-01-01 02:56:00,1.1106706,1.1411817,1.113522
2025-01-01 02:57:00,1.1106884,1.1412044,1.113543
2025-01-01 02:58:00,1.110704,1.141224,1.1135617
2025-01-01 02:59:00,1.1107175,1.1412412,1.1135786
2025-01-01 03:00:00,1.1158926,1.1475872,1.118519
2025-01-01 03:01:00,1.1200339,1.1526656,1.1224731
2025-01-01 03:02:00,1.1233481,1.1567299,1.1256385
2025-01-01 03:03:00,1.1260009,1.159983,1.1281726
2025-01-01 03:04:00,1.1281242,1.1625872,1.1302019
2025-01-01 03:05:00,1.1298242,1.1646721,1.1318272
2025-01-01 03:06:00,1.1311854,1.1663417,1.1331295
2025-01-01 03:07:00,1.1322757,1.167679,1.1341734
2025-01-01 03:08:00,1.1331491,1.1687504,1.1350105
2025-01-01 03:09:00,1.1338493,1.1696092,1.1356821
2025-01-01 03:10:00,1.1344107,1.170298,1.1362213
2025-01-01 03:11:00,1.1348612,1.1708508,1.1366547
2025-01-01 03:12:00,1.1352229,1.1712946,1.1370034
2025-01-01 03:13:00,1.1355135,1.1716514,1.1372844
2025-01-01 03:14:00,1.1357476,1.1719387,1.1375113
2025-01-01 03:15:00,1.135936,1.17217,1.1376947
2025-01-01 03:16:00,1.1360883,1.172357,1.1378435
2025-01-01 03:17:00,1.1362113,1.1725082,1.1379647
2025-01-01 03:18:00,1.1363112,1.172631,1.1380637
2025-01-01 03:19:00,1.1363925,1.1727309,1.1381449
2025-01-01 03:20:00,1.136459,1.1728126,1.1382118
2025-01-01 03:21:00,1.1365136,1.1728797,1.1382676
2025-01-01 03:22:00,1.1365587,1.1729352,1.1383142
2025-01-01 03:23:00,1.1365962,1.1729814,1.1383537
2025-01-01 03:24:00,1.1366277,1.1730201,1.1383872
2025-01-01 03:25:00,1.1366544,1.173053,1.1384162
2025-01-01 03:26:00,1.1366771,1.1730812,1.1384416
2025-01-01 03:27:00,1.1366968,1.1731054,1.1384639
2025-01-01 03:28:00,1.1367141,1.1731267,1.1384839
2025-01-01 03:29:00,1.1367294,1.1731455,1.138502
2025-01-01 03:30:00,1.1419495,1.179526,1.1434687
2025-01-01 03:31:00,1.1461272,1.1846322,1.1474441
2025-01-01 03:32:00,1.149471,1.188719,1.1506267
2025-01-01 03:33:00,1.1521475,1.1919904,1.1531749
2025-01-01 03:34:00,1.1542902,1.1946094,1.1552155
2025-01-01 03:35:00,1.1560059,1.1967064,1.1568502
2025-01-01 03:36:00,1.15738,1.198386,1.1581602
2025-01-01 03:37:00,1.158481,1.1997315,1.1592104
2025-01-01 03:38:00,1.1593633,1.2008098,1.1600527
2025-01-01 03:39:00,1.1600707,1.2016743,1.1607287
2025-01-01 03:40:00,1.1606382,1.202368,1.1612717
2025-01-01 03:41:00,1.1610938,1.2029247,1.1617084
2025-01-01 03:42:00,1.1614599,1.2033722,1.1620599
2025-01-01 03:43:00,1.1617545,1.203732,1.1623434
2025-01-01 03:44:00,1.1619917,1.2040219,1.1625724
2025-01-01 03:45:00,1.1621832,1.2042557,1.1627578
2025-01-01 03:46:00,1.162338,1.2044448,1.1629083
2025-01-01 03:47:00,1.1624635,1.204598,1.163031
2025-01-01 03:48:00,1.1625657,1.2047225,1.1631315
2025-01-01 03:49:00,1.162649,1.2048242,1.163214
2025-01-01 03:50:00,1.1627173,1.2049075,1.1632823
2025-01-01 03:51:00,1.1627737,1.2049762,1.1633393
2025-01-01 03:52:00,1.1628206,1.2050331,1.1633871
2025-01-01 03:53:00,1.1628597,1.2050807,1.1634276
2025-01-01 03:54:00,1.1628928,1.2051208,1.1634623
2025-01-01 03:55:00,1.162921,1.2051549,1.1634923
2025-01-01 03:56:00,1.1629453,1.2051843,1.1635187
2025-01-01 03:57:00,1.1629664,1.2052099,1.163542
2025-01-01 03:58:00,1.1629852,1.2052323,1.163563
2025-01-01 03:59:00,1.1630019,1.2052523,1.1635821
2025-01-01 04:00:00,1.1681744,1.2115537,1.1684864
2025-01-01 04:01:00,1.1723143,1.2165968,1.1724123
2025-01-01 04:02:00,1.1756278,1.2206335,1.1755552
2025-01-01 04:03:00,1.1782805,1.2238649,1.178072
2025-01-01 04:04:00,1.1804045,1.226452,1.1800877
2025-01-01 04:05:00,1.1821054,1.228524,1.1817025
2025-01-01 04:06:00,1.1834681,1.2301835,1.1829969
2025-01-01 04:07:00,1.18456,1.2315133,1.1840346
2025-01-01 04:08:00,1.1854353,1.2325792,1.1848671
2025-01-01 04:09:00,1.1861374,1.2334342,1.1855357
2025-01-01 04:10:00,1.1867009,1.2341204,1.1860727
2025-01-01 04:11:00,1.1871537,1.2346714,1.1865048
2025-01-01 04:12:00,1.1875178,1.2351143,1.1868528
2025-01-01 04:13:00,1.1878109,1.2354709,1.1871336
2025-01-01 04:14:00,1.1880473,1.2357582,1.1873605
2025-01-01 04:15:00,1.1882383,1.2359904,1.1875445
2025-01-01 04:16:00,1.188393,1.2361782,1.1876941
2025-01-01 04:17:00,1.1885186,1.2363306,1.1878161
2025-01-01 04:18:00,1.1886212,1.2364548,1.1879163
2025-01-01 04:19:00,1.188705,1.2365564,1.1879989
2025-01-01 04:20:00,1.1887741,1.2366399,1.1880672
2025-01-01 04:21:00,1.1888313,1.2367088,1.1881244
2025-01-01 04:22:00,1.1888791,1.2367661,1.1881726
2025-01-01 04:23:00,1.1889193,1.2368144,1.1882135
2025-01-01 04:24:00,1.1889533,1.236855,1.1882486
2025-01-01 04:25:00,1.1889825,1.2368898,1.1882792
2025-01-01 04:26:00,1.1890079,1.23692,1.1883061
2025-01-01 04:27:00,1.1890302,1.2369463,1.18833
2025-01-01 04:28:00,1.1890501,1.2369697,1.1883516
2025-01-01 04:29:00,1.1890678,1.2369907,1.1883714
2025-01-01 04:30:00,1.1941,1.2431002,1.1931258
2025-01-01 04:31:00,1.1981276,1.24799,1.196932
2025-01-01 04:32:00,1.2013519,1.2519042,1.1999793
2025-01-01 04:33:00,1.2039332,1.2550379,1.2024196
2025-01-01 04:34:00,1.2060003,1.257547,1.2043742
2025-01-01 04:35:00,1.2076561,1.2595567,1.2059406
2025-01-01 04:36:00,1.2089828,1.2611666,1.207196
2025-01-01 04:37:00,1.2100462,1.2624569,1.208203
2025-01-01 04:38:00,1.2108989,1.2634915,1.2090108
2025-01-01 04:39:00,1.2115831,1.2643214,1.2096597
2025-01-01 04:40:00,1.2121327,1.2649878,1.2101814
2025-01-01 04:41:00,1.2125745,1.2655232,1.2106011
2025-01-01 04:42:00,1.21293,1.2659538,1.2109395
2025-01-01 04:43:00,1.2132164,1.2663006,1.2112126
2025-01-01 04:44:00,1.2134477,1.2665803,1.2114338
2025-01-01 04:45:00,1.2136348,1.2668066,1.211613
2025-01-01 04:46:00,1.2137867,1.26699,1.2117591
2025-01-01 04:47:00,1.2139103,1.267139,1.2118785
2025-01-01 04:48:00,1.2140113,1.2672606,1.2119764
2025-01-01 04:49:00,1.2140943,1.2673601,1.2120572
2025-01-01 04:50:00,1.2141628,1.2674422,1.2121245
2025-01-01 04:51:00,1.2142197,1.2675103,1.2121809
2025-01-01 04:52:00,1.2142675,1.267567,1.2122284
2025-01-01 04:53:00,1.2143079,1.2676148,1.2122691
2025-01-01 04:54:00,1.2143424,1.2676556,1.2123041
2025-01-01 04:55:00,1.2143722,1.2676904,1.2123346
2025-01-01 04:56:00,1.214398,1.2677208,1.2123616
2025-01-01 04:57:00,1.214421,1.2677476,1.2123857
2025-01-01 04:58:00,1.2144415,1.2677714,1.2124076
2025-01-01 04:59:00,1.2144603,1.2677927,1.2124276
2025-01-01 05:00:00,1.2192632,1.2736024,1.2169478
2025-01-01 05:01:00,1.2231077,1.2782525,1.2205665
2025-01-01 05:02:00,1.2261854,1.281975,1.223464
2025-01-01 05:03:00,1.22865,1.2849554,1.2257847
2025-01-01 05:04:00,1.2306238,1.2873422,1.2276437
2025-01-01 05:05:00,1.2322052,1.289254,1.2291335
2025-01-01 05:06:00,1.2334725,1.2907859,1.230328
2025-01-01 05:07:00,1.2344886,1.2920139,1.231286
2025-01-01 05:08:00,1.2353036,1.2929988,1.2320552
2025-01-01 05:09:00,1.2359581,1.2937893,1.232673
2025-01-01 05:10:00,1.2364838,1.294424,1.2331698
2025-01-01 05:11:00,1.2369068,1.2949343,1.2335699
2025-01-01 05:12:00,1.2372472,1.295345,1.2338924
2025-01-01 05:13:00,1.237522,1.295676,1.2341532
2025-01-01 05:14:00,1.2377442,1.2959433,1.2343644
2025-01-01 05:15:00,1.2379241,1.2961596,1.2345358
2025-01-01 05:16:00,1.2380705,1.2963351,1.2346755
2025-01-01 05:17:00,1.2381898,1.296478,1.2347898
2025-01-01 05:18:00,1.2382876,1.2965949,1.234884
2025-01-01 05:19:00,1.2383682,1.2966908,1.2349619
2025-01-01 05:20:00,1.238435,1.2967701,1.2350268
2025-01-01 05:21:00,1.2384908,1.2968359,1.2350814
2025-01-01 05:22:00,1.2385378,1.2968912,1.2351277
2025-01-01 05:23:00,1.2385776,1.296938,1.2351671
2025-01-01 05:24:00,1.2386119,1.2969778,1.2352015
2025-01-01 05:25:00,1.2386417,1.2970122,1.2352315
2025-01-01 05:26:00,1.2386678,1.2970423,1.2352581
2025-01-01 05:27:00,1.2386911,1.2970688,1.235282
2025-01-01 05:28:00,1.2387122,1.2970926,1.2353038
2025-01-01 05:29:00,1.2387313,1.297114,1.2353238
2025-01-01 05:30:00,1.2432178,1.3025186,1.2395281
2025-01-01 05:31:00,1.2468095,1.3068447,1.2428942
2025-01-01 05:32:00,1.2496853,1.3103081,1.2455897
2025-01-01 05:33:00,1.2519882,1.3130815,1.2477487
2025-01-01 05:34:00,1.2538329,1.3153026,1.2494786
2025-01-01 05:35:00,1.2553111,1.317082,1.250865
2025-01-01 05:36:00,1.2564961,1.3185081,1.2519768
2025-01-01 05:37:00,1.2574464,1.3196517,1.2528688
2025-01-01 05:38:00,1.2582092,1.320569,1.2535851
2025-01-01 05:39:00,1.2588217,1.3213054,1.2541608
2025-01-01 05:40:00,1.2593142,1.3218971,1.2546238
2025-01-01 05:41:00,1.2597107,1.322373,1.2549969
2025-01-01 05:42:00,1.2600303,1.3227563,1.255298
2025-01-01 05:43:00,1.2602884,1.3230655,1.2555416
2025-01-01 05:44:00,1.2604973,1.3233155,1.2557389
2025-01-01 05:45:00,1.260667,1.3235179,1.2558994
2025-01-01 05:46:00,1.260805,1.3236824,1.2560306
2025-01-01 05:47:00,1.2609179,1.3238168,1.2561381
2025-01-01 05:48:00,1.2610108,1.3239268,1.2562267
2025-01-01 05:49:00,1.2610874,1.3240173,1.2563002
2025-01-01 05:50:00,1.2611513,1.3240923,1.2563616
2025-01-01 05:51:00,1.2612048,1.3241549,1.2564133
2025-01-01 05:52:00,1.2612501,1.3242075,1.2564574
2025-01-01 05:53:00,1.2612889,1.3242524,1.2564954
2025-01-01 05:54:00,1.2613223,1.3242908,1.2565283
2025-01-01 05:55:00,1.2613516,1.324324,1.2565572
2025-01-01 05:56:00,1.2613775,1.3243533,1.2565829
2025-01-01 05:57:00,1.2614007,1.3243792,1.2566061
2025-01-01 05:58:00,1.2614218,1.3244026,1.2566273
2025-01-01 05:59:00,1.2614411,1.3244238,1.2566469
2025-01-01 06:00:00,1.2655319,1.3293276,1.260461
2025-01-01 06:01:00,1.2688072,1.3332531,1.2635149
2025-01-01 06:02:00,1.2714298,1.3363961,1.2659606
2025-01-01 06:03:00,1.2735305,1.3389132,1.2679198
2025-01-01 06:04:00,1.2752135,1.3409295,1.2694898
2025-01-01 06:05:00,1.2765625,1.3425452,1.2707484
2025-01-01 06:06:00,1.277644,1.3438402,1.271758
2025-01-01 06:07:00,1.278512,1.3448789,1.2725681
2025-01-01 06:08:00,1.2792088,1.3457124,1.2732189
2025-01-01 06:09:00,1.2797688,1.3463818,1.2737422
2025-01-01 06:10:00,1.2802193,1.34692,1.2741635
2025-01-01 06:11:00,1.2805822,1.3473531,1.2745031
2025-01-01 06:12:00,1.2808752,1.3477023,1.2747773
2025-01-01 06:13:00,1.2811121,1.3479842,1.2749994
2025-01-01 06:14:00,1.2813041,1.3482122,1.2751795
2025-01-01 06:15:00,1.2814603,1.3483975,1.2753264
2025-01-01 06:16:00,1.2815878,1.3485483,1.2754463
2025-01-01 06:17:00,1.2816923,1.3486714,1.275545
2025-01-01 06:18:00,1.2817785,1.3487726,1.2756264
2025-01-01 06:19:00,1.28185,1.3488562,1.2756944
2025-01-01 06:20:00,1.2819097,1.3489256,1.2757512
2025-01-01 06:21:00,1.2819601,1.3489838,1.2757993
2025-01-01 06:22:00,1.2820029,1.349033,1.2758404
2025-01-01 06:23:00,1.2820399,1.349075,1.2758758
2025-01-01 06:24:00,1.282072,1.3491112,1.2759068
2025-01-01 06:25:00,1.2821002,1.3491427,1.2759341
2025-01-01 06:26:00,1.2821252,1.3491706,1.2759585
2025-01-01 06:27:00,1.282148,1.3491955,1.2759807
2025-01-01 06:28:00,1.2821687,1.349218,1.2760011
2025-01-01 06:29:00,1.2821878,1.3492388,1.2760198
2025-01-01 06:30:00,1.28581,1.3535542,1.2793754
2025-01-01 06:31:00,1.2887105,1.3570092,1.2820625
2025-01-01 06:32:00,1.2910334,1.3597758,1.2842149
2025-01-01 06:33:00,1.2928942,1.3619916,1.2859392
2025-01-01 06:34:00,1.2943856,1.363767,1.2873212
2025-01-01 06:35:00,1.2955812,1.3651899,1.2884295
2025-01-01 06:36:00,1.2965403,1.3663309,1.2893187
2025-01-01 06:37:00,1.2973102,1.3672463,1.2900325
2025-01-01 06:38:00,1.2979287,1.3679812,1.2906061
2025-01-01 06:39:00,1.2984262,1.3685718,1.2910677
2025-01-01 06:40:00,1.2988267,1.3690467,1.2914395
2025-01-01 06:41:00,1.2991498,1.3694293,1.2917396
2025-01-01 06:42:00,1.2994107,1.3697381,1.2919822
2025-01-01 06:43:00,1.299622,1.3699877,1.2921786
2025-01-01 06:44:00,1.2997938,1.37019,1.2923385
2025-01-01 06:45:00,1.2999338,1.3703545,1.2924689
2025-01-01 06:46:00,1.3000484,1.3704888,1.2925757
2025-01-01 06:47:00,1.3001426,1.3705987,1.2926638
2025-01-01 06:48:00,1.3002207,1.3706893,1.2927368
2025-01-01 06:49:00,1.3002857,1.3707644,1.2927977
2025-01-01 06:50:00,1.3003403,1.3708271,1.292849
2025-01-01 06:51:00,1.3003867,1.3708798,1.2928925
2025-01-01 06:52:00,1.3004264,1.3709246,1.2929299
2025-01-01 06:53:00,1.3004608,1.3709631,1.2929623
2025-01-01 06:54:00,1.3004909,1.3709965,1.2929908
2025-01-01 06:55:00,1.3005176,1.3710258,1.2930161
2025-01-01 06:56:00,1.3005416,1.3710518,1.2930388
2025-01-01 06:57:00,1.3005633,1.3710753,1.2930596
2025-01-01 06:58:00,1.3005835,1.3710966,1.2930787
2025-01-01 06:59:00,1.3006022,1.3711163,1.2930964
2025-01-01 07:00:00,1.3036908,1.3747666,1.2959338
2025-01-01 07:01:00,1.3061644,1.3776892,1.2982062
2025-01-01 07:02:00,1.3081459,1.38003,1.3000268
2025-01-01 07:03:00,1.3097337,1.3819052,1.3014855
2025-01-01 07:04:00,1.3110067,1.383408,1.3026551
2025-01-01 07:05:00,1.3120276,1.3846128,1.3035933
2025-01-01 07:06:00,1.3128469,1.3855792,1.3043463
2025-01-01 07:07:00,1.3135049,1.386355,1.3049511
2025-01-01 07:08:00,1.3140341,1.3869783,1.3054376
2025-01-01 07:09:00,1.31446,1.3874793,1.305829
2025-01-01 07:10:00,1.3148034,1.3878828,1.3061447
2025-01-01 07:11:00,1.3150806,1.3882083,1.3063998
2025-01-01 07:12:00,1.3153051,1.3884711,1.3066063
2025-01-01 07:13:00,1.3154873,1.388684,1.306774
2025-01-01 07:14:00,1.3156357,1.3888569,1.3069106
2025-01-01 07:15:00,1.315757,1.3889977,1.3070223
2025-01-01 07:16:00,1.3158567,1.389113,1.3071141
2025-01-01 07:17:00,1.3159391,1.3892077,1.3071901
2025-01-01 07:18:00,1.3160076,1.3892862,1.3072532
2025-01-01 07:19:00,1.3160651,1.3893515,1.3073062
2025-01-01 07:20:00,1.3161136,1.3894063,1.307351
2025-01-01 07:21:00,1.3161551,1.3894527,1.3073893
2025-01-01 07:22:00,1.3161907,1.3894923,1.3074223
2025-01-01 07:23:00,1.316222,1.3895266,1.3074511
2025-01-01 07:24:00,1.3162496,1.3895565,1.3074766
2025-01-01 07:25:00,1.3162744,1.3895831,1.3074994
2025-01-01 07:26:00,1.3162968,1.3896068,1.30752
2025-01-01 07:27:00,1.3163172,1.3896284,1.307539
2025-01-01 07:28:00,1.3163363,1.3896482,1.3075565
2025-01-01 07:29:00,1.3163542,1.3896666,1.307573
2025-01-01 07:30:00,1.3188549,1.3925865,1.3098416
2025-01-01 07:31:00,1.3208581,1.394925,1.3116589
2025-01-01 07:32:00,1.3224634,1.3967984,1.3131151
2025-01-01 07:33:00,1.32375,1.3982996,1.3142825
2025-01-01 07:34:00,1.3247821,1.399503,1.3152187
2025-01-01 07:35:00,1.3256103,1.4004683,1.3159701
2025-01-01 07:36:00,1.3262755,1.4012431,1.3165736
2025-01-01 07:37:00,1.3268101,1.4018655,1.3170587
2025-01-01 07:38:00,1.3272406,1.4023659,1.3174491
2025-01-01 07:39:00,1.3275875,1.4027687,1.3177638
2025-01-01 07:40:00,1.3278676,1.4030935,1.318018
2025-01-01 07:41:00,1.3280944,1.4033557,1.3182235
2025-01-01 07:42:00,1.3282783,1.4035681,1.3183904
2025-01-01 07:43:00,1.328428,1.4037405,1.3185261
2025-01-01 07:44:00,1.3285505,1.4038808,1.318637
2025-01-01 07:45:00,1.328651,1.4039955,1.318728
2025-01-01 07:46:00,1.3287339,1.4040898,1.3188032
2025-01-01 07:47:00,1.328803,1.4041678,1.3188655
2025-01-01 07:48:00,1.3288608,1.4042325,1.3189178
2025-01-01 07:49:00,1.3289095,1.4042869,1.3189619
2025-01-01 07:50:00,1.3289512,1.4043328,1.3189993
2025-01-01 07:51:00,1.328987,1.404372,1.3190316
2025-01-01 07:52:00,1.3290184,1.4044058,1.3190598
2025-01-01 07:53:00,1.3290459,1.4044353,1.3190845
2025-01-01 07:54:00,1.3290706,1.4044614,1.3191066
2025-01-01 07:55:00,1.3290929,1.4044846,1.3191264
2025-01-01 07:56:00,1.3291132,1.4045057,1.3191445
2025-01-01 07:57:00,1.3291321,1.404525,1.3191613
2025-01-01 07:58:00,1.3291497,1.4045429,1.319177
2025-01-01 07:59:00,1.3291664,1.4045596,1.3191917
2025-01-01 08:00:00,1.3310338,1.4066968,1.3208507
2025-01-01 08:01:00,1.3325301,1.4084089,1.3221802
2025-01-01 08:02:00,1.3337299,1.409781,1.3232459
2025-01-01 08:03:00,1.3346921,1.4108812,1.3241006
2025-01-01 08:04:00,1.3354645,1.4117635,1.3247867
2025-01-01 08:05:00,1.3360851,1.412472,1.3253376
2025-01-01 08:06:00,1.336584,1.4130411,1.3257807
2025-01-01 08:07:00,1.3369856,1.4134988,1.3261373
2025-01-01 08:08:00,1.3373095,1.4138674,1.3264247
2025-01-01 08:09:00,1.337571,1.4141647,1.3266568
2025-01-01 08:10:00,1.3377829,1.4144047,1.3268447
2025-01-01 08:11:00,1.3379548,1.4145993,1.326997
2025-01-01 08:12:00,1.338095,1.4147573,1.3271211
2025-01-01 08:13:00,1.3382095,1.414886,1.3272226
2025-01-01 08:14:00,1.3383037,1.4149914,1.3273058
2025-01-01 08:15:00,1.3383816,1.4150779,1.3273745
2025-01-01 08:16:00,1.3384465,1.4151496,1.3274316
2025-01-01 08:17:00,1.3385009,1.4152093,1.3274794
2025-01-01 08:18:00,1.3385468,1.4152592,1.3275197
2025-01-01 08:19:00,1.3385861,1.4153017,1.327554
2025-01-01 08:20:00,1.3386201,1.415338,1.3275837
2025-01-01 08:21:00,1.3386497,1.4153693,1.3276094
2025-01-01 08:22:00,1.3386761,1.4153967,1.3276322
2025-01-01 08:23:00,1.3386996,1.4154209,1.3276525
2025-01-01 08:24:00,1.3387207,1.4154426,1.3276706
2025-01-01 08:25:00,1.3387402,1.4154621,1.3276873
2025-01-01 08:26:00,1.3387582,1.4154801,1.3277026
2025-01-01 08:27:00,1.3387753,1.4154968,1.327717
2025-01-01 08:28:00,1.3387913,1.4155126,1.3277304
2025-01-01 08:29:00,1.3388065,1.4155273,1.3277432
2025-01-01 08:30:00,1.3400073,1.4168438,1.3287632
2025-01-01 08:31:00,1.3409703,1.4178991,1.3295813
2025-01-01 08:32:00,1.3417432,1.4187458,1.3302376
2025-01-01 08:33:00,1.342364,1.4194254,1.3307648
2025-01-01 08:34:00,1.3428631,1.4199712,1.3311886
2025-01-01 08:35:00,1.3432648,1.4204102,1.3315295
2025-01-01 08:36:00,1.3435886,1.4207636,1.3318042
2025-01-01 08:37:00,1.34385,1.4210486,1.3320259
2025-01-01 08:38:00,1.3440617,1.4212787,1.3322052
2025-01-01 08:39:00,1.3442334,1.421465,1.3323506
2025-01-01 08:40:00,1.3443731,1.4216163,1.332469
2025-01-01 08:41:00,1.3444873,1.4217396,1.3325657
2025-01-01 08:42:00,1.3445811,1.4218403,1.3326448
2025-01-01 08:43:00,1.3446586,1.4219232,1.3327101
2025-01-01 08:44:00,1.344723,1.4219917,1.3327641
2025-01-01 08:45:00,1.344777,1.4220486,1.3328093
2025-01-01 08:46:00,1.3448225,1.4220964,1.3328474
2025-01-01 08:47:00,1.3448613,1.4221368,1.3328798
2025-01-01 08:48:00,1.3448946,1.4221711,1.3329076
2025-01-01 08:49:00,1.3449239,1.4222009,1.3329316
2025-01-01 08:50:00,1.3449495,1.4222268,1.3329527
2025-01-01 08:51:00,1.3449724,1.4222497,1.3329716
2025-01-01 08:52:00,1.344993,1.4222702,1.3329883
2025-01-01 08:53:00,1.345012,1.4222887,1.3330036
2025-01-01 08:54:00,1.3450294,1.4223057,1.3330177
2025-01-01 08:55:00,1.3450458,1.4223212,1.3330308
2025-01-01 08:56:00,1.3450612,1.4223359,1.3330432
2025-01-01 08:57:00,1.3450758,1.4223496,1.3330548
2025-01-01 08:58:00,1.3450898,1.4223628,1.3330659
2025-01-01 08:59:00,1.3451034,1.4223753,1.3330765
2025-01-01 09:00:00,1.3456165,1.4228479,1.3334395
2025-01-01 09:01:00,1.3460292,1.4232279,1.3337317
2025-01-01 09:02:00,1.3463618,1.423534,1.3339672
2025-01-01 09:03:00,1.3466301,1.4237809,1.3341573
2025-01-01 09:04:00,1.346847,1.4239806,1.3343112
2025-01-01 09:05:00,1.3470229,1.4241424,1.334436
2025-01-01 09:06:00,1.3471658,1.4242738,1.3345376
2025-01-01 09:07:00,1.3472825,1.4243809,1.3346207
2025-01-01 09:08:00,1.3473781,1.4244686,1.3346888
2025-01-01 09:09:00,1.3474568,1.4245409,1.3347449
2025-01-01 09:10:00,1.3475221,1.4246007,1.3347917
2025-01-01 09:11:00,1.3475766,1.4246505,1.3348306
2025-01-01 09:12:00,1.3476225,1.4246924,1.3348635
2025-01-01 09:13:00,1.3476614,1.4247278,1.3348914
2025-01-01 09:14:00,1.3476948,1.4247582,1.3349156
2025-01-01 09:15:00,1.3477237,1.4247844,1.3349365
2025-01-01 09:16:00,1.347749,1.4248073,1.3349549
2025-01-01 09:17:00,1.3477716,1.4248277,1.3349712
2025-01-01 09:18:00,1.3477919,1.4248459,1.3349859
2025-01-01 09:19:00,1.3478104,1.4248625,1.3349992
2025-01-01 09:20:00,1.3478272,1.4248776,1.3350115
2025-01-01 09:21:00,1.347843,1.4248917,1.3350229
2025-01-01 09:22:00,1.3478578,1.424905,1.3350337
2025-01-01 09:23:00,1.3478718,1.4249175,1.3350439
2025-01-01 09:24:00,1.3478853,1.4249293,1.3350536
2025-01-01 09:25:00,1.3478981,1.4249407,1.3350629
2025-01-01 09:26:00,1.3479106,1.4249517,1.3350719
2025-01-01 09:27:00,1.3479228,1.4249623,1.3350806
2025-01-01 09:28:00,1.3479347,1.4249727,1.3350892
2025-01-01 09:29:00,1.3479463,1.4249829,1.3350976
2025-01-01 09:30:00,1.3477625,1.4246026,1.3347968
2025-01-01 09:31:00,1.3476175,1.4243003,1.3345575
2025-01-01 09:32:00,1.3475038,1.4240602,1.3343678
2025-01-01 09:33:00,1.3474149,1.4238701,1.3342174
2025-01-01 09:34:00,1.3473458,1.4237198,1.3340986
2025-01-01 09:35:00,1.3472928,1.4236014,1.3340051
2025-01-01 09:36:00,1.3472524,1.4235084,1.3339316
2025-01-01 09:37:00,1.3472222,1.4234359,1.3338743
2025-01-01 09:38:00,1.3472002,1.4233797,1.33383
2025-01-01 09:39:00,1.3471845,1.4233364,1.3337959
2025-01-01 09:40:00,1.3471742,1.4233036,1.3337702
2025-01-01 09:41:00,1.347168,1.4232792,1.3337508
2025-01-01 09:42:00,1.3471651,1.4232613,1.3337369
2025-01-01 09:43:00,1.3471648,1.4232488,1.3337271
2025-01-01 09:44:00,1.3471665,1.4232404,1.3337207
2025-01-01 09:45:00,1.3471701,1.4232355,1.3337169
2025-01-01 09:46:00,1.3471749,1.4232334,1.3337151
2025-01-01 09:47:00,1.3471807,1.4232334,1.3337152
2025-01-01 09:48:00,1.3471875,1.423235,1.3337165
2025-01-01 09:49:00,1.3471949,1.4232382,1.333719
2025-01-01 09:50:00,1.3472028,1.4232422,1.3337222
2025-01-01 09:51:00,1.3472111,1.4232472,1.333726
2025-01-01 09:52:00,1.3472197,1.4232528,1.3337306
2025-01-01 09:53:00,1.3472286,1.423259,1.3337355
2025-01-01 09:54:00,1.3472377,1.4232657,1.3337406
2025-01-01 09:55:00,1.3472469,1.4232726,1.333746
2025-01-01 09:56:00,1.3472563,1.4232798,1.3337516
2025-01-01 09:57:00,1.3472657,1.4232872,1.3337573
2025-01-01 09:58:00,1.3472751,1.4232947,1.3337631
2025-01-01 09:59:00,1.3472848,1.4233023,1.3337691
2025-01-01 10:00:00,1.3464074,1.4220765,1.33281
2025-01-01 10:01:00,1.3457074,1.4210973,1.3320439
2025-01-01 10:02:00,1.3451493,1.4203156,1.3314322
2025-01-01 10:03:00,1.3447046,1.4196918,1.3309442
2025-01-01 10:04:00,1.3443509,1.4191943,1.3305548
2025-01-01 10:05:00,1.3440698,1.418798,1.3302445
2025-01-01 10:06:00,1.3438468,1.4184823,1.3299975
2025-01-01 10:07:00,1.3436702,1.4182314,1.3298011
2025-01-01 10:08:00,1.3435308,1.4180322,1.3296449
2025-01-01 10:09:00,1.3434211,1.4178742,1.3295213
2025-01-01 10:10:00,1.3433353,1.4177493,1.3294233
2025-01-01 10:11:00,1.3432685,1.417651,1.3293462
2025-01-01 10:12:00,1.3432169,1.4175739,1.3292856
2025-01-01 10:13:00,1.3431774,1.4175136,1.3292382
2025-01-01 10:14:00,1.3431476,1.4174669,1.3292013
2025-01-01 10:15:00,1.3431256,1.417431,1.329173
2025-01-01 10:16:00,1.3431097,1.4174037,1.3291513
2025-01-01 10:17:00,1.3430988,1.4173833,1.329135
2025-01-01 10:18:00,1.343092,1.4173683,1.329123
2025-01-01 10:19:00,1.3430882,1.4173578,1.3291144
2025-01-01 10:20:00,1.343087,1.4173509,1.3291086
2025-01-01 10:21:00,1.3430877,1.4173467,1.3291049
2025-01-01 10:22:00,1.34309,1.4173448,1.329103
2025-01-01 10:23:00,1.3430936,1.4173446,1.3291024
2025-01-01 10:24:00,1.3430983,1.4173458,1.3291029
2025-01-01 10:25:00,1.3431038,1.4173481,1.3291042
2025-01-01 10:26:00,1.3431098,1.4173514,1.3291063
2025-01-01 10:27:00,1.3431164,1.4173553,1.3291088
2025-01-01 10:28:00,1.3431233,1.4173598,1.3291118
2025-01-01 10:29:00,1.3431306,1.4173647,1.3291153
2025-01-01 10:30:00,1.341575,1.415315,1.3275151
2025-01-01 10:31:00,1.3403324,1.4136765,1.3262358
2025-01-01 10:32:00,1.33934,1.412367,1.3252133
2025-01-01 10:33:00,1.3385477,1.4113206,1.3243963
2025-01-01 10:34:00,1.3379154,1.4104848,1.3237433
2025-01-01 10:35:00,1.3374113,1.4098175,1.3232219
2025-01-01 10:36:00,1.3370097,1.4092848,1.3228056
2025-01-01 10:37:00,1.33669,1.40886,1.3224735
2025-01-01 10:38:00,1.3364358,1.4085214,1.3222085
2025-01-01 10:39:00,1.336234,1.4082516,1.3219974
2025-01-01 10:40:00,1.3360741,1.4080371,1.3218293
2025-01-01 10:41:00,1.3359479,1.4078666,1.3216957
2025-01-01 10:42:00,1.3358485,1.4077314,1.3215895
2025-01-01 10:43:00,1.3357705,1.4076245,1.3215053
2025-01-01 10:44:00,1.3357096,1.4075401,1.3214388
2025-01-01 10:45:00,1.3356624,1.4074737,1.3213862
2025-01-01 10:46:00,1.3356262,1.4074217,1.321345
2025-01-01 10:47:00,1.335599,1.4073814,1.3213127
2025-01-01 10:48:00,1.3355786,1.4073502,1.3212875
2025-01-01 10:49:00,1.3355638,1.4073263,1.3212681
2025-01-01 10:50:00,1.3355534,1.4073083,1.3212533
2025-01-01 10:51:00,1.3355466,1.4072951,1.3212421
2025-01-01 10:52:00,1.3355426,1.4072856,1.3212339
2025-01-01 10:53:00,1.3355408,1.407279,1.3212279
2025-01-01 10:54:00,1.3355409,1.407275,1.3212237
2025-01-01 10:55:00,1.3355423,1.4072727,1.321221
2025-01-01 10:56:00,1.335545,1.407272,1.3212196
2025-01-01 10:57:00,1.3355485,1.4072723,1.321219
2025-01-01 10:58:00,1.3355528,1.4072738,1.3212191
2025-01-01 10:59:00,1.3355577,1.4072758,1.3212198
2025-01-01 11:00:00,1.3333516,1.4044384,1.3190068
2025-01-01 11:01:00,1.3315881,1.4021695,1.317237
2025-01-01 11:02:00,1.3301789,1.4003552,1.3158216
2025-01-01 11:03:00,1.3290527,1.3989048,1.31469
2025-01-01 11:04:00,1.328153,1.3977454,1.3137851
2025-01-01 11:05:00,1.3274348,1.3968189,1.3130617
2025-01-01 11:06:00,1.3268615,1.3960786,1.3124837
2025-01-01 11:07:00,1.3264042,1.3954873,1.3120216
2025-01-01 11:08:00,1.3260397,1.3950151,1.3116524
2025-01-01 11:09:00,1.3257494,1.3946383,1.3113576
2025-01-01 11:10:00,1.3255185,1.3943379,1.3111223
2025-01-01 11:11:00,1.325335,1.3940984,1.3109344
2025-01-01 11:12:00,1.3251896,1.3939075,1.3107845
2025-01-01 11:13:00,1.3250744,1.3937559,1.3106651
2025-01-01 11:14:00,1.3249836,1.3936353,1.3105699
2025-01-01 11:15:00,1.3249122,1.3935398,1.3104942
2025-01-01 11:16:00,1.3248563,1.3934641,1.3104341
2025-01-01 11:17:00,1.3248129,1.3934045,1.3103863
2025-01-01 11:18:00,1.3247793,1.3933574,1.3103485
2025-01-01 11:19:00,1.3247536,1.3933207,1.3103186
2025-01-01 11:20:00,1.3247343,1.3932921,1.3102951
2025-01-01 11:21:00,1.3247201,1.3932699,1.3102767
2025-01-01 11:22:00,1.3247099,1.393253,1.3102622
2025-01-01 11:23:00,1.3247029,1.3932402,1.310251
2025-01-01 11:24:00,1.3246983,1.3932308,1.3102423
2025-01-01 11:25:00,1.324696,1.393224,1.3102356
2025-01-01 11:26:00,1.3246952,1.3932192,1.3102306
2025-01-01 11:27:00,1.3246957,1.3932161,1.3102269
2025-01-01 11:28:00,1.3246971,1.3932143,1.3102242
2025-01-01 11:29:00,1.3246995,1.3932136,1.3102221
2025-01-01 11:30:00,1.3218828,1.3896399,1.3074362
2025-01-01 11:31:00,1.3196307,1.3867815,1.3052078
2025-01-01 11:32:00,1.3178301,1.3844955,1.3034253
2025-01-01 11:33:00,1.3163905,1.3826673,1.3019994
2025-01-01 11:34:00,1.31524,1.3812053,1.300859
2025-01-01 11:35:00,1.3143207,1.3800365,1.2999467
2025-01-01 11:36:00,1.3135862,1.379102,1.2992171
2025-01-01 11:37:00,1.3129997,1.378355,1.2986336
2025-01-01 11:38:00,1.3125315,1.3777579,1.2981669
2025-01-01 11:39:00,1.3121579,1.377281,1.2977937
2025-01-01 11:40:00,1.3118601,1.3768998,1.2974952
2025-01-01 11:41:00,1.3116227,1.3765956,1.2972567
2025-01-01 11:42:00,1.3114338,1.3763527,1.297066
2025-01-01 11:43:00,1.3112836,1.376159,1.2969134
2025-01-01 11:44:00,1.3111645,1.3760045,1.2967916
2025-01-01 11:45:00,1.3110701,1.3758813,1.296694
2025-01-01 11:46:00,1.3109956,1.3757833,1.2966161
2025-01-01 11:47:00,1.3109368,1.3757054,1.2965537
2025-01-01 11:48:00,1.3108907,1.3756436,1.2965039
2025-01-01 11:49:00,1.3108548,1.3755947,1.2964641
2025-01-01 11:50:00,1.3108269,1.375556,1.2964323
2025-01-01 11:51:00,1.3108054,1.3755254,1.2964067
2025-01-01 11:52:00,1.3107891,1.3755014,1.2963864
2025-01-01 11:53:00,1.310777,1.3754827,1.29637
2025-01-01 11:54:00,1.310768,1.375468,1.296357
2025-01-01 11:55:00,1.3107618,1.3754568,1.2963465
2025-01-01 11:56:00,1.3107575,1.3754481,1.296338
2025-01-01 11:57:00,1.310755,1.3754416,1.296331
2025-01-01 11:58:00,1.3107537,1.3754367,1.2963256
2025-01-01 11:59:00,1.3107535,1.3754332,1.296321
2025-01-01 12:00:00,1.3073764,1.3711865,1.2930118
2025-01-01 12:01:00,1.3046755,1.3677895,1.2903643
2025-01-01 12:02:00,1.3025154,1.3650723,1.2882462
2025-01-01 12:03:00,1.300788,1.3628988,1.2865515
2025-01-01 12:04:00,1.299407,1.3611604,1.2851957
2025-01-01 12:05:00,1.2983029,1.3597698,1.2841108
2025-01-01 12:06:00,1.2974203,1.3586577,1.2832428
2025-01-01 12:07:00,1.2967149,1.3577683,1.2825482
2025-01-01 12:08:00,1.2961513,1.357057,1.2819923
2025-01-01 12:09:00,1.295701,1.3564881,1.2815473
2025-01-01 12:10:00,1.2953415,1.3560333,1.2811912
2025-01-01 12:11:00,1.2950546,1.3556697,1.2809061
2025-01-01 12:12:00,1.2948257,1.355379,1.2806777
2025-01-01 12:13:00,1.2946433,1.3551468,1.2804948
2025-01-01 12:14:00,1.2944978,1.3549609,1.2803482
2025-01-01 12:15:00,1.2943821,1.3548125,1.2802305
2025-01-01 12:16:00,1.2942902,1.354694,1.2801362
2025-01-01 12:17:00,1.2942172,1.3545992,1.2800605
2025-01-01 12:18:00,1.2941594,1.3545237,1.2799996
2025-01-01 12:19:00,1.2941138,1.3544632,1.2799505
2025-01-01 12:20:00,1.2940778,1.354415,1.2799109
2025-01-01 12:21:00,1.2940495,1.3543766,1.279879
2025-01-01 12:22:00,1.2940274,1.3543459,1.279853
2025-01-01 12:23:00,1.2940104,1.3543215,1.2798319
2025-01-01 12:24:00,1.2939972,1.354302,1.2798146
2025-01-01 12:25:00,1.2939872,1.3542864,1.2798004
2025-01-01 12:26:00,1.2939795,1.354274,1.2797886
2025-01-01 12:27:00,1.2939739,1.3542643,1.2797788
2025-01-01 12:28:00,1.29397,1.3542563,1.2797705
2025-01-01 12:29:00,1.2939672,1.3542501,1.2797635
2025-01-01 12:30:00,1.2900896,1.3494064,1.2759898
2025-01-01 12:31:00,1.286988,1.3455313,1.2729704
2025-01-01 12:32:00,1.2845073,1.3424313,1.2705544
2025-01-01 12:33:00,1.282523,1.3399513,1.2686212
2025-01-01 12:34:00,1.280936,1.3379672,1.2670741
2025-01-01 12:35:00,1.2796668,1.3363798,1.265836
2025-01-01 12:36:00,1.2786517,1.3351098,1.264845
2025-01-01 12:37:00,1.2778401,1.3340938,1.2640517
2025-01-01 12:38:00,1.277191,1.3332809,1.2634164
2025-01-01 12:39:00,1.2766724,1.3326305,1.2629077
2025-01-01 12:40:00,1.2762575,1.33211,1.2625003
2025-01-01 12:41:00,1.2759261,1.3316935,1.2621737
2025-01-01 12:42:00,1.2756611,1.3313603,1.2619119
2025-01-01 12:43:00,1.2754496,1.3310934,1.2617018
2025-01-01 12:44:00,1.2752807,1.3308799,1.2615331
2025-01-01 12:45:00,1.2751458,1.3307087,1.2613976
2025-01-01 12:46:00,1.2750381,1.3305718,1.2612885
2025-01-01 12:47:00,1.2749522,1.3304619,1.2612007
2025-01-01 12:48:00,1.2748837,1.3303739,1.2611297
2025-01-01 12:49:00,1.2748293,1.3303031,1.2610723
2025-01-01 12:50:00,1.2747859,1.3302464,1.2610257
2025-01-01 12:51:00,1.2747513,1.3302008,1.2609876
2025-01-01 12:52:00,1.2747239,1.330164,1.2609566
2025-01-01 12:53:00,1.2747022,1.3301343,1.2609311
2025-01-01 12:54:00,1.2746849,1.3301102,1.26091
2025-01-01 12:55:00,1.2746713,1.3300908,1.2608923
2025-01-01 12:56:00,1.2746605,1.3300749,1.2608775
2025-01-01 12:57:00,1.274652,1.3300619,1.2608649
2025-01-01 12:58:00,1.2746453,1.3300511,1.260854
2025-01-01 12:59:00,1.2746401,1.3300421,1.2608446
2025-01-01 13:00:00,1.2703316,1.3246877,1.2566739
2025-01-01 13:01:00,1.2668848,1.3204038,1.2533367
2025-01-01 13:02:00,1.2641276,1.3169763,1.2506659
2025-01-01 13:03:00,1.2619218,1.314234,1.2485286
2025-01-01 13:04:00,1.2601572,1.3120397,1.246818
2025-01-01 13:05:00,1.2587457,1.3102839,1.2454486
2025-01-01 13:06:00,1.2576164,1.3088789,1.2443522
2025-01-01 13:07:00,1.256713,1.3077544,1.2434742
2025-01-01 13:08:00,1.2559903,1.3068544,1.242771
2025-01-01 13:09:00,1.2554121,1.3061339,1.2422075
2025-01-01 13:10:00,1.2549496,1.3055571,1.241756
2025-01-01 13:11:00,1.2545795,1.3050952,1.2413937
2025-01-01 13:12:00,1.2542835,1.3047252,1.2411029
2025-01-01 13:13:00,1.2540467,1.3044287,1.2408695
2025-01-01 13:14:00,1.253857,1.304191,1.2406819
2025-01-01 13:15:00,1.2537053,1.3040003,1.2405307
2025-01-01 13:16:00,1.2535838,1.3038472,1.2404089
2025-01-01 13:17:00,1.2534865,1.3037242,1.2403105
2025-01-01 13:18:00,1.2534086,1.3036252,1.2402308
2025-01-01 13:19:00,1.2533462,1.3035456,1.240166
2025-01-01 13:20:00,1.253296,1.3034812,1.2401131
2025-01-01 13:21:00,1.2532558,1.3034292,1.24007
2025-01-01 13:22:00,1.2532235,1.303387,1.2400343
2025-01-01 13:23:00,1.2531976,1.3033526,1.2400049
2025-01-01 13:24:00,1.2531766,1.3033246,1.2399802
2025-01-01 13:25:00,1.2531595,1.3033013,1.2399595
2025-01-01 13:26:00,1.2531458,1.3032823,1.2399418
2025-01-01 13:27:00,1.2531346,1.3032663,1.2399267
2025-01-01 13:28:00,1.2531254,1.3032529,1.2399133
2025-01-01 13:29:00,1.2531178,1.3032415,1.2399018
2025-01-01 13:30:00,1.2484543,1.2974714,1.2354081
2025-01-01 13:31:00,1.2447233,1.2928545,1.2318121
2025-01-01 13:32:00,1.2417382,1.2891603,1.228934
2025-01-01 13:33:00,1.2393498,1.2862042,1.2266306
2025-01-01 13:34:00,1.2374389,1.2838387,1.2247866
2025-01-01 13:35:00,1.2359099,1.2819456,1.2233102
2025-01-01 13:36:00,1.2346864,1.2804302,1.222128
2025-01-01 13:37:00,1.2337072,1.2792172,1.2211812
2025-01-01 13:38:00,1.2329235,1.278246,1.2204224
2025-01-01 13:39:00,1.2322962,1.2774683,1.2198143
2025-01-01 13:40:00,1.231794,1.2768453,1.2193266
2025-01-01 13:41:00,1.2313918,1.2763461,1.2189351
2025-01-01 13:42:00,1.2310697,1.275946,1.2186209
2025-01-01 13:43:00,1.2308117,1.2756251,1.2183682
2025-01-01 13:44:00,1.2306049,1.2753675,1.2181648
2025-01-01 13:45:00,1.2304391,1.2751606,1.2180008
2025-01-01 13:46:00,1.2303059,1.2749941,1.2178683
2025-01-01 13:47:00,1.230199,1.2748603,1.217761
2025-01-01 13:48:00,1.230113,1.2747523,1.217674
2025-01-01 13:49:00,1.2300436,1.2746649,1.217603
2025-01-01 13:50:00,1.2299879,1.2745941,1.217545
2025-01-01 13:51:00,1.2299427,1.2745366,1.2174972
2025-01-01 13:52:00,1.2299061,1.2744896,1.2174577
2025-01-01 13:53:00,1.2298763,1.2744511,1.2174248
2025-01-01 13:54:00,1.2298518,1.2744195,1.2173971
2025-01-01 13:55:00,1.2298318,1.2743931,1.2173736
2025-01-01 13:56:00,1.2298152,1.2743711,1.2173533
2025-01-01 13:57:00,1.2298015,1.2743526,1.2173359
2025-01-01 13:58:00,1.22979,1.2743366,1.2173204
2025-01-01 13:59:00,1.2297802,1.274323,1.2173069
2025-01-01 14:00:00,1.2248464,1.2682412,1.2125711
2025-01-01 14:01:00,1.2208986,1.2633747,1.2087811
2025-01-01 14:02:00,1.2177398,1.2594805,1.2057477
2025-01-01 14:03:00,1.2152121,1.2563642,1.2033195
2025-01-01 14:04:00,1.2131894,1.25387,1.2013756
2025-01-01 14:05:00,1.2115705,1.2518737,1.199819
2025-01-01 14:06:00,1.2102748,1.2502755,1.1985723
2025-01-01 14:07:00,1.2092376,1.2489958,1.1975734
2025-01-01 14:08:00,1.2084072,1.247971,1.1967728
2025-01-01 14:09:00,1.2077421,1.2471501,1.196131
2025-01-01 14:10:00,1.2072093,1.2464921,1.1956159
2025-01-01 14:11:00,1.2067826,1.2459648,1.1952022
2025-01-01 14:12:00,1.2064403,1.2455418,1.1948699
2025-01-01 14:13:00,1.2061658,1.2452022,1.1946025
2025-01-01 14:14:00,1.2059455,1.2449294,1.194387
2025-01-01 14:15:00,1.2057686,1.24471,1.194213
2025-01-01 14:16:00,1.2056262,1.2445333,1.1940725
2025-01-01 14:17:00,1.2055115,1.2443907,1.1939584
2025-01-01 14:18:00,1.205419,1.2442756,1.1938654
2025-01-01 14:19:00,1.2053442,1.2441821,1.1937896
2025-01-01 14:20:00,1.2052835,1.2441062,1.1937274
2025-01-01 14:21:00,1.2052342,1.2440442,1.1936759
2025-01-01 14:22:00,1.205194,1.2439934,1.1936331
2025-01-01 14:23:00,1.2051609,1.2439516,1.1935973
2025-01-01 14:24:00,1.2051337,1.2439167,1.1935672
2025-01-01 14:25:00,1.205111,1.2438878,1.1935413
2025-01-01 14:26:00,1.205092,1.2438632,1.1935189
2025-01-01 14:27:00,1.2050759,1.2438424,1.1934994
2025-01-01 14:28:00,1.2050622,1.2438244,1.1934822
2025-01-01 14:29:00,1.2050502,1.2438086,1.1934667
2025-01-01 14:30:00,1.1999334,1.2375232,1.1885734
2025-01-01 14:31:00,1.1958389,1.2324935,1.1846571
2025-01-01 14:32:00,1.1925625,1.2284685,1.1815223
2025-01-01 14:33:00,1.1899403,1.2252473,1.1790128
2025-01-01 14:34:00,1.1878417,1.2226689,1.1770035
2025-01-01 14:35:00,1.1861618,1.2206047,1.1753943
2025-01-01 14:36:00,1.1848168,1.218952,1.1741052
2025-01-01 14:37:00,1.18374,1.2176285,1.1730722
2025-01-01 14:38:00,1.1828775,1.2165682,1.1722441
2025-01-01 14:39:00,1.1821865,1.2157187,1.1715798
2025-01-01 14:40:00,1.1816328,1.2150377,1.1710466
2025-01-01 14:41:00,1.1811886,1.2144915,1.1706183
2025-01-01 14:42:00,1.1808324,1.2140529,1.1702739
2025-01-01 14:43:00,1.1805462,1.2137008,1.1699965
2025-01-01 14:44:00,1.1803163,1.2134176,1.169773
2025-01-01 14:45:00,1.1801313,1.2131896,1.1695921
2025-01-01 14:46:00,1.1799822,1.2130057,1.1694458
2025-01-01 14:47:00,1.1798618,1.2128571,1.1693267
2025-01-01 14:48:00,1.1797644,1.2127367,1.1692297
2025-01-01 14:49:00,1.1796854,1.212639,1.1691502
2025-01-01 14:50:00,1.179621,1.2125592,1.1690849
2025-01-01 14:51:00,1.1795683,1.2124939,1.1690308
2025-01-01 14:52:00,1.1795251,1.2124401,1.1689856
2025-01-01 14:53:00,1.1794895,1.2123955,1.1689476
2025-01-01 14:54:00,1.1794597,1.2123584,1.1689153
2025-01-01 14:55:00,1.1794347,1.2123271,1.1688875
2025-01-01 14:56:00,1.1794134,1.2123005,1.1688634
2025-01-01 14:57:00,1.1793953,1.2122777,1.1688422
2025-01-01 14:58:00,1.1793796,1.2122579,1.1688234
2025-01-01 14:59:00,1.1793659,1.2122405,1.1688064
2025-01-01 15:00:00,1.1741574,1.2058636,1.1638423
2025-01-01 15:01:00,1.1699892,1.2007605,1.1598691
2025-01-01 15:02:00,1.1666534,1.1966765,1.1566886
2025-01-01 15:03:00,1.1639836,1.1934075,1.1541421
2025-01-01 15:04:00,1.1618465,1.1907908,1.1521032
2025-01-01 15:05:00,1.1601355,1.1886958,1.15047
2025-01-01 15:06:00,1.1587654,1.187018,1.1491613
2025-01-01 15:07:00,1.1576681,1.1856743,1.1481125
2025-01-01 15:08:00,1.156789,1.1845976,1.1472715
2025-01-01 15:09:00,1.1560842,1.1837345,1.1465967
2025-01-01 15:10:00,1.1555191,1.1830423,1.1460547
2025-01-01 15:11:00,1.1550658,1.182487,1.1456193
2025-01-01 15:12:00,1.1547018,1.182041,1.1452689
2025-01-01 15:13:00,1.1544092,1.1816825,1.1449865
2025-01-01 15:14:00,1.1541739,1.181394,1.1447586
2025-01-01 15:15:00,1.1539841,1.1811614,1.1445743
2025-01-01 15:16:00,1.153831,1.1809735,1.1444247
2025-01-01 15:17:00,1.153707,1.1808215,1.144303
2025-01-01 15:18:00,1.1536065,1.1806983,1.1442035
2025-01-01 15:19:00,1.1535246,1.1805979,1.144122
2025-01-01 15:20:00,1.1534578,1.1805158,1.1440547
2025-01-01 15:21:00,1.1534028,1.1804482,1.1439987
2025-01-01 15:22:00,1.1533574,1.1803925,1.1439518
2025-01-01 15:23:00,1.1533196,1.1803461,1.1439123
2025-01-01 15:24:00,1.1532879,1.1803071,1.1438786
2025-01-01 15:25:00,1.1532612,1.1802742,1.1438494
2025-01-01 15:26:00,1.1532382,1.1802459,1.143824
2025-01-01 15:27:00,1.1532184,1.1802216,1.1438015
2025-01-01 15:28:00,1.1532011,1.1802002,1.1437814
2025-01-01 15:29:00,1.1531857,1.1801813,1.1437632
2025-01-01 15:30:00,1.1479783,1.1738267,1.1388172
2025-01-01 15:31:00,1.1438109,1.1687411,1.1348581
2025-01-01 15:32:00,1.1404754,1.1646708,1.1316887
2025-01-01 15:33:00,1.1378055,1.1614127,1.1291511
2025-01-01 15:34:00,1.135668,1.1588043,1.1271188
2025-01-01 15:35:00,1.1339564,1.1567158,1.1254908
2025-01-01 15:36:00,1.1325855,1.155043,1.1241862
2025-01-01 15:37:00,1.1314874,1.1537029,1.1231403
2025-01-01 15:38:00,1.1306071,1.1526289,1.1223015
2025-01-01 15:39:00,1.1299014,1.1517677,1.1216282
2025-01-01 15:40:00,1.1293352,1.1510768,1.1210872
2025-01-01 15:41:00,1.1288806,1.1505222,1.1206523
2025-01-01 15:42:00,1.1285154,1.1500766,1.1203022
2025-01-01 15:43:00,1.1282215,1.1497182,1.1200199
2025-01-01 15:44:00,1.1279849,1.1494294,1.1197917
2025-01-01 15:45:00,1.1277938,1.1491964,1.1196071
2025-01-01 15:46:00,1.1276393,1.1490082,1.1194571
2025-01-01 15:47:00,1.127514,1.1488553,1.1193348
2025-01-01 15:48:00,1.1274121,1.1487312,1.1192348
2025-01-01 15:49:00,1.1273289,1.1486299,1.1191524
2025-01-01 15:50:00,1.1272606,1.1485468,1.1190844
2025-01-01 15:51:00,1.1272043,1.1484784,1.1190276
2025-01-01 15:52:00,1.1271576,1.1484215,1.1189798
2025-01-01 15:53:00,1.1271185,1.1483741,1.1189394
2025-01-01 15:54:00,1.1270854,1.1483341,1.1189047
2025-01-01 15:55:00,1.1270572,1.1483,1.1188748
2025-01-01 15:56:00,1.127033,1.1482707,1.1188486
2025-01-01 15:57:00,1.1270118,1.1482452,1.1188252
2025-01-01 15:58:00,1.1269932,1.1482228,1.1188042
2025-01-01 15:59:00,1.1269764,1.1482028,1.1187851
2025-01-01 16:00:00,1.1218631,1.141984,1.1139451
2025-01-01 16:01:00,1.1177709,1.1370068,1.1100708
2025-01-01 16:02:00,1.1144953,1.133023,1.1069692
2025-01-01 16:03:00,1.1118729,1.1298339,1.1044854
2025-01-01 16:04:00,1.1097733,1.1272805,1.1024961
2025-01-01 16:05:00,1.1080916,1.1252357,1.1009023
2025-01-01 16:06:00,1.1067445,1.1235976,1.099625
2025-01-01 16:07:00,1.105665,1.122285,1.0986007
2025-01-01 16:08:00,1.1047995,1.1212329,1.0977789
2025-01-01 16:09:00,1.1041054,1.120389,1.0971192
2025-01-01 16:10:00,1.103548,1.1197118,1.096589
2025-01-01 16:11:00,1.1031004,1.1191678,1.0961624
2025-01-01 16:12:00,1.1027404,1.1187304,1.0958188
2025-01-01 16:13:00,1.1024505,1.1183785,1.0955415
2025-01-01 16:14:00,1.1022167,1.1180946,1.0953172
2025-01-01 16:15:00,1.1020277,1.1178654,1.0951356
2025-01-01 16:16:00,1.1018747,1.1176798,1.0949878
2025-01-01 16:17:00,1.1017503,1.1175292,1.0948671
2025-01-01 16:18:00,1.1016489,1.1174065,1.094768
2025-01-01 16:19:00,1.1015658,1.1173061,1.0946865
2025-01-01 16:20:00,1.1014974,1.1172236,1.0946188
2025-01-01 16:21:00,1.1014407,1.1171554,1.0945622
2025-01-01 16:22:00,1.1013935,1.1170987,1.0945145
2025-01-01 16:23:00,1.1013535,1.1170509,1.094474
2025-01-01 16:24:00,1.1013198,1.1170105,1.0944391
2025-01-01 16:25:00,1.1012907,1.1169759,1.0944088
2025-01-01 16:26:00,1.1012655,1.1169461,1.094382
2025-01-01 16:27:00,1.1012433,1.1169199,1.0943582
2025-01-01 16:28:00,1.1012236,1.1168966,1.0943367
2025-01-01 16:29:00,1.1012058,1.1168758,1.0943171
2025-01-01 16:30:00,1.0962781,1.1109036,1.08967
2025-01-01 16:31:00,1.0923338,1.1061236,1.0859498
2025-01-01 16:32:00,1.0891764,1.1022972,1.0829711
2025-01-01 16:33:00,1.0866485,1.0992339,1.0805858
2025-01-01 16:34:00,1.084624,1.0967809,1.078675
2025-01-01 16:35:00,1.0830024,1.0948163,1.077144
2025-01-01 16:36:00,1.0817032,1.0932423,1.0759166
2025-01-01 16:37:00,1.0806618,1.0919807,1.0749323
2025-01-01 16:38:00,1.0798265,1.0909692,1.0741423
2025-01-01 16:39:00,1.0791562,1.0901575,1.0735078
2025-01-01 16:40:00,1.0786177,1.0895059,1.0729977
2025-01-01 16:41:00,1.0781848,1.0889823,1.072587
2025-01-01 16:42:00,1.0778365,1.0885612,1.0722561
2025-01-01 16:43:00,1.0775558,1.0882219,1.0719888
2025-01-01 16:44:00,1.077329,1.0879481,1.0717726
2025-01-01 16:45:00,1.0771456,1.0877266,1.071597
2025-01-01 16:46:00,1.0769967,1.0875472,1.071454
2025-01-01 16:47:00,1.0768754,1.0874012,1.071337
2025-01-01 16:48:00,1.0767763,1.0872821,1.071241
2025-01-01 16:49:00,1.0766947,1.0871843,1.0711616
2025-01-01 16:50:00,1.0766274,1.0871038,1.0710957
2025-01-01 16:51:00,1.0765713,1.0870371,1.0710403
2025-01-01 16:52:00,1.0765244,1.0869813,1.0709934
2025-01-01 16:53:00,1.0764846,1.0869342,1.0709534
2025-01-01 16:54:00,1.0764505,1.0868942,1.0709188
2025-01-01 16:55:00,1.0764211,1.0868598,1.0708886
2025-01-01 16:56:00,1.0763954,1.0868299,1.070862
2025-01-01 16:57:00,1.0763726,1.0868034,1.0708381
2025-01-01 16:58:00,1.0763521,1.08678,1.0708164
2025-01-01 16:59:00,1.0763335,1.0867587,1.0707966
2025-01-01 17:00:00,1.0716786,1.0811391,1.0664244
2025-01-01 17:01:00,1.0679525,1.076641,1.062924
2025-01-01 17:02:00,1.0649693,1.07304,1.0601213
2025-01-01 17:03:00,1.0625806,1.0701567,1.0578765
2025-01-01 17:04:00,1.0606674,1.0678477,1.056078
2025-01-01 17:05:00,1.0591346,1.0659981,1.0546367
2025-01-01 17:06:00,1.057906,1.064516,1.0534812
2025-01-01 17:07:00,1.056921,1.0633277,1.0525541
2025-01-01 17:08:00,1.0561305,1.0623747,1.0518099
2025-01-01 17:09:00,1.0554961,1.0616097,1.051212
2025-01-01 17:10:00,1.0549862,1.0609955,1.0507311
2025-01-01 17:11:00,1.054576,1.0605015,1.0503438
2025-01-01 17:12:00,1.0542455,1.0601039,1.0500313
2025-01-01 17:13:00,1.0539788,1.0597833,1.0497787
2025-01-01 17:14:00,1.0537633,1.0595243,1.049574
2025-01-01 17:15:00,1.0535884,1.0593147,1.0494077
2025-01-01 17:16:00,1.0534463,1.0591445,1.0492721
2025-01-01 17:17:00,1.0533303,1.0590059,1.049161
2025-01-01 17:18:00,1.053235,1.0588925,1.0490695
2025-01-01 17:19:00,1.0531566,1.0587993,1.0489937
2025-01-01 17:20:00,1.0530915,1.0587223,1.0489304
2025-01-01 17:21:00,1.0530372,1.058658,1.0488772
2025-01-01 17:22:00,1.0529913,1.0586041,1.0488322
2025-01-01 17:23:00,1.0529522,1.0585586,1.0487934
2025-01-01 17:24:00,1.0529186,1.0585196,1.0487598
2025-01-01 17:25:00,1.0528893,1.0584859,1.0487304
2025-01-01 17:26:00,1.0528636,1.0584563,1.0487041
2025-01-01 17:27:00,1.0528407,1.0584302,1.0486807
2025-01-01 17:28:00,1.05282,1.0584068,1.0486592
2025-01-01 17:29:00,1.052801,1.0583855,1.0486394
2025-01-01 17:30:00,1.0485029,1.05322,1.0446212
2025-01-01 17:31:00,1.0450621,1.0490851,1.041404
2025-01-01 17:32:00,1.042307,1.0457747,1.0388278
2025-01-01 17:33:00,1.0401006,1.0431238,1.036764
2025-01-01 17:34:00,1.038333,1.0410006,1.0351105
2025-01-01 17:35:00,1.0369166,1.0392995,1.033785
2025-01-01 17:36:00,1.035781,1.037936,1.0327221
2025-01-01 17:37:00,1.0348701,1.0368427,1.031869
2025-01-01 17:38:00,1.034139,1.0359654,1.031184
2025-01-01 17:39:00,1.0335518,1.035261,1.0306334
2025-01-01 17:40:00,1.0330794,1.034695,1.0301902
2025-01-01 17:41:00,1.0326991,1.0342396,1.0298331
2025-01-01 17:42:00,1.0323925,1.0338728,1.0295447
2025-01-01 17:43:00,1.0321447,1.0335767,1.0293114
2025-01-01 17:44:00,1.031944,1.0333374,1.0291222
2025-01-01 17:45:00,1.0317811,1.0331433,1.0289682
2025-01-01 17:46:00,1.0316483,1.0329853,1.0288423
2025-01-01 17:47:00,1.0315396,1.0328565,1.0287391
2025-01-01 17:48:00,1.03145,1.0327508,1.0286539
2025-01-01 17:49:00,1.031376,1.0326637,1.028583
2025-01-01 17:50:00,1.0313144,1.0325915,1.0285238
2025-01-01 17:51:00,1.0312625,1.032531,1.0284737
2025-01-01 17:52:00,1.0312186,1.03248,1.028431
2025-01-01 17:53:00,1.0311811,1.0324367,1.0283943
2025-01-01 17:54:00,1.0311484,1.0323995,1.0283624
2025-01-01 17:55:00,1.0311198,1.0323671,1.0283341
2025-01-01 17:56:00,1.0310944,1.0323386,1.0283089
2025-01-01 17:57:00,1.0310717,1.0323131,1.0282861
2025-01-01 17:58:00,1.031051,1.0322902,1.0282652
2025-01-01 17:59:00,1.031032,1.0322692,1.0282459
2025-01-01 18:00:00,1.0271671,1.0276494,1.0246531
2025-01-01 18:01:00,1.0240728,1.0239509,1.0217762
2025-01-01 18:02:00,1.0215948,1.0209898,1.0194721
2025-01-01 18:03:00,1.0196098,1.018618,1.0176262
2025-01-01 18:04:00,1.0180193,1.0167181,1.0161468
2025-01-01 18:05:00,1.0167445,1.0151955,1.0149606
2025-01-01 18:06:00,1.0157219,1.0139749,1.0140092
2025-01-01 18:07:00,1.0149015,1.0129958,1.0132455
2025-01-01 18:08:00,1.0142425,1.0122099,1.0126318
2025-01-01 18:09:00,1.0137129,1.0115784,1.0121382
2025-01-01 18:10:00,1.0132866,1.0110708,1.0117408
2025-01-01 18:11:00,1.0129431,1.0106621,1.0114202
2025-01-01 18:12:00,1.0126656,1.0103323,1.0111611
2025-01-01 18:13:00,1.0124412,1.0100662,1.0109513
2025-01-01 18:14:00,1.0122591,1.0098504,1.0107807
2025-01-01 18:15:00,1.0121108,1.0096751,1.0106418
2025-01-01 18:16:00,1.0119897,1.0095325,1.010528
2025-01-01 18:17:00,1.0118902,1.0094156,1.0104344
2025-01-01 18:18:00,1.011808,1.0093195,1.0103568
2025-01-01 18:19:00,1.0117397,1.0092402,1.0102922
2025-01-01 18:20:00,1.0116826,1.009174,1.0102379
2025-01-01 18:21:00,1.0116343,1.0091184,1.0101918
2025-01-01 18:22:00,1.0115931,1.0090714,1.0101523
2025-01-01 18:23:00,1.0115576,1.009031,1.0101182
2025-01-01 18:24:00,1.0115266,1.0089962,1.0100883
2025-01-01 18:25:00,1.0114992,1.0089657,1.0100619
2025-01-01 18:26:00,1.0114746,1.0089387,1.010038
2025-01-01 18:27:00,1.0114524,1.0089145,1.0100163
2025-01-01 18:28:00,1.0114323,1.0088924,1.0099965
2025-01-01 18:29:00,1.0114135,1.0088722,1.009978
2025-01-01 18:30:00,1.0080504,1.0048804,1.0068743
2025-01-01 18:31:00,1.0053575,1.0016844,1.0043889
2025-01-01 18:32:00,1.0032007,0.999125,1.0023979
2025-01-01 18:33:00,1.0014726,0.99707484,1.0008026
2025-01-01 18:34:00,1.0000875,0.9954321,0.99952364
2025-01-01 18:35:00,0.9989768,0.9941153,0.998498
2025-01-01 18:36:00,0.9980856,0.9930592,0.99767494
2025-01-01 18:37:00,0.9973701,0.9922117,0.99701387
2025-01-01 18:38:00,0.9967952,0.9915311,0.99648255
2025-01-01 18:39:00,0.9963325,0.99098396,0.9960548
2025-01-01 18:40:00,0.9959598,0.99054366,0.9957101
2025-01-01 18:41:00,0.9956591,0.99018884,0.9954318
2025-01-01 18:42:00,0.9954159,0.9899023,0.9952066
2025-01-01 18:43:00,0.99521875,0.98967046,0.9950238
2025-01-01 18:44:00,0.99505836,0.98948234,0.9948751
2025-01-01 18:45:00,0.9949275,0.9893293,0.9947536
2025-01-01 18:46:00,0.99482024,0.98920417,0.9946538
2025-01-01 18:47:00,0.9947317,0.98910147,0.9945714
2025-01-01 18:48:00,0.99465835,0.9890168,0.994503
2025-01-01 18:49:00,0.9945971,0.9889464,0.99444574
2025-01-01 18:50:00,0.9945454,0.98888737,0.99439734
2025-01-01 18:51:00,0.9945015,0.9888376,0.99435616
2025-01-01 18:52:00,0.9944637,0.9887952,0.99432063
2025-01-01 18:53:00,0.99443084,0.9887587,0.9942897
2025-01-01 18:54:00,0.99440193,0.9887268,0.9942624
2025-01-01 18:55:00,0.99437624,0.9886988,0.9942381
2025-01-01 18:56:00,0.99435306,0.9886737,0.9942161
2025-01-01 18:57:00,0.99433184,0.98865104,0.994196
2025-01-01 18:58:00,0.9943123,0.98863035,0.99417746
2025-01-01 18:59:00,0.994294,0.98861116,0.9941601
2025-01-01 19:00:00,0.99149317,0.9853188,0.9916012
2025-01-01 19:01:00,0.9892498,0.9826823,0.98955166
2025-01-01 19:02:00,0.98745257,0.9805705,0.9879095
2025-01-01 19:03:00,0.98601216,0.9788785,0.9865933
2025-01-01 19:04:00,0.9848572,0.97752225,0.9855378
2025-01-01 19:05:00,0.9839306,0.9764347,0.984691
2025-01-01 19:06:00,0.98318666,0.97556204,0.984011
2025-01-01 19:07:00,0.9825889,0.9748614,0.98346454
2025-01-01 19:08:00,0.98210806,0.9742982,0.9830249
2025-01-01 19:09:00,0.98172086,0.9738451,0.9826707
2025-01-01 19:10:00,0.9814084,0.97348005,0.9823849
2025-01-01 19:11:00,0.9811558,0.9731854,0.9821538
2025-01-01 19:12:00,0.98095113,0.9729471,0.98196644
2025-01-01 19:13:00,0.9807848,0.9727539,0.98181415
2025-01-01 19:14:00,0.98064905,0.97259676,0.9816898
2025-01-01 19:15:00,0.98053783,0.9724685,0.9815879
2025-01-01 19:16:00,0.9804463,0.9723633,0.98150396
2025-01-01 19:17:00,0.9803704,0.97227657,0.98143435
2025-01-01 19:18:00,0.98030704,0.9722046,0.98137623
2025-01-01 19:19:00,0.9802538,0.97214454,0.9813273
2025-01-01 19:20:00,0.9802086,0.97209394,0.98128575
2025-01-01 19:21:00,0.9801698,0.97205085,0.98125005
2025-01-01 19:22:00,0.98013616,0.9720139,0.9812192
2025-01-01 19:23:00,0.9801066,0.9719817,0.981192
2025-01-01 19:24:00,0.9800803,0.9719534,0.9811678
2025-01-01 19:25:00,0.98005664,0.9719282,0.9811461
2025-01-01 19:26:00,0.9800352,0.9719055,0.98112637
2025-01-01 19:27:00,0.98001534,0.97188485,0.9811081
2025-01-01 19:28:00,0.97999686,0.97186583,0.98109114
2025-01-01 19:29:00,0.9799795,0.971848,0.9810752
2025-01-01 19:30:00,0.9777904,0.9693134,0.97910655
2025-01-01 19:31:00,0.97603655,0.9672831,0.97752917
2025-01-01 19:32:00,0.97463083,0.9656564,0.97626495
2025-01-01 19:33:00,0.97350365,0.96435255,0.9752512
2025-01-01 19:34:00,0.9725993,0.96330684,0.97443783
2025-01-01 19:35:00,0.9718732,0.96246785,0.9737848
2025-01-01 19:36:00,0.9712898,0.96179414,0.97326005
2025-01-01 19:37:00,0.9708204,0.9612526,0.9728378
2025-01-01 19:38:00,0.9704423,0.9608169,0.9724977
2025-01-01 19:39:00,0.97013724,0.96046585,0.97222334
2025-01-01 19:40:00,0.9698906,0.9601825,0.9720015
2025-01-01 19:41:00,0.9696906,0.95995337,0.97182167
2025-01-01 19:42:00,0.9695281,0.95976746,0.9716755
2025-01-01 19:43:00,0.96939546,0.95961636,0.9715563
2025-01-01 19:44:00,0.96928674,0.9594929,0.97145855
2025-01-01 19:45:00,0.9691973,0.9593917,0.9713781
2025-01-01 19:46:00,0.969123,0.95930827,0.97131145
2025-01-01 19:47:00,0.9690611,0.959239,0.97125584
2025-01-01 19:48:00,0.96900886,0.9591812,0.9712091
2025-01-01 19:49:00,0.96896464,0.95913243,0.9711694
2025-01-01 19:50:00,0.9689266,0.95909095,0.9711354
2025-01-01 19:51:00,0.9688936,0.9590553,0.9711059
2025-01-01 19:52:00,0.9688646,0.95902437,0.97108
2025-01-01 19:53:00,0.96883893,0.9589972,0.97105706
2025-01-01 19:54:00,0.96881574,0.95897293,0.9710365
2025-01-01 19:55:00,0.96879464,0.9589511,0.9710177
2025-01-01 19:56:00,0.9687752,0.9589312,0.97100055
2025-01-01 19:57:00,0.9687571,0.9589129,0.9709845
2025-01-01 19:58:00,0.96874005,0.95889574,0.9709695
2025-01-01 19:59:00,0.9687238,0.9588797,0.9709552
2025-01-01 20:00:00,0.96718615,0.95714873,0.96961236
2025-01-01 20:01:00,0.96595347,0.95576155,0.9685358
2025-01-01 20:02:00,0.96496475,0.9546494,0.9676724
2025-01-01 20:03:00,0.9641713,0.9537573,0.9669795
2025-01-01 20:04:00,0.96353394,0.95304114,0.9664229
2025-01-01 20:05:00,0.96302146,0.9524659,0.96597546
2025-01-01 20:06:00,0.96260905,0.9520033,0.9656154
2025-01-01 20:07:00,0.9622765,0.9516308,0.9653251
2025-01-01 20:08:00,0.96200794,0.95133036,0.96509075
2025-01-01 20:09:00,0.96179056,0.9510877,0.9649011
2025-01-01 20:10:00,0.96161413,0.95089126,0.96474725
2025-01-01 20:11:00,0.9614705,0.95073164,0.96462196
2025-01-01 20:12:00,0.96135306,0.9506016,0.9645197
2025-01-01 20:13:00,0.9612566,0.95049524,0.9644357
2025-01-01 20:14:00,0.96117693,0.9504078,0.9643664
2025-01-01 20:15:00,0.96111065,0.95033544,0.9643088
2025-01-01 20:16:00,0.9610551,0.95027524,0.9642606
2025-01-01 20:17:00,0.9610082,0.95022476,0.96422
2025-01-01 20:18:00,0.96096814,0.950182,0.96418536
2025-01-01 20:19:00,0.96093357,0.9501455,0.96415555
2025-01-01 20:20:00,0.96090347,0.95011395,0.9641296
2025-01-01 20:21:00,0.9608769,0.9500864,0.96410686
2025-01-01 20:22:00,0.9608531,0.95006204,0.96408653
2025-01-01 20:23:00,0.96083164,0.9500403,0.96406823
2025-01-01 20:24:00,0.9608119,0.95002055,0.96405154
2025-01-01 20:25:00,0.9607937,0.9500025,0.9640361
2025-01-01 20:26:00,0.9607767,0.94998574,0.96402174
2025-01-01 20:27:00,0.96076053,0.94997007,0.9640082
2025-01-01 20:28:00,0.9607452,0.9499552,0.9639954
2025-01-01 20:29:00,0.96073043,0.94994104,0.96398306
2025-01-01 20:30:00,0.95987123,0.94904417,0.9632895
2025-01-01 20:31:00,0.9591814,0.9483244,0.9627326
2025-01-01 20:32:00,0.9586271,0.94774634,0.9622851
2025-01-01 20:33:00,0.9581812,0.9472817,0.96192515
2025-01-01 20:34:00,0.957822,0.94690776,0.9616352
2025-01-01 20:35:00,0.9575322,0.9466063,0.9614012
2025-01-01 20:36:00,0.957298,0.9463629,0.96121204
2025-01-01 20:37:00,0.9571082,0.946166,0.96105886
2025-01-01 20:38:00,0.9569539,0.94600624,0.9609343
2025-01-01 20:39:00,0.956828,0.9458762,0.96083266
2025-01-01 20:40:00,0.95672494,0.94576997,0.96074945
2025-01-01 20:41:00,0.9566401,0.94568276,0.96068096
2025-01-01 20:42:00,0.9565698,0.9456108,0.9606242
2025-01-01 20:43:00,0.9565112,0.9455511,0.96057695
2025-01-01 20:44:00,0.95646185,0.9455011,0.96053725
2025-01-01 20:45:00,0.95642,0.94545895,0.9605036
2025-01-01 20:46:00,0.9563841,0.945423,0.9604747
2025-01-01 20:47:00,0.95635307,0.9453922,0.96044976
2025-01-01 20:48:00,0.95632577,0.9453653,0.9604279
2025-01-01 20:49:00,0.9563016,0.94534165,0.96040857
2025-01-01 20:50:00,0.95627993,0.94532067,0.9603913
2025-01-01 20:51:00,0.9562602,0.94530165,0.96037555
2025-01-01 20:52:00,0.956242,0.9452843,0.9603611
2025-01-01 20:53:00,0.95622516,0.94526833,0.9603477
2025-01-01 20:54:00,0.95620936,0.94525343,0.96033525
2025-01-01 20:55:00,0.9561943,0.9452394,0.96032345
2025-01-01 20:56:00,0.95618,0.9452261,0.9603121
2025-01-01 20:57:00,0.95616615,0.9452133,0.96030134
2025-01-01 20:58:00,0.9561528,0.94520104,0.9602909
2025-01-01 20:59:00,0.9561398,0.94518906,0.9602807
2025-01-01 21:00:00,0.95597446,0.9451424,0.960249
2025-01-01 21:01:00,0.9558398,0.94510293,0.9602219
2025-01-01 21:02:00,0.95572984,0.9450693,0.96019834
2025-01-01 21:03:00,0.95563954,0.94504035,0.96017784
2025-01-01 21:04:00,0.95556504,0.94501513,0.96015966
2025-01-01 21:05:00,0.9555031,0.94499296,0.9601434
2025-01-01 21:06:00,0.95545125,0.9449732,0.9601286
2025-01-01 21:07:00,0.95540756,0.94495535,0.96011513
2025-01-01 21:08:00,0.9553703,0.944939,0.9601026
2025-01-01 21:09:00,0.95533824,0.944924,0.9600909
2025-01-01 21:10:00,0.9553103,0.94490993,0.96007985
2025-01-01 21:11:00,0.9552858,0.9448967,0.96006936
2025-01-01 21:12:00,0.95526385,0.9448841,0.9600593
2025-01-01 21:13:00,0.95524406,0.9448721,0.96004957
2025-01-01 21:14:00,0.955226,0.9448605,0.9600401
2025-01-01 21:15:00,0.9552093,0.94484925,0.9600309
2025-01-01 21:16:00,0.9551937,0.9448383,0.9600219
2025-01-01 21:17:00,0.95517904,0.94482756,0.96001315
2025-01-01 21:18:00,0.95516515,0.94481707,0.96000445
2025-01-01 21:19:00,0.95515174,0.9448067,0.9599959
2025-01-01 21:20:00,0.95513886,0.94479644,0.9599875
2025-01-01 21:21:00,0.95512635,0.94478637,0.9599792
2025-01-01 21:22:00,0.9551141,0.9447764,0.9599709
2025-01-01 21:23:00,0.9551022,0.94476646,0.9599627
2025-01-01 21:24:00,0.9550905,0.9447567,0.9599546
2025-01-01 21:25:00,0.9550789,0.944747,0.9599466
2025-01-01 21:26:00,0.9550675,0.94473726,0.95993865
2025-01-01 21:27:00,0.95505625,0.94472766,0.9599307
2025-01-01 21:28:00,0.9550451,0.9447182,0.95992285
2025-01-01 21:29:00,0.95503396,0.94470865,0.95991504
2025-01-01 21:30:00,0.95556533,0.94551295,0.9605457
2025-01-01 21:31:00,0.9559883,0.94615453,0.9610487
2025-01-01 21:32:00,0.9563245,0.946666,0.9614497
2025-01-01 21:33:00,0.95659137,0.94707334,0.961769
2025-01-01 21:34:00,0.9568028,0.9473974,0.96202296
2025-01-01 21:35:00,0.9569698,0.94765484,0.96222466
2025-01-01 21:36:00,0.9571012,0.947859,0.9623846
2025-01-01 21:37:00,0.9572044,0.9480205,0.96251106
2025-01-01 21:38:00,0.9572848,0.94814795,0.96261084
2025-01-01 21:39:00,0.9573471,0.9482481,0.9626892
2025-01-01 21:40:00,0.95739484,0.94832647,0.9627505
2025-01-01 21:41:00,0.95743096,0.94838744,0.9627981
2025-01-01 21:42:00,0.9574578,0.9484345,0.96283484
2025-01-01 21:43:00,0.9574772,0.9484703,0.96286285
2025-01-01 21:44:00,0.9574907,0.94849724,0.96288383
2025-01-01 21:45:00,0.9574995,0.9485171,0.9628993
2025-01-01 21:46:00,0.9575045,0.9485312,0.9629103
2025-01-01 21:47:00,0.9575065,0.94854087,0.96291775
2025-01-01 21:48:00,0.95750606,0.9485469,0.9629224
2025-01-01 21:49:00,0.9575037,0.94855,0.9629248
2025-01-01 21:50:00,0.9574998,0.9485508,0.9629254
2025-01-01 21:51:00,0.95749474,0.9485498,0.9629246
2025-01-01 21:52:00,0.9574887,0.9485473,0.96292263
2025-01-01 21:53:00,0.9574819,0.9485437,0.9629198
2025-01-01 21:54:00,0.95747447,0.94853914,0.9629162
2025-01-01 21:55:00,0.9574666,0.9485339,0.9629121
2025-01-01 21:56:00,0.9574583,0.94852805,0.9629075
2025-01-01 21:57:00,0.95744973,0.94852173,0.96290267
2025-01-01 21:58:00,0.957441,0.94851506,0.96289754
2025-01-01 21:59:00,0.95743203,0.94850814,0.96289223
2025-01-01 22:00:00,0.95865065,0.95014906,0.964174
2025-01-01 22:01:00,0.95962363,0.9514601,0.9651981
2025-01-01 22:02:00,0.96040016,0.95250744,0.9660163
2025-01-01 22:03:00,0.9610195,0.95334375,0.9666696
2025-01-01 22:04:00,0.9615131,0.95401126,0.9671911
2025-01-01 22:05:00,0.961906,0.9545437,0.9676072
2025-01-01 22:06:00,0.9622186,0.9549681,0.96793884
2025-01-01 22:07:00,0.9624667,0.9553061,0.96820307
2025-01-01 22:08:00,0.96266335,0.95557505,0.9684133
2025-01-01 22:09:00,0.96281886,0.9557886,0.9685803
2025-01-01 22:10:00,0.9629414,0.955958,0.96871287
2025-01-01 22:11:00,0.96303755,0.956092,0.9688178
2025-01-01 22:12:00,0.9631127,0.95619774,0.9689006
2025-01-01 22:13:00,0.963171,0.9562809,0.9689658
2025-01-01 22:14:00,0.96321577,0.9563459,0.9690169
2025-01-01 22:15:00,0.96324986,0.9563965,0.96905667
2025-01-01 22:16:00,0.9632753,0.95643556,0.9690875
2025-01-01 22:17:00,0.9632939,0.95646536,0.9691111
2025-01-01 22:18:00,0.96330696,0.9564877,0.96912897
2025-01-01 22:19:00,0.9633157,0.9565043,0.96914226
2025-01-01 22:20:00,0.9633209,0.9565161,0.96915185
2025-01-01 22:21:00,0.96332335,0.95652413,0.96915853
2025-01-01 22:22:00,0.96332353,0.9565292,0.96916294
2025-01-01 22:23:00,0.963322,0.9565319,0.9691655
2025-01-01 22:24:00,0.963319,0.95653266,0.9691665
2025-01-01 22:25:00,0.96331495,0.95653194,0.96916646
2025-01-01 22:26:00,0.96330994,0.95653003,0.9691654
2025-01-01 22:27:00,0.9633042,0.9565272,0.9691636
2025-01-01 22:28:00,0.963298,0.95652354,0.96916133
2025-01-01 22:29:00,0.96329135,0.95651937,0.96915853
2025-01-01 22:30:00,0.96517557,0.95896745,0.9710685
2025-01-01 22:31:00,0.9666813,0.9609246,0.9725956
2025-01-01 22:32:00,0.96788424,0.9624891,0.9738164
2025-01-01 22:33:00,0.9688449,0.96373945,0.9747922
2025-01-01 22:34:00,0.9696118,0.9647384,0.97557193
2025-01-01 22:35:00,0.9702237,0.96553636,0.9761949
2025-01-01 22:36:00,0.9707116,0.96617347,0.97669244
2025-01-01 22:37:00,0.9711003,0.9666819,0.9770897
2025-01-01 22:38:00,0.9714097,0.96708745,0.9774066
2025-01-01 22:39:00,0.9716556,0.9674107,0.9776594
2025-01-01 22:40:00,0.9718508,0.96766806,0.9778608
2025-01-01 22:41:00,0.97200537,0.96787274,0.97802114
2025-01-01 22:42:00,0.97212744,0.96803534,0.9781487
2025-01-01 22:43:00,0.9722236,0.9681642,0.9782499
2025-01-01 22:44:00,0.97229886,0.9682661,0.9783302
2025-01-01 22:45:00,0.97235763,0.96834654,0.9783937
2025-01-01 22:46:00,0.9724031,0.9684097,0.9784437
2025-01-01 22:47:00,0.9724379,0.9684592,0.97848296
2025-01-01 22:48:00,0.9724643,0.9684976,0.9785138
2025-01-01 22:49:00,0.97248393,0.96852726,0.9785377
2025-01-01 22:50:00,0.9724982,0.96854985,0.9785561
2025-01-01 22:51:00,0.972508,0.96856683,0.97857016
2025-01-01 22:52:00,0.97251445,0.96857935,0.9785808
2025-01-01 22:53:00,0.97251815,0.9685883,0.97858864
2025-01-01 22:54:00,0.97251964,0.9685944,0.9785943
2025-01-01 22:55:00,0.9725194,0.9685982,0.9785982
2025-01-01 22:56:00,0.9725178,0.9686002,0.9786007
2025-01-01 22:57:00,0.9725151,0.9686008,0.97860205
2025-01-01 22:58:00,0.9725115,0.96860033,0.9786026
2025-01-01 22:59:00,0.97250724,0.9685989,0.97860247
2025-01-01 23:00:00,0.97502357,0.9718112,0.9811068
2025-01-01 23:01:00,0.9770352,0.97438,0.9831098
2025-01-01 23:02:00,0.9786432,0.9764341,0.98471165
2025-01-01 23:03:00,0.97992814,0.9780764,0.98599255
2025-01-01 23:04:00,0.98095477,0.9793893,0.98701674
2025-01-01 23:05:00,0.9817748,0.98043865,0.9878356
2025-01-01 23:06:00,0.98242944,0.9812773,0.98849016
2025-01-01 23:07:00,0.9829518,0.9819472,0.9890133
2025-01-01 23:08:00,0.98336846,0.9824822,0.9894314
2025-01-01 23:09:00,0.98370045,0.9829093,0.98976535
2025-01-01 23:10:00,0.98396474,0.98325014,0.9900321
2025-01-01 23:11:00,0.9841749,0.98352194,0.99024504
2025-01-01 23:12:00,0.98434174,0.98373854,0.990415
2025-01-01 23:13:00,0.984474,0.9839109,0.99055046
2025-01-01 23:14:00,0.9845785,0.984048,0.99065846
2025-01-01 23:15:00,0.9846609,0.9841568,0.9907445
2025-01-01 23:16:00,0.9847256,0.98424304,0.99081284
2025-01-01 23:17:00,0.9847761,0.9843112,0.9908672
2025-01-01 23:18:00,0.9848153,0.9843649,0.9909103
2025-01-01 23:19:00,0.98484546,0.9844071,0.99094445
2025-01-01 23:20:00,0.9848684,0.9844401,0.9909714
2025-01-01 23:21:00,0.9848855,0.9844657,0.9909926
2025-01-01 23:22:00,0.98489803,0.98448545,0.99100924
2025-01-01 23:23:00,0.984907,0.9845005,0.9910223
2025-01-01 23:24:00,0.98491293,0.9845118,0.9910324
2025-01-01 23:25:00,0.98491657,0.98452014,0.9910402
2025-01-01 23:26:00,0.98491836,0.9845261,0.9910462
2025-01-01 23:27:00,0.9849186,0.98453015,0.9910507
2025-01-01 23:28:00,0.98491776,0.98453265,0.99105406
2025-01-01 23:29:00,0.984916,0.9845341,0.9910565
2025-01-01 23:30:00,0.988019,0.9884522,0.99411005
2025-01-01 23:31:00,0.99050033,0.991586,0.9965527
2025-01-01 23:32:00,0.9924844,0.99409246,0.9985066
2025-01-01 23:33:00,0.9940706,0.99609697,1.0000695
2025-01-01 23:34:00,0.9953385,0.9977,1.0013198
2025-01-01 23:35:00,0.9963518,0.9989818,1.0023198
2025-01-01 23:36:00,0.9971613,1.0000066,1.0031196
2025-01-01 23:37:00,0.9978079,1.0008259,1.0037593
2025-01-01 23:38:00,0.9983243,1.0014806,1.0042709
2025-01-01 23:39:00,0.9987363,1.002004,1.0046802
2025-01-01 23:40:00,0.999065,1.002422,1.0050074
2025-01-01 23:41:00,0.99932694,1.002756,1.0052689
2025-01-01 23:42:00,0.9995355,1.0030226,1.0054783
2025-01-01 23:43:00,0.9997015,1.0032353,1.0056455
2025-01-01 23:44:00,0.99983335,1.0034051,1.0057793
2025-01-01 23:45:00,0.9999379,1.0035403,1.0058863
2025-01-01 23:46:00,1.0000206,1.003648,1.0059718
2025-01-01 23:47:00,1.0000858,1.0037338,1.0060402
2025-01-01 23:48:00,1.0001371,1.0038018,1.0060949
2025-01-01 23:49:00,1.0001773,1.0038558,1.0061386
2025-01-01 23:50:00,1.0002086,1.0038986,1.0061735
2025-01-01 23:51:00,1.0002327,1.0039324,1.0062015
2025-01-01 23:52:00,1.000251,1.003959,1.0062239
2025-01-01 23:53:00,1.000265,1.0039798,1.0062418
2025-01-01 23:54:00,1.0002753,1.003996,1.0062562
2025-01-01 23:55:00,1.0002828,1.0040087,1.0062679
2025-01-01 23:56:00,1.0002879,1.0040184,1.0062773
2025-01-01 23:57:00,1.0002912,1.0040259,1.0062848
2025-01-01 23:58:00,1.000293,1.0040315,1.006291
2025-01-01 23:59:00,1.0002936,1.0040357,1.006296
