TIME,H_001_v000,H_002_v000
2025-01-01 00:01:00,1.0430523,1.0451893
2025-01-01 00:02:00,1.0430548,1.0451938
2025-01-01 00:03:00,1.0430573,1.0451984
2025-01-01 00:04:00,1.04306,1.0452032
2025-01-01 00:05:00,1.0430626,1.045208
2025-01-01 00:06:00,1.0430652,1.0452127
2025-01-01 00:07:00,1.043068,1.0452176
2025-01-01 00:08:00,1.0430708,1.0452226
2025-01-01 00:09:00,1.0430737,1.0452276
2025-01-01 00:10:00,1.0430765,1.0452327
2025-01-01 00:11:00,1.0430795,1.0452377
2025-01-01 00:12:00,1.0430826,1.0452429
2025-01-01 00:13:00,1.0430857,1.045248
2025-01-01 00:14:00,1.0430888,1.0452533
2025-01-01 00:15:00,1.043092,1.0452586
2025-01-01 00:16:00,1.0430952,1.0452639
2025-01-01 00:17:00,1.0430986,1.0452694
2025-01-01 00:18:00,1.0431019,1.0452747
2025-01-01 00:19:00,1.0431054,1.0452803
2025-01-01 00:20:00,1.0431088,1.0452858
2025-01-01 00:21:00,1.0431123,1.0452914
2025-01-01 00:22:00,1.0431159,1.0452971
2025-01-01 00:23:00,1.0431195,1.0453029
2025-01-01 00:24:00,1.0431232,1.0453086
2025-01-01 00:25:00,1.043127,1.0453144
2025-01-01 00:26:00,1.0431308,1.0453203
2025-01-01 00:27:00,1.0431346,1.0453262
2025-01-01 00:28:00,1.0431385,1.0453322
2025-01-01 00:29:00,1.0431424,1.0453382
2025-01-01 00:30:00,1.0444872,1.046141
2025-01-01 00:31:00,1.0457784,1.0469121
2025-01-01 00:32:00,1.0470182,1.0476526
2025-01-01 00:33:00,1.0482086,1.0483637
2025-01-01 00:34:00,1.0493516,1.0490466
2025-01-01 00:35:00,1.0504493,1.0497026
2025-01-01 00:36:00,1.0515031,1.0503328
2025-01-01 00:37:00,1.052515,1.0509379
2025-01-01 00:38:00,1.0534867,1.051519
2025-01-01 00:39:00,1.0544198,1.0520774
2025-01-01 00:40:00,1.0553157,1.0526136
2025-01-01 00:41:00,1.0561761,1.0531287
2025-01-01 00:42:00,1.0570022,1.0536236
2025-01-01 00:43:00,1.0577956,1.054099
2025-01-01 00:44:00,1.0585575,1.0545557
2025-01-01 00:45:00,1.0592891,1.0549943
2025-01-01 00:46:00,1.0599917,1.0554157
2025-01-01 00:47:00,1.0606666,1.0558207
2025-01-01 00:48:00,1.0613145,1.0562098
2025-01-01 00:49:00,1.0619369,1.0565836
2025-01-01 00:50:00,1.0625345,1.0569428
2025-01-01 00:51:00,1.0631086,1.057288
2025-01-01 00:52:00,1.0636599,1.0576198
2025-01-01 00:53:00,1.0641894,1.0579386
2025-01-01 00:54:00,1.0646981,1.058245
2025-01-01 00:55:00,1.0651867,1.0585394
2025-01-01 00:56:00,1.065656,1.0588224
2025-01-01 00:57:00,1.0661068,1.0590944
2025-01-01 00:58:00,1.0665398,1.0593559
2025-01-01 00:59:00,1.0669558,1.0596073
2025-01-01 01:00:00,1.067931,1.0604166
2025-01-01 01:01:00,1.0688676,1.0611937
2025-01-01 01:02:00,1.069767,1.0619402
2025-01-01 01:03:00,1.0706308,1.0626572
2025-01-01 01:04:00,1.0714602,1.0633458
2025-01-01 01:05:00,1.0722568,1.0640074
2025-01-01 01:06:00,1.0730218,1.0646427
2025-01-01 01:07:00,1.0737565,1.065253
2025-01-01 01:08:00,1.0744619,1.0658392
2025-01-01 01:09:00,1.0751395,1.0664023
2025-01-01 01:10:00,1.0757904,1.0669433
2025-01-01 01:11:00,1.0764154,1.067463
2025-01-01 01:12:00,1.0770159,1.0679624
2025-01-01 01:13:00,1.0775925,1.0684421
2025-01-01 01:14:00,1.0781463,1.068903
2025-01-01 01:15:00,1.0786785,1.0693458
2025-01-01 01:16:00,1.0791895,1.0697714
2025-01-01 01:17:00,1.0796804,1.0701803
2025-01-01 01:18:00,1.080152,1.0705731
2025-01-01 01:19:00,1.080605,1.0709505
2025-01-01 01:20:00,1.0810403,1.0713134
2025-01-01 01:21:00,1.0814584,1.0716621
2025-01-01 01:22:00,1.0818602,1.0719972
2025-01-01 01:23:00,1.0822462,1.0723193
2025-01-01 01:24:00,1.082617,1.0726289
2025-01-01 01:25:00,1.0829735,1.0729265
2025-01-01 01:26:00,1.0833158,1.0732126
2025-01-01 01:27:00,1.0836449,1.0734876
2025-01-01 01:28:00,1.0839611,1.073752
2025-01-01 01:29:00,1.0842651,1.0740063
2025-01-01 01:30:00,1.0851641,1.0748513
2025-01-01 01:31:00,1.0860274,1.0756629
2025-01-01 01:32:00,1.0868566,1.0764424
2025-01-01 01:33:00,1.0876529,1.0771911
2025-01-01 01:34:00,1.0884178,1.0779103
2025-01-01 01:35:00,1.0891523,1.0786011
2025-01-01 01:36:00,1.0898578,1.0792646
2025-01-01 01:37:00,1.0905354,1.0799022
2025-01-01 01:38:00,1.0911863,1.0805146
2025-01-01 01:39:00,1.0918114,1.0811028
2025-01-01 01:40:00,1.092412,1.081668
2025-01-01 01:41:00,1.0929888,1.082211
2025-01-01 01:42:00,1.093543,1.0827327
2025-01-01 01:43:00,1.0940753,1.083234
2025-01-01 01:44:00,1.0945868,1.0837156
2025-01-01 01:45:00,1.0950781,1.0841783
2025-01-01 01:46:00,1.0955502,1.084623
2025-01-01 01:47:00,1.0960038,1.0850502
2025-01-01 01:48:00,1.0964394,1.0854608
2025-01-01 01:49:00,1.0968581,1.0858554
2025-01-01 01:50:00,1.0972604,1.0862347
2025-01-01 01:51:00,1.097647,1.0865991
2025-01-01 01:52:00,1.0980184,1.0869495
2025-01-01 01:53:00,1.0983754,1.0872862
2025-01-01 01:54:00,1.0987185,1.08761
2025-01-01 01:55:00,1.0990481,1.0879211
2025-01-01 01:56:00,1.099365,1.0882205
2025-01-01 01:57:00,1.0996696,1.0885081
2025-01-01 01:58:00,1.0999625,1.0887847
2025-01-01 01:59:00,1.1002439,1.0890507
2025-01-01 02:00:00,1.1011419,1.0899292
2025-01-01 02:01:00,1.1020043,1.0907731
2025-01-01 02:02:00,1.1028327,1.0915836
2025-01-01 02:03:00,1.1036284,1.0923622
2025-01-01 02:04:00,1.1043925,1.0931101
2025-01-01 02:05:00,1.1051265,1.0938286
2025-01-01 02:06:00,1.1058316,1.0945187
2025-01-01 02:07:00,1.1065089,1.0951817
2025-01-01 02:08:00,1.1071594,1.0958185
2025-01-01 02:09:00,1.1077842,1.0964304
2025-01-01 02:10:00,1.1083845,1.0970184
2025-01-01 02:11:00,1.1089611,1.0975832
2025-01-01 02:12:00,1.1095152,1.0981257
2025-01-01 02:13:00,1.1100475,1.0986471
2025-01-01 02:14:00,1.1105587,1.099148
2025-01-01 02:15:00,1.1110501,1.0996294
2025-01-01 02:16:00,1.1115221,1.1000919
2025-01-01 02:17:00,1.1119758,1.1005366
2025-01-01 02:18:00,1.1124116,1.1009637
2025-01-01 02:19:00,1.1128305,1.1013743
2025-01-01 02:20:00,1.1132331,1.1017689
2025-01-01 02:21:00,1.1136198,1.1021483
2025-01-01 02:22:00,1.1139916,1.102513
2025-01-01 02:23:00,1.1143489,1.1028634
2025-01-01 02:24:00,1.1146923,1.1032003
2025-01-01 02:25:00,1.1150224,1.1035243
2025-01-01 02:26:00,1.1153398,1.1038357
2025-01-01 02:27:00,1.1156448,1.1041353
2025-01-01 02:28:00,1.1159381,1.1044232
2025-01-01 02:29:00,1.11622,1.1047
2025-01-01 02:30:00,1.1171278,1.1056001
2025-01-01 02:31:00,1.1179996,1.1064649
2025-01-01 02:32:00,1.1188369,1.1072953
2025-01-01 02:33:00,1.1196411,1.108093
2025-01-01 02:34:00,1.1204137,1.1088592
2025-01-01 02:35:00,1.1211557,1.1095954
2025-01-01 02:36:00,1.1218686,1.1103026
2025-01-01 02:37:00,1.1225533,1.110982
2025-01-01 02:38:00,1.1232111,1.1116346
2025-01-01 02:39:00,1.1238431,1.1122617
2025-01-01 02:40:00,1.1244502,1.112864
2025-01-01 02:41:00,1.1250335,1.1134429
2025-01-01 02:42:00,1.1255938,1.113999
2025-01-01 02:43:00,1.1261322,1.1145334
2025-01-01 02:44:00,1.1266495,1.115047
2025-01-01 02:45:00,1.1271465,1.1155404
2025-01-01 02:46:00,1.1276242,1.1160146
2025-01-01 02:47:00,1.128083,1.1164703
2025-01-01 02:48:00,1.1285242,1.1169083
2025-01-01 02:49:00,1.128948,1.1173294
2025-01-01 02:50:00,1.1293553,1.1177338
2025-01-01 02:51:00,1.1297468,1.1181228
2025-01-01 02:52:00,1.130123,1.1184967
2025-01-01 02:53:00,1.1304848,1.1188562
2025-01-01 02:54:00,1.1308324,1.1192017
2025-01-01 02:55:00,1.1311668,1.1195339
2025-01-01 02:56:00,1.1314881,1.1198533
2025-01-01 02:57:00,1.1317971,1.1201603
2025-01-01 02:58:00,1.1320941,1.1204556
2025-01-01 02:59:00,1.1323798,1.1207397
2025-01-01 03:00:00,1.1332889,1.1216465
2025-01-01 03:01:00,1.1341621,1.1225176
2025-01-01 03:02:00,1.1350008,1.1233542
2025-01-01 03:03:00,1.1358066,1.1241579
2025-01-01 03:04:00,1.1365803,1.12493
2025-01-01 03:05:00,1.1373237,1.1256717
2025-01-01 03:06:00,1.1380378,1.1263843
2025-01-01 03:07:00,1.138724,1.1270688
2025-01-01 03:08:00,1.139383,1.1277263
2025-01-01 03:09:00,1.1400162,1.1283582
2025-01-01 03:10:00,1.1406245,1.1289653
2025-01-01 03:11:00,1.141209,1.1295485
2025-01-01 03:12:00,1.1417705,1.130109
2025-01-01 03:13:00,1.14231,1.1306475
2025-01-01 03:14:00,1.1428285,1.1311651
2025-01-01 03:15:00,1.1433268,1.1316625
2025-01-01 03:16:00,1.1438055,1.1321404
2025-01-01 03:17:00,1.1442657,1.1325997
2025-01-01 03:18:00,1.1447079,1.1330411
2025-01-01 03:19:00,1.1451328,1.1334655
2025-01-01 03:20:00,1.1455412,1.1338733
2025-01-01 03:21:00,1.1459337,1.1342654
2025-01-01 03:22:00,1.1463113,1.1346422
2025-01-01 03:23:00,1.146674,1.1350046
2025-01-01 03:24:00,1.1470227,1.135353
2025-01-01 03:25:00,1.1473581,1.135688
2025-01-01 03:26:00,1.1476804,1.1360099
2025-01-01 03:27:00,1.1479903,1.1363195
2025-01-01 03:28:00,1.1482885,1.1366174
2025-01-01 03:29:00,1.1485752,1.1369039
2025-01-01 03:30:00,1.1494716,1.1378015
2025-01-01 03:31:00,1.1503329,1.1386638
2025-01-01 03:32:00,1.1511601,1.139492
2025-01-01 03:33:00,1.1519548,1.1402876
2025-01-01 03:34:00,1.1527182,1.141052
2025-01-01 03:35:00,1.1534516,1.1417863
2025-01-01 03:36:00,1.1541561,1.1424918
2025-01-01 03:37:00,1.154833,1.1431694
2025-01-01 03:38:00,1.1554831,1.1438205
2025-01-01 03:39:00,1.1561079,1.1444463
2025-01-01 03:40:00,1.1567081,1.1450473
2025-01-01 03:41:00,1.1572849,1.1456249
2025-01-01 03:42:00,1.1578391,1.1461799
2025-01-01 03:43:00,1.1583714,1.1467131
2025-01-01 03:44:00,1.1588832,1.1472257
2025-01-01 03:45:00,1.159375,1.1477183
2025-01-01 03:46:00,1.1598475,1.1481917
2025-01-01 03:47:00,1.1603017,1.1486466
2025-01-01 03:48:00,1.1607382,1.1490839
2025-01-01 03:49:00,1.1611578,1.1495042
2025-01-01 03:50:00,1.1615611,1.1499082
2025-01-01 03:51:00,1.1619488,1.1502966
2025-01-01 03:52:00,1.1623214,1.1506698
2025-01-01 03:53:00,1.1626798,1.1510288
2025-01-01 03:54:00,1.1630242,1.1513739
2025-01-01 03:55:00,1.1633554,1.1517057
2025-01-01 03:56:00,1.1636738,1.1520249
2025-01-01 03:57:00,1.16398,1.1523317
2025-01-01 03:58:00,1.1642745,1.1526268
2025-01-01 03:59:00,1.1645577,1.1529106
2025-01-01 04:00:00,1.1654265,1.1537832
2025-01-01 04:01:00,1.1662612,1.1546212
2025-01-01 04:02:00,1.167063,1.1554264
2025-01-01 04:03:00,1.1678332,1.1561998
2025-01-01 04:04:00,1.168573,1.1569428
2025-01-01 04:05:00,1.1692839,1.1576567
2025-01-01 04:06:00,1.1699667,1.1583424
2025-01-01 04:07:00,1.1706228,1.1590014
2025-01-01 04:08:00,1.1712532,1.1596345
2025-01-01 04:09:00,1.1718589,1.1602428
2025-01-01 04:10:00,1.1724409,1.1608273
2025-01-01 04:11:00,1.1730001,1.1613889
2025-01-01 04:12:00,1.1735374,1.1619287
2025-01-01 04:13:00,1.1740538,1.1624472
2025-01-01 04:14:00,1.17455,1.1629456
2025-01-01 04:15:00,1.1750269,1.1634246
2025-01-01 04:16:00,1.1754853,1.1638851
2025-01-01 04:17:00,1.1759257,1.1643275
2025-01-01 04:18:00,1.1763493,1.1647528
2025-01-01 04:19:00,1.1767563,1.1651616
2025-01-01 04:20:00,1.1771475,1.1655546
2025-01-01 04:21:00,1.1775237,1.1659324
2025-01-01 04:22:00,1.1778853,1.1662956
2025-01-01 04:23:00,1.178233,1.1666449
2025-01-01 04:24:00,1.1785673,1.1669806
2025-01-01 04:25:00,1.1788887,1.1673036
2025-01-01 04:26:00,1.1791978,1.1676141
2025-01-01 04:27:00,1.179495,1.1679127
2025-01-01 04:28:00,1.179781,1.1681999
2025-01-01 04:29:00,1.1800559,1.168476
2025-01-01 04:30:00,1.1808817,1.169308
2025-01-01 04:31:00,1.181675,1.1701071
2025-01-01 04:32:00,1.1824371,1.1708748
2025-01-01 04:33:00,1.1831692,1.1716124
2025-01-01 04:34:00,1.1838726,1.172321
2025-01-01 04:35:00,1.1845484,1.1730018
2025-01-01 04:36:00,1.1851976,1.1736559
2025-01-01 04:37:00,1.1858214,1.1742843
2025-01-01 04:38:00,1.1864208,1.1748881
2025-01-01 04:39:00,1.1869968,1.1754683
2025-01-01 04:40:00,1.1875502,1.1760259
2025-01-01 04:41:00,1.1880821,1.1765616
2025-01-01 04:42:00,1.1885931,1.1770765
2025-01-01 04:43:00,1.1890843,1.1775712
2025-01-01 04:44:00,1.1895564,1.1780466
2025-01-01 04:45:00,1.19001,1.1785035
2025-01-01 04:46:00,1.190446,1.1789428
2025-01-01 04:47:00,1.1908652,1.179365
2025-01-01 04:48:00,1.1912681,1.1797708
2025-01-01 04:49:00,1.1916554,1.1801609
2025-01-01 04:50:00,1.1920278,1.1805359
2025-01-01 04:51:00,1.1923858,1.1808964
2025-01-01 04:52:00,1.19273,1.1812431
2025-01-01 04:53:00,1.1930609,1.1815764
2025-01-01 04:54:00,1.1933792,1.1818969
2025-01-01 04:55:00,1.1936852,1.1822051
2025-01-01 04:56:00,1.1939795,1.1825013
2025-01-01 04:57:00,1.1942626,1.1827863
2025-01-01 04:58:00,1.1945349,1.1830604
2025-01-01 04:59:00,1.1947969,1.1833242
2025-01-01 05:00:00,1.195565,1.1841007
2025-01-01 05:01:00,1.1963027,1.1848465
2025-01-01 05:02:00,1.1970115,1.1855631
2025-01-01 05:03:00,1.1976925,1.1862516
2025-01-01 05:04:00,1.1983469,1.186913
2025-01-01 05:05:00,1.1989754,1.1875484
2025-01-01 05:06:00,1.1995795,1.188159
2025-01-01 05:07:00,1.2001599,1.1887456
2025-01-01 05:08:00,1.2007176,1.1893094
2025-01-01 05:09:00,1.2012535,1.189851
2025-01-01 05:10:00,1.2017684,1.1903715
2025-01-01 05:11:00,1.2022634,1.1908717
2025-01-01 05:12:00,1.202739,1.1913525
2025-01-01 05:13:00,1.2031962,1.1918144
2025-01-01 05:14:00,1.2036356,1.1922585
2025-01-01 05:15:00,1.2040579,1.1926852
2025-01-01 05:16:00,1.204464,1.1930953
2025-01-01 05:17:00,1.2048542,1.1934897
2025-01-01 05:18:00,1.2052294,1.1938686
2025-01-01 05:19:00,1.2055901,1.194233
2025-01-01 05:20:00,1.2059369,1.1945833
2025-01-01 05:21:00,1.2062703,1.1949201
2025-01-01 05:22:00,1.206591,1.195244
2025-01-01 05:23:00,1.2068993,1.1955553
2025-01-01 05:24:00,1.2071958,1.1958548
2025-01-01 05:25:00,1.2074808,1.1961427
2025-01-01 05:26:00,1.2077551,1.1964197
2025-01-01 05:27:00,1.2080189,1.1966861
2025-01-01 05:28:00,1.2082727,1.1969423
2025-01-01 05:29:00,1.208517,1.1971887
2025-01-01 05:30:00,1.2092135,1.1978959
2025-01-01 05:31:00,1.2098827,1.1985751
2025-01-01 05:32:00,1.2105256,1.1992278
2025-01-01 05:33:00,1.2111435,1.1998549
2025-01-01 05:34:00,1.2117372,1.2004573
2025-01-01 05:35:00,1.2123075,1.2010361
2025-01-01 05:36:00,1.2128556,1.2015923
2025-01-01 05:37:00,1.2133822,1.2021269
2025-01-01 05:38:00,1.2138883,1.2026404
2025-01-01 05:39:00,1.2143748,1.203134
2025-01-01 05:40:00,1.2148422,1.2036082
2025-01-01 05:41:00,1.2152915,1.2040639
2025-01-01 05:42:00,1.2157233,1.204502
2025-01-01 05:43:00,1.2161382,1.204923
2025-01-01 05:44:00,1.2165372,1.2053276
2025-01-01 05:45:00,1.2169207,1.2057166
2025-01-01 05:46:00,1.2172894,1.2060905
2025-01-01 05:47:00,1.2176439,1.2064499
2025-01-01 05:48:00,1.2179847,1.2067953
2025-01-01 05:49:00,1.2183124,1.2071276
2025-01-01 05:50:00,1.2186275,1.2074469
2025-01-01 05:51:00,1.2189305,1.207754
2025-01-01 05:52:00,1.2192217,1.2080493
2025-01-01 05:53:00,1.219502,1.2083333
2025-01-01 05:54:00,1.2197715,1.2086065
2025-01-01 05:55:00,1.2200307,1.2088691
2025-01-01 05:56:00,1.2202802,1.2091216
2025-01-01 05:57:00,1.22052,1.2093647
2025-01-01 05:58:00,1.2207509,1.2095984
2025-01-01 05:59:00,1.220973,1.2098233
2025-01-01 06:00:00,1.2215858,1.2104484
2025-01-01 06:01:00,1.2221745,1.2110491
2025-01-01 06:02:00,1.2227402,1.2116262
2025-01-01 06:03:00,1.2232838,1.2121807
2025-01-01 06:04:00,1.223806,1.2127135
2025-01-01 06:05:00,1.224308,1.2132255
2025-01-01 06:06:00,1.2247905,1.2137175
2025-01-01 06:07:00,1.2252539,1.2141902
2025-01-01 06:08:00,1.2256995,1.2146444
2025-01-01 06:09:00,1.2261277,1.2150811
2025-01-01 06:10:00,1.2265393,1.2155006
2025-01-01 06:11:00,1.2269349,1.2159039
2025-01-01 06:12:00,1.2273152,1.2162914
2025-01-01 06:13:00,1.2276808,1.216664
2025-01-01 06:14:00,1.2280321,1.217022
2025-01-01 06:15:00,1.2283701,1.2173662
2025-01-01 06:16:00,1.2286949,1.2176971
2025-01-01 06:17:00,1.2290074,1.2180153
2025-01-01 06:18:00,1.2293077,1.2183212
2025-01-01 06:19:00,1.2295965,1.2186153
2025-01-01 06:20:00,1.2298743,1.218898
2025-01-01 06:21:00,1.2301414,1.2191701
2025-01-01 06:22:00,1.2303984,1.2194315
2025-01-01 06:23:00,1.2306455,1.2196829
2025-01-01 06:24:00,1.2308834,1.2199248
2025-01-01 06:25:00,1.231112,1.2201575
2025-01-01 06:26:00,1.2313321,1.2203813
2025-01-01 06:27:00,1.2315438,1.2205966
2025-01-01 06:28:00,1.2317475,1.2208036
2025-01-01 06:29:00,1.2319436,1.2210028
2025-01-01 06:30:00,1.2324615,1.221535
2025-01-01 06:31:00,1.2329593,1.2220464
2025-01-01 06:32:00,1.2334375,1.2225375
2025-01-01 06:33:00,1.2338971,1.2230096
2025-01-01 06:34:00,1.2343388,1.2234633
2025-01-01 06:35:00,1.2347633,1.2238991
2025-01-01 06:36:00,1.2351713,1.224318
2025-01-01 06:37:00,1.2355634,1.2247205
2025-01-01 06:38:00,1.2359405,1.2251074
2025-01-01 06:39:00,1.2363029,1.2254792
2025-01-01 06:40:00,1.2366512,1.2258366
2025-01-01 06:41:00,1.236986,1.2261802
2025-01-01 06:42:00,1.2373079,1.2265104
2025-01-01 06:43:00,1.2376175,1.2268277
2025-01-01 06:44:00,1.237915,1.2271329
2025-01-01 06:45:00,1.2382013,1.2274263
2025-01-01 06:46:00,1.2384765,1.2277082
2025-01-01 06:47:00,1.2387412,1.2279794
2025-01-01 06:48:00,1.2389958,1.2282401
2025-01-01 06:49:00,1.2392405,1.2284908
2025-01-01 06:50:00,1.239476,1.228732
2025-01-01 06:51:00,1.2397025,1.2289639
2025-01-01 06:52:00,1.2399204,1.2291869
2025-01-01 06:53:00,1.2401301,1.2294015
2025-01-01 06:54:00,1.2403318,1.2296077
2025-01-01 06:55:00,1.2405258,1.2298062
2025-01-01 06:56:00,1.2407128,1.2299972
2025-01-01 06:57:00,1.2408924,1.2301809
2025-01-01 06:58:00,1.2410655,1.2303575
2025-01-01 06:59:00,1.2412322,1.2305276
2025-01-01 07:00:00,1.241646,1.2309573
2025-01-01 07:01:00,1.2420439,1.2313701
2025-01-01 07:02:00,1.2424263,1.2317667
2025-01-01 07:03:00,1.2427938,1.2321479
2025-01-01 07:04:00,1.2431471,1.2325144
2025-01-01 07:05:00,1.2434868,1.2328664
2025-01-01 07:06:00,1.2438133,1.2332048
2025-01-01 07:07:00,1.2441272,1.2335302
2025-01-01 07:08:00,1.2444288,1.2338427
2025-01-01 07:09:00,1.2447189,1.2341433
2025-01-01 07:10:00,1.2449979,1.2344321
2025-01-01 07:11:00,1.245266,1.2347097
2025-01-01 07:12:00,1.2455239,1.2349768
2025-01-01 07:13:00,1.245772,1.2352334
2025-01-01 07:14:00,1.2460105,1.2354802
2025-01-01 07:15:00,1.24624,1.2357174
2025-01-01 07:16:00,1.2464606,1.2359456
2025-01-01 07:17:00,1.2466729,1.2361649
2025-01-01 07:18:00,1.2468771,1.2363759
2025-01-01 07:19:00,1.2470735,1.2365788
2025-01-01 07:20:00,1.2472626,1.236774
2025-01-01 07:21:00,1.2474444,1.2369616
2025-01-01 07:22:00,1.2476195,1.2371422
2025-01-01 07:23:00,1.247788,1.2373159
2025-01-01 07:24:00,1.24795,1.2374829
2025-01-01 07:25:00,1.2481061,1.2376437
2025-01-01 07:26:00,1.2482563,1.2377985
2025-01-01 07:27:00,1.2484009,1.2379473
2025-01-01 07:28:00,1.2485403,1.2380905
2025-01-01 07:29:00,1.2486744,1.2382284
2025-01-01 07:30:00,1.2489771,1.2385479
2025-01-01 07:31:00,1.2492678,1.2388549
2025-01-01 07:32:00,1.2495475,1.2391499
2025-01-01 07:33:00,1.2498164,1.2394335
2025-01-01 07:34:00,1.2500749,1.2397062
2025-01-01 07:35:00,1.2503234,1.2399682
2025-01-01 07:36:00,1.2505624,1.2402201
2025-01-01 07:37:00,1.2507924,1.2404622
2025-01-01 07:38:00,1.2510134,1.2406949
2025-01-01 07:39:00,1.251226,1.2409188
2025-01-01 07:40:00,1.2514305,1.2411339
2025-01-01 07:41:00,1.2516272,1.2413408
2025-01-01 07:42:00,1.2518165,1.2415397
2025-01-01 07:43:00,1.2519987,1.2417309
2025-01-01 07:44:00,1.2521738,1.2419149
2025-01-01 07:45:00,1.2523423,1.2420919
2025-01-01 07:46:00,1.2525046,1.2422621
2025-01-01 07:47:00,1.2526608,1.2424258
2025-01-01 07:48:00,1.252811,1.2425832
2025-01-01 07:49:00,1.2529556,1.2427346
2025-01-01 07:50:00,1.2530948,1.2428803
2025-01-01 07:51:00,1.2532288,1.2430207
2025-01-01 07:52:00,1.2533578,1.2431555
2025-01-01 07:53:00,1.2534821,1.2432853
2025-01-01 07:54:00,1.2536017,1.2434102
2025-01-01 07:55:00,1.253717,1.2435305
2025-01-01 07:56:00,1.2538279,1.2436461
2025-01-01 07:57:00,1.2539349,1.2437576
2025-01-01 07:58:00,1.2540379,1.2438649
2025-01-01 07:59:00,1.2541372,1.2439681
2025-01-01 08:00:00,1.2543229,1.2441716
2025-01-01 08:01:00,1.2545016,1.2443672
2025-01-01 08:02:00,1.2546736,1.2445552
2025-01-01 08:03:00,1.254839,1.2447362
2025-01-01 08:04:00,1.2549981,1.24491
2025-01-01 08:05:00,1.2551514,1.2450774
2025-01-01 08:06:00,1.2552986,1.2452382
2025-01-01 08:07:00,1.2554405,1.2453929
2025-01-01 08:08:00,1.255577,1.2455417
2025-01-01 08:09:00,1.2557082,1.2456849
2025-01-01 08:10:00,1.2558348,1.2458224
2025-01-01 08:11:00,1.2559565,1.245955
2025-01-01 08:12:00,1.2560738,1.2460823
2025-01-01 08:13:00,1.2561867,1.246205
2025-01-01 08:14:00,1.2562954,1.2463229
2025-01-01 08:15:00,1.2564002,1.2464362
2025-01-01 08:16:00,1.2565011,1.2465456
2025-01-01 08:17:00,1.2565982,1.2466507
2025-01-01 08:18:00,1.2566918,1.2467518
2025-01-01 08:19:00,1.2567819,1.2468492
2025-01-01 08:20:00,1.256869,1.2469429
2025-01-01 08:21:00,1.2569526,1.2470331
2025-01-01 08:22:00,1.2570335,1.24712
2025-01-01 08:23:00,1.2571113,1.2472036
2025-01-01 08:24:00,1.2571863,1.247284
2025-01-01 08:25:00,1.2572585,1.2473617
2025-01-01 08:26:00,1.2573283,1.2474363
2025-01-01 08:27:00,1.2573956,1.2475083
2025-01-01 08:28:00,1.2574605,1.2475777
2025-01-01 08:29:00,1.2575231,1.2476444
2025-01-01 08:30:00,1.2575889,1.2477283
2025-01-01 08:31:00,1.2576523,1.2478093
2025-01-01 08:32:00,1.2577134,1.247887
2025-01-01 08:33:00,1.2577724,1.247962
2025-01-01 08:34:00,1.2578294,1.2480341
2025-01-01 08:35:00,1.2578845,1.2481036
2025-01-01 08:36:00,1.2579377,1.2481705
2025-01-01 08:37:00,1.2579889,1.248235
2025-01-01 08:38:00,1.2580384,1.2482971
2025-01-01 08:39:00,1.2580862,1.2483569
2025-01-01 08:40:00,1.2581325,1.2484145
2025-01-01 08:41:00,1.2581772,1.2484702
2025-01-01 08:42:00,1.2582203,1.2485237
2025-01-01 08:43:00,1.258262,1.2485754
2025-01-01 08:44:00,1.2583023,1.2486252
2025-01-01 08:45:00,1.2583413,1.2486732
2025-01-01 08:46:00,1.2583791,1.2487195
2025-01-01 08:47:00,1.2584156,1.248764
2025-01-01 08:48:00,1.2584509,1.2488072
2025-01-01 08:49:00,1.2584851,1.2488486
2025-01-01 08:50:00,1.2585181,1.2488886
2025-01-01 08:51:00,1.2585502,1.2489272
2025-01-01 08:52:00,1.258581,1.2489644
2025-01-01 08:53:00,1.2586111,1.2490004
2025-01-01 08:54:00,1.25864,1.2490351
2025-01-01 08:55:00,1.2586683,1.2490686
2025-01-01 08:56:00,1.2586955,1.2491009
2025-01-01 08:57:00,1.2587221,1.249132
2025-01-01 08:58:00,1.2587477,1.2491622
2025-01-01 08:59:00,1.2587725,1.2491913
2025-01-01 09:00:00,1.2587171,1.2491542
2025-01-01 09:01:00,1.258664,1.2491188
2025-01-01 09:02:00,1.2586132,1.249085
2025-01-01 09:03:00,1.2585648,1.2490525
2025-01-01 09:04:00,1.2585186,1.2490218
2025-01-01 09:05:00,1.2584743,1.2489923
2025-01-01 09:06:00,1.2584321,1.2489642
2025-01-01 09:07:00,1.2583919,1.2489374
2025-01-01 09:08:00,1.2583535,1.2489117
2025-01-01 09:09:00,1.2583169,1.2488873
2025-01-01 09:10:00,1.258282,1.248864
2025-01-01 09:11:00,1.2582487,1.2488418
2025-01-01 09:12:00,1.2582169,1.2488205
2025-01-01 09:13:00,1.2581866,1.2488003
2025-01-01 09:14:00,1.2581578,1.2487811
2025-01-01 09:15:00,1.2581304,1.2487627
2025-01-01 09:16:00,1.2581043,1.2487452
2025-01-01 09:17:00,1.2580794,1.2487286
2025-01-01 09:18:00,1.2580558,1.2487128
2025-01-01 09:19:00,1.2580333,1.2486976
2025-01-01 09:20:00,1.2580119,1.2486832
2025-01-01 09:21:00,1.2579916,1.2486696
2025-01-01 09:22:00,1.2579722,1.2486566
2025-01-01 09:23:00,1.2579539,1.2486442
2025-01-01 09:24:00,1.2579366,1.2486324
2025-01-01 09:25:00,1.2579201,1.2486212
2025-01-01 09:26:00,1.2579044,1.2486106
2025-01-01 09:27:00,1.2578896,1.2486005
2025-01-01 09:28:00,1.2578757,1.248591
2025-01-01 09:29:00,1.2578623,1.2485819
2025-01-01 09:30:00,1.2576865,1.2484244
2025-01-01 09:31:00,1.2575179,1.2482734
2025-01-01 09:32:00,1.2573563,1.2481285
2025-01-01 09:33:00,1.2572012,1.2479895
2025-01-01 09:34:00,1.2570525,1.2478563
2025-01-01 09:35:00,1.2569101,1.2477283
2025-01-01 09:36:00,1.2567735,1.2476057
2025-01-01 09:37:00,1.2566425,1.2474879
2025-01-01 09:38:00,1.2565168,1.247375
2025-01-01 09:39:00,1.2563964,1.2472667
2025-01-01 09:40:00,1.256281,1.2471628
2025-01-01 09:41:00,1.2561704,1.2470633
2025-01-01 09:42:00,1.2560644,1.2469677
2025-01-01 09:43:00,1.2559627,1.2468759
2025-01-01 09:44:00,1.2558653,1.2467879
2025-01-01 09:45:00,1.255772,1.2467036
2025-01-01 09:46:00,1.2556826,1.2466227
2025-01-01 09:47:00,1.2555968,1.2465451
2025-01-01 09:48:00,1.2555146,1.2464706
2025-01-01 09:49:00,1.255436,1.2463992
2025-01-01 09:50:00,1.2553605,1.2463306
2025-01-01 09:51:00,1.2552882,1.2462649
2025-01-01 09:52:00,1.255219,1.2462019
2025-01-01 09:53:00,1.2551527,1.2461414
2025-01-01 09:54:00,1.2550892,1.2460834
2025-01-01 09:55:00,1.2550284,1.2460277
2025-01-01 09:56:00,1.2549701,1.2459744
2025-01-01 09:57:00,1.2549143,1.2459233
2025-01-01 09:58:00,1.2548609,1.2458742
2025-01-01 09:59:00,1.2548096,1.2458271
2025-01-01 10:00:00,1.2545166,1.2455522
2025-01-01 10:01:00,1.2542355,1.2452883
2025-01-01 10:02:00,1.2539659,1.2450348
2025-01-01 10:03:00,1.253707,1.2447916
2025-01-01 10:04:00,1.2534587,1.2445582
2025-01-01 10:05:00,1.2532206,1.2443341
2025-01-01 10:06:00,1.2529918,1.244119
2025-01-01 10:07:00,1.2527725,1.2439126
2025-01-01 10:08:00,1.2525619,1.2437145
2025-01-01 10:09:00,1.2523599,1.2435242
2025-01-01 10:10:00,1.252166,1.2433416
2025-01-01 10:11:00,1.2519802,1.2431662
2025-01-01 10:12:00,1.2518017,1.242998
2025-01-01 10:13:00,1.2516305,1.2428366
2025-01-01 10:14:00,1.2514663,1.2426814
2025-01-01 10:15:00,1.2513087,1.2425326
2025-01-01 10:16:00,1.2511574,1.2423897
2025-01-01 10:17:00,1.2510123,1.2422525
2025-01-01 10:18:00,1.2508731,1.2421207
2025-01-01 10:19:00,1.2507396,1.2419944
2025-01-01 10:20:00,1.2506114,1.2418729
2025-01-01 10:21:00,1.2504885,1.2417563
2025-01-01 10:22:00,1.2503706,1.2416444
2025-01-01 10:23:00,1.2502575,1.241537
2025-01-01 10:24:00,1.2501489,1.2414337
2025-01-01 10:25:00,1.2500448,1.2413347
2025-01-01 10:26:00,1.2499448,1.2412395
2025-01-01 10:27:00,1.249849,1.2411481
2025-01-01 10:28:00,1.249757,1.2410604
2025-01-01 10:29:00,1.2496688,1.2409761
2025-01-01 10:30:00,1.249264,1.2405884
2025-01-01 10:31:00,1.2488754,1.2402164
2025-01-01 10:32:00,1.2485025,1.2398591
2025-01-01 10:33:00,1.2481445,1.2395161
2025-01-01 10:34:00,1.2478008,1.2391868
2025-01-01 10:35:00,1.2474711,1.2388705
2025-01-01 10:36:00,1.2471545,1.238567
2025-01-01 10:37:00,1.2468505,1.2382753
2025-01-01 10:38:00,1.2465588,1.2379954
2025-01-01 10:39:00,1.2462788,1.2377266
2025-01-01 10:40:00,1.24601,1.2374685
2025-01-01 10:41:00,1.245752,1.2372206
2025-01-01 10:42:00,1.2455043,1.2369826
2025-01-01 10:43:00,1.2452666,1.2367541
2025-01-01 10:44:00,1.2450384,1.2365347
2025-01-01 10:45:00,1.2448193,1.236324
2025-01-01 10:46:00,1.2446091,1.2361215
2025-01-01 10:47:00,1.2444072,1.2359272
2025-01-01 10:48:00,1.2442135,1.2357405
2025-01-01 10:49:00,1.2440274,1.2355613
2025-01-01 10:50:00,1.2438489,1.2353891
2025-01-01 10:51:00,1.2436774,1.2352238
2025-01-01 10:52:00,1.243513,1.235065
2025-01-01 10:53:00,1.2433549,1.2349124
2025-01-01 10:54:00,1.2432034,1.2347658
2025-01-01 10:55:00,1.2430578,1.2346251
2025-01-01 10:56:00,1.242918,1.2344898
2025-01-01 10:57:00,1.2427839,1.23436
2025-01-01 10:58:00,1.242655,1.234235
2025-01-01 10:59:00,1.2425314,1.2341151
2025-01-01 11:00:00,1.242022,1.2336218
2025-01-01 11:01:00,1.2415329,1.2331481
2025-01-01 11:02:00,1.2410634,1.2326933
2025-01-01 11:03:00,1.2406126,1.2322565
2025-01-01 11:04:00,1.2401798,1.2318372
2025-01-01 11:05:00,1.2397642,1.2314343
2025-01-01 11:06:00,1.2393653,1.2310476
2025-01-01 11:07:00,1.2389823,1.2306763
2025-01-01 11:08:00,1.2386147,1.2303196
2025-01-01 11:09:00,1.2382617,1.229977
2025-01-01 11:10:00,1.2379227,1.2296481
2025-01-01 11:11:00,1.2375973,1.2293322
2025-01-01 11:12:00,1.2372848,1.2290288
2025-01-01 11:13:00,1.2369848,1.2287375
2025-01-01 11:14:00,1.2366967,1.2284576
2025-01-01 11:15:00,1.2364203,1.2281888
2025-01-01 11:16:00,1.2361547,1.2279305
2025-01-01 11:17:00,1.2358998,1.2276825
2025-01-01 11:18:00,1.235655,1.2274443
2025-01-01 11:19:00,1.2354198,1.2272153
2025-01-01 11:20:00,1.235194,1.2269955
2025-01-01 11:21:00,1.2349771,1.2267842
2025-01-01 11:22:00,1.234769,1.2265812
2025-01-01 11:23:00,1.2345691,1.2263863
2025-01-01 11:24:00,1.234377,1.2261989
2025-01-01 11:25:00,1.2341926,1.2260189
2025-01-01 11:26:00,1.2340156,1.225846
2025-01-01 11:27:00,1.2338456,1.2256799
2025-01-01 11:28:00,1.2336823,1.2255201
2025-01-01 11:29:00,1.2335253,1.2253666
2025-01-01 11:30:00,1.2329203,1.2247764
2025-01-01 11:31:00,1.2323394,1.2242097
2025-01-01 11:32:00,1.2317816,1.2236655
2025-01-01 11:33:00,1.2312461,1.2231427
2025-01-01 11:34:00,1.2307318,1.2226409
2025-01-01 11:35:00,1.2302382,1.2221588
2025-01-01 11:36:00,1.2297641,1.2216959
2025-01-01 11:37:00,1.229309,1.2212512
2025-01-01 11:38:00,1.2288718,1.2208242
2025-01-01 11:39:00,1.2284521,1.220414
2025-01-01 11:40:00,1.228049,1.2200202
2025-01-01 11:41:00,1.2276621,1.2196419
2025-01-01 11:42:00,1.2272904,1.2192785
2025-01-01 11:43:00,1.2269335,1.2189293
2025-01-01 11:44:00,1.2265906,1.218594
2025-01-01 11:45:00,1.2262615,1.2182719
2025-01-01 11:46:00,1.2259455,1.2179624
2025-01-01 11:47:00,1.2256418,1.2176652
2025-01-01 11:48:00,1.2253503,1.2173796
2025-01-01 11:49:00,1.2250702,1.2171053
2025-01-01 11:50:00,1.2248013,1.2168416
2025-01-01 11:51:00,1.224543,1.2165884
2025-01-01 11:52:00,1.2242948,1.216345
2025-01-01 11:53:00,1.2240565,1.2161111
2025-01-01 11:54:00,1.2238276,1.2158865
2025-01-01 11:55:00,1.2236077,1.2156705
2025-01-01 11:56:00,1.2233964,1.2154629
2025-01-01 11:57:00,1.2231934,1.2152636
2025-01-01 11:58:00,1.2229985,1.2150718
2025-01-01 11:59:00,1.2228111,1.2148876
2025-01-01 12:00:00,1.2221214,1.214211
2025-01-01 12:01:00,1.221459,1.2135613
2025-01-01 12:02:00,1.220823,1.2129374
2025-01-01 12:03:00,1.2202123,1.212338
2025-01-01 12:04:00,1.219626,1.2117624
2025-01-01 12:05:00,1.2190628,1.2112097
2025-01-01 12:06:00,1.218522,1.2106787
2025-01-01 12:07:00,1.2180027,1.2101687
2025-01-01 12:08:00,1.2175039,1.209679
2025-01-01 12:09:00,1.217025,1.2092085
2025-01-01 12:10:00,1.2165651,1.2087567
2025-01-01 12:11:00,1.2161233,1.2083225
2025-01-01 12:12:00,1.2156991,1.2079057
2025-01-01 12:13:00,1.2152916,1.2075051
2025-01-01 12:14:00,1.2149003,1.2071203
2025-01-01 12:15:00,1.2145244,1.2067508
2025-01-01 12:16:00,1.2141633,1.2063955
2025-01-01 12:17:00,1.2138165,1.2060543
2025-01-01 12:18:00,1.2134835,1.2057265
2025-01-01 12:19:00,1.2131635,1.2054116
2025-01-01 12:20:00,1.2128562,1.2051089
2025-01-01 12:21:00,1.2125609,1.204818
2025-01-01 12:22:00,1.2122772,1.2045386
2025-01-01 12:23:00,1.2120047,1.20427
2025-01-01 12:24:00,1.2117429,1.2040119
2025-01-01 12:25:00,1.2114913,1.2037638
2025-01-01 12:26:00,1.2112497,1.2035254
2025-01-01 12:27:00,1.2110175,1.2032963
2025-01-01 12:28:00,1.2107944,1.203076
2025-01-01 12:29:00,1.21058,1.2028642
2025-01-01 12:30:00,1.2098178,1.2021132
2025-01-01 12:31:00,1.2090858,1.2013919
2025-01-01 12:32:00,1.208383,1.2006993
2025-01-01 12:33:00,1.2077079,1.2000341
2025-01-01 12:34:00,1.2070596,1.1993953
2025-01-01 12:35:00,1.2064371,1.1987816
2025-01-01 12:36:00,1.2058393,1.1981922
2025-01-01 12:37:00,1.2052652,1.1976261
2025-01-01 12:38:00,1.2047137,1.1970823
2025-01-01 12:39:00,1.2041842,1.1965599
2025-01-01 12:40:00,1.2036755,1.1960582
2025-01-01 12:41:00,1.203187,1.1955762
2025-01-01 12:42:00,1.2027177,1.1951131
2025-01-01 12:43:00,1.2022669,1.1946682
2025-01-01 12:44:00,1.2018341,1.1942408
2025-01-01 12:45:00,1.2014183,1.1938301
2025-01-01 12:46:00,1.2010187,1.1934358
2025-01-01 12:47:00,1.2006351,1.1930567
2025-01-01 12:48:00,1.2002664,1.1926925
2025-01-01 12:49:00,1.1999123,1.1923425
2025-01-01 12:50:00,1.199572,1.1920062
2025-01-01 12:51:00,1.1992451,1.191683
2025-01-01 12:52:00,1.198931,1.1913725
2025-01-01 12:53:00,1.1986291,1.191074
2025-01-01 12:54:00,1.1983392,1.1907872
2025-01-01 12:55:00,1.1980606,1.1905113
2025-01-01 12:56:00,1.1977929,1.1902462
2025-01-01 12:57:00,1.1975356,1.1899915
2025-01-01 12:58:00,1.1972883,1.1897465
2025-01-01 12:59:00,1.1970506,1.1895111
2025-01-01 13:00:00,1.1962296,1.1886991
2025-01-01 13:01:00,1.195441,1.1879194
2025-01-01 13:02:00,1.1946837,1.1871704
2025-01-01 13:03:00,1.1939564,1.1864512
2025-01-01 13:04:00,1.1932579,1.1857603
2025-01-01 13:05:00,1.192587,1.1850967
2025-01-01 13:06:00,1.1919428,1.1844593
2025-01-01 13:07:00,1.1913241,1.1838471
2025-01-01 13:08:00,1.1907297,1.1832589
2025-01-01 13:09:00,1.190159,1.182694
2025-01-01 13:10:00,1.1896106,1.1821512
2025-01-01 13:11:00,1.1890838,1.1816298
2025-01-01 13:12:00,1.188578,1.1811289
2025-01-01 13:13:00,1.188092,1.1806477
2025-01-01 13:14:00,1.187625,1.1801853
2025-01-01 13:15:00,1.1871766,1.179741
2025-01-01 13:16:00,1.1867458,1.1793143
2025-01-01 13:17:00,1.1863319,1.178904
2025-01-01 13:18:00,1.1859342,1.17851
2025-01-01 13:19:00,1.1855521,1.1781312
2025-01-01 13:20:00,1.1851851,1.1777673
2025-01-01 13:21:00,1.1848323,1.1774174
2025-01-01 13:22:00,1.1844934,1.1770812
2025-01-01 13:23:00,1.1841677,1.1767582
2025-01-01 13:24:00,1.1838547,1.1764475
2025-01-01 13:25:00,1.1835539,1.176149
2025-01-01 13:26:00,1.1832649,1.1758621
2025-01-01 13:27:00,1.182987,1.1755861
2025-01-01 13:28:00,1.1827198,1.1753209
2025-01-01 13:29:00,1.1824632,1.1750659
2025-01-01 13:30:00,1.1815978,1.1742076
2025-01-01 13:31:00,1.1807667,1.1733832
2025-01-01 13:32:00,1.1799686,1.1725914
2025-01-01 13:33:00,1.1792021,1.171831
2025-01-01 13:34:00,1.1784658,1.1711006
2025-01-01 13:35:00,1.1777588,1.1703991
2025-01-01 13:36:00,1.1770797,1.169725
2025-01-01 13:37:00,1.1764274,1.1690775
2025-01-01 13:38:00,1.1758008,1.1684556
2025-01-01 13:39:00,1.1751989,1.1678581
2025-01-01 13:40:00,1.1746207,1.1672841
2025-01-01 13:41:00,1.1740654,1.1667327
2025-01-01 13:42:00,1.1735319,1.1662029
2025-01-01 13:43:00,1.1730193,1.1656939
2025-01-01 13:44:00,1.172527,1.1652048
2025-01-01 13:45:00,1.1720539,1.1647348
2025-01-01 13:46:00,1.1715994,1.1642833
2025-01-01 13:47:00,1.1711628,1.1638495
2025-01-01 13:48:00,1.1707432,1.1634325
2025-01-01 13:49:00,1.1703402,1.1630317
2025-01-01 13:50:00,1.1699528,1.1626467
2025-01-01 13:51:00,1.1695805,1.1622765
2025-01-01 13:52:00,1.1692227,1.1619208
2025-01-01 13:53:00,1.1688789,1.1615788
2025-01-01 13:54:00,1.1685486,1.16125
2025-01-01 13:55:00,1.168231,1.160934
2025-01-01 13:56:00,1.1679257,1.1606302
2025-01-01 13:57:00,1.1676322,1.1603382
2025-01-01 13:58:00,1.1673502,1.1600573
2025-01-01 13:59:00,1.167079,1.1597872
2025-01-01 14:00:00,1.1661849,1.1588978
2025-01-01 14:01:00,1.1653261,1.1580434
2025-01-01 14:02:00,1.1645012,1.1572229
2025-01-01 14:03:00,1.1637089,1.1564347
2025-01-01 14:04:00,1.1629481,1.1556776
2025-01-01 14:05:00,1.1622171,1.1549503
2025-01-01 14:06:00,1.1615151,1.1542516
2025-01-01 14:07:00,1.1608407,1.1535805
2025-01-01 14:08:00,1.1601931,1.1529357
2025-01-01 14:09:00,1.1595708,1.1523163
2025-01-01 14:10:00,1.1589731,1.1517214
2025-01-01 14:11:00,1.1583987,1.1511495
2025-01-01 14:12:00,1.157847,1.1506002
2025-01-01 14:13:00,1.157317,1.1500725
2025-01-01 14:14:00,1.1568079,1.1495653
2025-01-01 14:15:00,1.1563187,1.149078
2025-01-01 14:16:00,1.1558485,1.1486096
2025-01-01 14:17:00,1.1553968,1.1481597
2025-01-01 14:18:00,1.1549628,1.1477273
2025-01-01 14:19:00,1.1545457,1.1473116
2025-01-01 14:20:00,1.1541448,1.1469122
2025-01-01 14:21:00,1.1537596,1.1465282
2025-01-01 14:22:00,1.1533895,1.1461592
2025-01-01 14:23:00,1.1530336,1.1458044
2025-01-01 14:24:00,1.1526916,1.1454633
2025-01-01 14:25:00,1.152363,1.1451354
2025-01-01 14:26:00,1.1520469,1.1448202
2025-01-01 14:27:00,1.151743,1.1445172
2025-01-01 14:28:00,1.151451,1.1442257
2025-01-01 14:29:00,1.1511701,1.1439456
2025-01-01 14:30:00,1.1502632,1.1430408
2025-01-01 14:31:00,1.1493921,1.1421719
2025-01-01 14:32:00,1.1485555,1.1413372
2025-01-01 14:33:00,1.1477518,1.1405354
2025-01-01 14:34:00,1.1469799,1.1397653
2025-01-01 14:35:00,1.1462383,1.1390254
2025-01-01 14:36:00,1.145526,1.1383147
2025-01-01 14:37:00,1.1448418,1.1376319
2025-01-01 14:38:00,1.1441846,1.136976
2025-01-01 14:39:00,1.1435531,1.1363459
2025-01-01 14:40:00,1.1429465,1.1357404
2025-01-01 14:41:00,1.1423638,1.1351588
2025-01-01 14:42:00,1.1418039,1.1345997
2025-01-01 14:43:00,1.1412659,1.1340626
2025-01-01 14:44:00,1.140749,1.1335466
2025-01-01 14:45:00,1.1402524,1.1330507
2025-01-01 14:46:00,1.139775,1.1325741
2025-01-01 14:47:00,1.1393163,1.132116
2025-01-01 14:48:00,1.1388756,1.1316758
2025-01-01 14:49:00,1.138452,1.1312529
2025-01-01 14:50:00,1.138045,1.1308463
2025-01-01 14:51:00,1.1376538,1.1304554
2025-01-01 14:52:00,1.1372777,1.1300796
2025-01-01 14:53:00,1.1369164,1.1297185
2025-01-01 14:54:00,1.136569,1.1293713
2025-01-01 14:55:00,1.136235,1.1290375
2025-01-01 14:56:00,1.1359138,1.1287166
2025-01-01 14:57:00,1.1356051,1.1284078
2025-01-01 14:58:00,1.1353083,1.1281111
2025-01-01 14:59:00,1.1350229,1.1278256
2025-01-01 15:00:00,1.1341193,1.1269219
2025-01-01 15:01:00,1.1332514,1.1260538
2025-01-01 15:02:00,1.1324178,1.12522
2025-01-01 15:03:00,1.131617,1.1244189
2025-01-01 15:04:00,1.1308477,1.1236494
2025-01-01 15:05:00,1.1301088,1.1229101
2025-01-01 15:06:00,1.129399,1.1222
2025-01-01 15:07:00,1.1287172,1.1215178
2025-01-01 15:08:00,1.1280621,1.1208622
2025-01-01 15:09:00,1.1274328,1.1202326
2025-01-01 15:10:00,1.1268281,1.1196275
2025-01-01 15:11:00,1.1262472,1.1190461
2025-01-01 15:12:00,1.125689,1.1184875
2025-01-01 15:13:00,1.1251527,1.1179506
2025-01-01 15:14:00,1.1246372,1.1174346
2025-01-01 15:15:00,1.124142,1.116939
2025-01-01 15:16:00,1.1236662,1.1164626
2025-01-01 15:17:00,1.1232088,1.1160047
2025-01-01 15:18:00,1.1227692,1.1155647
2025-01-01 15:19:00,1.1223469,1.1151416
2025-01-01 15:20:00,1.1219409,1.114735
2025-01-01 15:21:00,1.1215506,1.1143441
2025-01-01 15:22:00,1.1211754,1.1139685
2025-01-01 15:23:00,1.1208149,1.1136073
2025-01-01 15:24:00,1.1204683,1.1132599
2025-01-01 15:25:00,1.120135,1.1129261
2025-01-01 15:26:00,1.1198145,1.1126052
2025-01-01 15:27:00,1.1195064,1.1122965
2025-01-01 15:28:00,1.1192101,1.1119996
2025-01-01 15:29:00,1.1189252,1.1117141
2025-01-01 15:30:00,1.1180412,1.1108273
2025-01-01 15:31:00,1.1171918,1.1099756
2025-01-01 15:32:00,1.116376,1.1091573
2025-01-01 15:33:00,1.1155924,1.1083711
2025-01-01 15:34:00,1.1148396,1.107616
2025-01-01 15:35:00,1.1141164,1.1068906
2025-01-01 15:36:00,1.1134217,1.1061934
2025-01-01 15:37:00,1.1127543,1.105524
2025-01-01 15:38:00,1.1121131,1.1048805
2025-01-01 15:39:00,1.111497,1.1042624
2025-01-01 15:40:00,1.1109052,1.1036685
2025-01-01 15:41:00,1.1103363,1.1030977
2025-01-01 15:42:00,1.1097898,1.1025493
2025-01-01 15:43:00,1.1092646,1.1020224
2025-01-01 15:44:00,1.10876,1.101516
2025-01-01 15:45:00,1.108275,1.1010293
2025-01-01 15:46:00,1.1078088,1.1005616
2025-01-01 15:47:00,1.107361,1.100112
2025-01-01 15:48:00,1.1069304,1.09968
2025-01-01 15:49:00,1.1065165,1.0992646
2025-01-01 15:50:00,1.1061187,1.0988653
2025-01-01 15:51:00,1.1057364,1.0984815
2025-01-01 15:52:00,1.1053689,1.0981126
2025-01-01 15:53:00,1.1050154,1.0977578
2025-01-01 15:54:00,1.1046757,1.0974168
2025-01-01 15:55:00,1.1043489,1.0970888
2025-01-01 15:56:00,1.1040348,1.0967735
2025-01-01 15:57:00,1.1037327,1.0964702
2025-01-01 15:58:00,1.1034422,1.0961785
2025-01-01 15:59:00,1.1031629,1.095898
2025-01-01 16:00:00,1.102314,1.0950441
2025-01-01 16:01:00,1.1014986,1.0942237
2025-01-01 16:02:00,1.1007153,1.0934358
2025-01-01 16:03:00,1.0999628,1.0926787
2025-01-01 16:04:00,1.09924,1.0919514
2025-01-01 16:05:00,1.0985453,1.0912527
2025-01-01 16:06:00,1.097878,1.0905814
2025-01-01 16:07:00,1.097237,1.0899364
2025-01-01 16:08:00,1.0966209,1.0893167
2025-01-01 16:09:00,1.096029,1.0887213
2025-01-01 16:10:00,1.0954604,1.0881491
2025-01-01 16:11:00,1.094914,1.0875993
2025-01-01 16:12:00,1.0943888,1.087071
2025-01-01 16:13:00,1.0938842,1.0865632
2025-01-01 16:14:00,1.0933993,1.0860753
2025-01-01 16:15:00,1.0929332,1.0856063
2025-01-01 16:16:00,1.0924852,1.0851556
2025-01-01 16:17:00,1.0920545,1.0847223
2025-01-01 16:18:00,1.0916407,1.0843059
2025-01-01 16:19:00,1.0912429,1.0839056
2025-01-01 16:20:00,1.0908604,1.0835209
2025-01-01 16:21:00,1.0904927,1.0831509
2025-01-01 16:22:00,1.0901393,1.0827951
2025-01-01 16:23:00,1.0897994,1.0824533
2025-01-01 16:24:00,1.0894727,1.0821244
2025-01-01 16:25:00,1.0891584,1.0818081
2025-01-01 16:26:00,1.0888562,1.081504
2025-01-01 16:27:00,1.0885655,1.0812116
2025-01-01 16:28:00,1.088286,1.0809304
2025-01-01 16:29:00,1.0880171,1.0806597
2025-01-01 16:30:00,1.0872186,1.0798538
2025-01-01 16:31:00,1.0864515,1.0790795
2025-01-01 16:32:00,1.0857146,1.0783356
2025-01-01 16:33:00,1.0850066,1.0776211
2025-01-01 16:34:00,1.0843264,1.0769346
2025-01-01 16:35:00,1.0836729,1.076275
2025-01-01 16:36:00,1.083045,1.0756413
2025-01-01 16:37:00,1.0824417,1.0750324
2025-01-01 16:38:00,1.0818619,1.0744473
2025-01-01 16:39:00,1.0813048,1.0738851
2025-01-01 16:40:00,1.0807694,1.0733448
2025-01-01 16:41:00,1.080255,1.0728257
2025-01-01 16:42:00,1.0797607,1.0723268
2025-01-01 16:43:00,1.0792855,1.0718474
2025-01-01 16:44:00,1.0788289,1.0713865
2025-01-01 16:45:00,1.07839,1.0709437
2025-01-01 16:46:00,1.0779681,1.070518
2025-01-01 16:47:00,1.0775626,1.0701088
2025-01-01 16:48:00,1.0771728,1.0697154
2025-01-01 16:49:00,1.076798,1.0693372
2025-01-01 16:50:00,1.0764377,1.0689737
2025-01-01 16:51:00,1.0760912,1.0686243
2025-01-01 16:52:00,1.0757581,1.0682882
2025-01-01 16:53:00,1.0754379,1.067965
2025-01-01 16:54:00,1.0751299,1.0676543
2025-01-01 16:55:00,1.0748338,1.0673555
2025-01-01 16:56:00,1.0745488,1.0670681
2025-01-01 16:57:00,1.0742749,1.0667918
2025-01-01 16:58:00,1.0740112,1.0665258
2025-01-01 16:59:00,1.0737575,1.06627
2025-01-01 17:00:00,1.0730237,1.0655265
2025-01-01 17:01:00,1.0723186,1.0648121
2025-01-01 17:02:00,1.0716411,1.0641259
2025-01-01 17:03:00,1.0709903,1.0634665
2025-01-01 17:04:00,1.070365,1.062833
2025-01-01 17:05:00,1.0697641,1.0622243
2025-01-01 17:06:00,1.0691868,1.0616394
2025-01-01 17:07:00,1.0686321,1.0610775
2025-01-01 17:08:00,1.0680989,1.0605375
2025-01-01 17:09:00,1.0675867,1.0600185
2025-01-01 17:10:00,1.0670943,1.0595199
2025-01-01 17:11:00,1.0666212,1.0590407
2025-01-01 17:12:00,1.0661664,1.05858
2025-01-01 17:13:00,1.0657293,1.0581375
2025-01-01 17:14:00,1.0653092,1.0577121
2025-01-01 17:15:00,1.0649053,1.0573032
2025-01-01 17:16:00,1.064517,1.05691
2025-01-01 17:17:00,1.0641438,1.0565323
2025-01-01 17:18:00,1.063785,1.0561689
2025-01-01 17:19:00,1.06344,1.0558197
2025-01-01 17:20:00,1.0631082,1.0554839
2025-01-01 17:21:00,1.0627892,1.0551611
2025-01-01 17:22:00,1.0624825,1.0548507
2025-01-01 17:23:00,1.0621874,1.0545522
2025-01-01 17:24:00,1.0619038,1.0542653
2025-01-01 17:25:00,1.061631,1.0539892
2025-01-01 17:26:00,1.0613685,1.0537236
2025-01-01 17:27:00,1.061116,1.0534682
2025-01-01 17:28:00,1.060873,1.0532225
2025-01-01 17:29:00,1.0606393,1.052986
2025-01-01 17:30:00,1.0599831,1.0523182
2025-01-01 17:31:00,1.0593526,1.0516766
2025-01-01 17:32:00,1.0587468,1.0510602
2025-01-01 17:33:00,1.0581647,1.0504678
2025-01-01 17:34:00,1.0576055,1.0498989
2025-01-01 17:35:00,1.0570681,1.0493519
2025-01-01 17:36:00,1.0565516,1.0488265
2025-01-01 17:37:00,1.0560553,1.0483216
2025-01-01 17:38:00,1.0555784,1.0478364
2025-01-01 17:39:00,1.05512,1.0473701
2025-01-01 17:40:00,1.0546794,1.046922
2025-01-01 17:41:00,1.054256,1.0464913
2025-01-01 17:42:00,1.053849,1.0460773
2025-01-01 17:43:00,1.0534577,1.0456793
2025-01-01 17:44:00,1.0530816,1.0452969
2025-01-01 17:45:00,1.05272,1.0449293
2025-01-01 17:46:00,1.0523723,1.0445757
2025-01-01 17:47:00,1.0520381,1.0442361
2025-01-01 17:48:00,1.0517167,1.0439093
2025-01-01 17:49:00,1.0514076,1.0435952
2025-01-01 17:50:00,1.0511104,1.0432931
2025-01-01 17:51:00,1.0508246,1.0430027
2025-01-01 17:52:00,1.0505497,1.0427234
2025-01-01 17:53:00,1.0502852,1.0424548
2025-01-01 17:54:00,1.050031,1.0421966
2025-01-01 17:55:00,1.0497862,1.0419481
2025-01-01 17:56:00,1.0495509,1.0417092
2025-01-01 17:57:00,1.0493244,1.0414792
2025-01-01 17:58:00,1.0491065,1.0412581
2025-01-01 17:59:00,1.0488967,1.0410453
2025-01-01 18:00:00,1.04833,1.040465
2025-01-01 18:01:00,1.0477854,1.0399075
2025-01-01 18:02:00,1.0472621,1.0393717
2025-01-01 18:03:00,1.0467592,1.038857
2025-01-01 18:04:00,1.046276,1.0383623
2025-01-01 18:05:00,1.0458115,1.037887
2025-01-01 18:06:00,1.0453652,1.0374302
2025-01-01 18:07:00,1.0449362,1.0369912
2025-01-01 18:08:00,1.0445238,1.0365695
2025-01-01 18:09:00,1.0441275,1.0361639
2025-01-01 18:10:00,1.0437465,1.0357742
2025-01-01 18:11:00,1.0433803,1.0353997
2025-01-01 18:12:00,1.0430282,1.0350397
2025-01-01 18:13:00,1.0426897,1.0346936
2025-01-01 18:14:00,1.0423641,1.0343608
2025-01-01 18:15:00,1.0420512,1.0340409
2025-01-01 18:16:00,1.0417502,1.0337334
2025-01-01 18:17:00,1.0414609,1.0334377
2025-01-01 18:18:00,1.0411826,1.0331534
2025-01-01 18:19:00,1.040915,1.0328801
2025-01-01 18:20:00,1.0406575,1.0326171
2025-01-01 18:21:00,1.0404099,1.0323642
2025-01-01 18:22:00,1.0401716,1.0321212
2025-01-01 18:23:00,1.0399424,1.0318873
2025-01-01 18:24:00,1.039722,1.0316622
2025-01-01 18:25:00,1.0395098,1.0314459
2025-01-01 18:26:00,1.0393056,1.0312376
2025-01-01 18:27:00,1.0391091,1.0310372
2025-01-01 18:28:00,1.03892,1.0308446
2025-01-01 18:29:00,1.0387381,1.0306591
2025-01-01 18:30:00,1.0382708,1.0301768
2025-01-01 18:31:00,1.0378218,1.0297134
2025-01-01 18:32:00,1.0373902,1.029268
2025-01-01 18:33:00,1.0369754,1.02884
2025-01-01 18:34:00,1.0365766,1.0284287
2025-01-01 18:35:00,1.0361935,1.0280334
2025-01-01 18:36:00,1.0358251,1.0276536
2025-01-01 18:37:00,1.0354711,1.0272884
2025-01-01 18:38:00,1.0351307,1.0269375
2025-01-01 18:39:00,1.0348034,1.0266001
2025-01-01 18:40:00,1.0344888,1.0262759
2025-01-01 18:41:00,1.0341862,1.0259641
2025-01-01 18:42:00,1.0338953,1.0256644
2025-01-01 18:43:00,1.0336156,1.0253763
2025-01-01 18:44:00,1.0333467,1.0250993
2025-01-01 18:45:00,1.033088,1.024833
2025-01-01 18:46:00,1.0328391,1.0245768
2025-01-01 18:47:00,1.0325997,1.0243306
2025-01-01 18:48:00,1.0323695,1.0240937
2025-01-01 18:49:00,1.032148,1.0238659
2025-01-01 18:50:00,1.031935,1.023647
2025-01-01 18:51:00,1.0317299,1.0234362
2025-01-01 18:52:00,1.0315326,1.0232334
2025-01-01 18:53:00,1.0313429,1.0230385
2025-01-01 18:54:00,1.0311602,1.022851
2025-01-01 18:55:00,1.0309844,1.0226705
2025-01-01 18:56:00,1.0308151,1.0224968
2025-01-01 18:57:00,1.0306522,1.0223297
2025-01-01 18:58:00,1.0304953,1.0221689
2025-01-01 18:59:00,1.0303441,1.022014
2025-01-01 19:00:00,1.0299847,1.0216382
2025-01-01 19:01:00,1.0296391,1.0212771
2025-01-01 19:02:00,1.029307,1.0209299
2025-01-01 19:03:00,1.0289876,1.0205963
2025-01-01 19:04:00,1.0286807,1.0202756
2025-01-01 19:05:00,1.0283855,1.0199674
2025-01-01 19:06:00,1.0281018,1.0196711
2025-01-01 19:07:00,1.0278289,1.0193863
2025-01-01 19:08:00,1.0275666,1.0191123
2025-01-01 19:09:00,1.0273142,1.0188491
2025-01-01 19:10:00,1.0270715,1.0185962
2025-01-01 19:11:00,1.0268381,1.0183527
2025-01-01 19:12:00,1.0266136,1.0181187
2025-01-01 19:13:00,1.0263976,1.0178937
2025-01-01 19:14:00,1.0261898,1.0176773
2025-01-01 19:15:00,1.02599,1.0174693
2025-01-01 19:16:00,1.0257976,1.0172691
2025-01-01 19:17:00,1.0256126,1.0170766
2025-01-01 19:18:00,1.0254345,1.0168915
2025-01-01 19:19:00,1.0252631,1.0167134
2025-01-01 19:20:00,1.0250982,1.016542
2025-01-01 19:21:00,1.0249394,1.0163771
2025-01-01 19:22:00,1.0247867,1.0162184
2025-01-01 19:23:00,1.0246396,1.0160657
2025-01-01 19:24:00,1.0244979,1.0159189
2025-01-01 19:25:00,1.0243615,1.0157775
2025-01-01 19:26:00,1.0242301,1.0156413
2025-01-01 19:27:00,1.0241036,1.0155104
2025-01-01 19:28:00,1.0239818,1.0153843
2025-01-01 19:29:00,1.0238644,1.0152628
2025-01-01 19:30:00,1.0236192,1.0150003
2025-01-01 19:31:00,1.0233834,1.0147479
2025-01-01 19:32:00,1.0231566,1.0145053
2025-01-01 19:33:00,1.0229385,1.0142719
2025-01-01 19:34:00,1.0227288,1.0140475
2025-01-01 19:35:00,1.022527,1.0138319
2025-01-01 19:36:00,1.0223328,1.0136245
2025-01-01 19:37:00,1.0221462,1.0134251
2025-01-01 19:38:00,1.0219666,1.0132333
2025-01-01 19:39:00,1.0217936,1.0130489
2025-01-01 19:40:00,1.0216273,1.0128715
2025-01-01 19:41:00,1.0214672,1.0127008
2025-01-01 19:42:00,1.0213131,1.0125366
2025-01-01 19:43:00,1.0211648,1.0123788
2025-01-01 19:44:00,1.0210221,1.012227
2025-01-01 19:45:00,1.0208846,1.0120809
2025-01-01 19:46:00,1.0207524,1.0119404
2025-01-01 19:47:00,1.020625,1.0118052
2025-01-01 19:48:00,1.0205023,1.0116749
2025-01-01 19:49:00,1.0203842,1.0115497
2025-01-01 19:50:00,1.0202703,1.0114291
2025-01-01 19:51:00,1.0201607,1.011313
2025-01-01 19:52:00,1.020055,1.0112011
2025-01-01 19:53:00,1.0199534,1.0110935
2025-01-01 19:54:00,1.0198553,1.0109899
2025-01-01 19:55:00,1.0197607,1.0108901
2025-01-01 19:56:00,1.0196697,1.0107942
2025-01-01 19:57:00,1.0195817,1.0107017
2025-01-01 19:58:00,1.019497,1.0106125
2025-01-01 19:59:00,1.0194155,1.0105267
2025-01-01 20:00:00,1.0192889,1.0103819
2025-01-01 20:01:00,1.019167,1.0102428
2025-01-01 20:02:00,1.0190496,1.0101088
2025-01-01 20:03:00,1.0189366,1.00998
2025-01-01 20:04:00,1.0188277,1.009856
2025-01-01 20:05:00,1.0187229,1.0097367
2025-01-01 20:06:00,1.0186219,1.0096219
2025-01-01 20:07:00,1.0185245,1.0095114
2025-01-01 20:08:00,1.0184308,1.009405
2025-01-01 20:09:00,1.0183403,1.0093026
2025-01-01 20:10:00,1.0182532,1.0092041
2025-01-01 20:11:00,1.0181693,1.0091093
2025-01-01 20:12:00,1.0180882,1.009018
2025-01-01 20:13:00,1.0180101,1.00893
2025-01-01 20:14:00,1.0179348,1.0088452
2025-01-01 20:15:00,1.0178623,1.0087637
2025-01-01 20:16:00,1.0177923,1.0086851
2025-01-01 20:17:00,1.0177248,1.0086095
2025-01-01 20:18:00,1.0176597,1.0085366
2025-01-01 20:19:00,1.0175967,1.0084662
2025-01-01 20:20:00,1.017536,1.0083985
2025-01-01 20:21:00,1.0174774,1.0083333
2025-01-01 20:22:00,1.0174209,1.0082705
2025-01-01 20:23:00,1.0173662,1.00821
2025-01-01 20:24:00,1.0173134,1.0081515
2025-01-01 20:25:00,1.0172625,1.0080953
2025-01-01 20:26:00,1.0172131,1.0080409
2025-01-01 20:27:00,1.0171655,1.0079885
2025-01-01 20:28:00,1.0171195,1.0079379
2025-01-01 20:29:00,1.0170751,1.0078893
2025-01-01 20:30:00,1.0170693,1.007865
2025-01-01 20:31:00,1.0170635,1.0078415
2025-01-01 20:32:00,1.0170578,1.0078187
2025-01-01 20:33:00,1.0170519,1.0077966
2025-01-01 20:34:00,1.017046,1.0077752
2025-01-01 20:35:00,1.0170399,1.0077544
2025-01-01 20:36:00,1.0170339,1.0077343
2025-01-01 20:37:00,1.0170277,1.0077147
2025-01-01 20:38:00,1.0170215,1.0076957
2025-01-01 20:39:00,1.0170153,1.0076772
2025-01-01 20:40:00,1.017009,1.0076593
2025-01-01 20:41:00,1.0170027,1.007642
2025-01-01 20:42:00,1.0169964,1.007625
2025-01-01 20:43:00,1.0169901,1.0076087
2025-01-01 20:44:00,1.0169836,1.0075926
2025-01-01 20:45:00,1.0169772,1.007577
2025-01-01 20:46:00,1.0169708,1.0075619
2025-01-01 20:47:00,1.0169643,1.0075471
2025-01-01 20:48:00,1.0169578,1.0075328
2025-01-01 20:49:00,1.0169513,1.0075188
2025-01-01 20:50:00,1.0169449,1.0075053
2025-01-01 20:51:00,1.0169383,1.0074921
2025-01-01 20:52:00,1.0169318,1.0074792
2025-01-01 20:53:00,1.0169253,1.0074666
2025-01-01 20:54:00,1.0169188,1.0074544
2025-01-01 20:55:00,1.0169123,1.0074425
2025-01-01 20:56:00,1.0169058,1.0074309
2025-01-01 20:57:00,1.0168992,1.0074196
2025-01-01 20:58:00,1.0168927,1.0074086
2025-01-01 20:59:00,1.0168862,1.0073979
2025-01-01 21:00:00,1.0170016,1.0074946
2025-01-01 21:01:00,1.0171119,1.0075872
2025-01-01 21:02:00,1.0172176,1.007676
2025-01-01 21:03:00,1.0173188,1.0077611
2025-01-01 21:04:00,1.0174159,1.0078427
2025-01-01 21:05:00,1.0175087,1.0079209
2025-01-01 21:06:00,1.0175977,1.0079957
2025-01-01 21:07:00,1.0176828,1.0080675
2025-01-01 21:08:00,1.0177642,1.0081362
2025-01-01 21:09:00,1.0178422,1.0082018
2025-01-01 21:10:00,1.0179168,1.0082649
2025-01-01 21:11:00,1.0179882,1.0083252
2025-01-01 21:12:00,1.0180565,1.008383
2025-01-01 21:13:00,1.0181218,1.0084383
2025-01-01 21:14:00,1.0181844,1.0084914
2025-01-01 21:15:00,1.0182443,1.0085421
2025-01-01 21:16:00,1.0183015,1.0085906
2025-01-01 21:17:00,1.0183562,1.0086371
2025-01-01 21:18:00,1.0184085,1.0086817
2025-01-01 21:19:00,1.0184586,1.0087242
2025-01-01 21:20:00,1.0185064,1.008765
2025-01-01 21:21:00,1.0185521,1.008804
2025-01-01 21:22:00,1.0185957,1.0088413
2025-01-01 21:23:00,1.0186373,1.008877
2025-01-01 21:24:00,1.0186771,1.0089113
2025-01-01 21:25:00,1.0187153,1.008944
2025-01-01 21:26:00,1.0187516,1.0089753
2025-01-01 21:27:00,1.0187863,1.0090052
2025-01-01 21:28:00,1.0188195,1.0090338
2025-01-01 21:29:00,1.018851,1.0090612
2025-01-01 21:30:00,1.0190852,1.0092771
2025-01-01 21:31:00,1.0193099,1.0094842
2025-01-01 21:32:00,1.0195253,1.009683
2025-01-01 21:33:00,1.0197319,1.0098737
2025-01-01 21:34:00,1.01993,1.0100567
2025-01-01 21:35:00,1.0201201,1.0102323
2025-01-01 21:36:00,1.0203024,1.0104009
2025-01-01 21:37:00,1.0204773,1.0105625
2025-01-01 21:38:00,1.020645,1.0107177
2025-01-01 21:39:00,1.0208057,1.0108665
2025-01-01 21:40:00,1.02096,1.0110092
2025-01-01 21:41:00,1.0211078,1.0111462
2025-01-01 21:42:00,1.0212497,1.0112777
2025-01-01 21:43:00,1.0213856,1.0114038
2025-01-01 21:44:00,1.021516,1.0115248
2025-01-01 21:45:00,1.021641,1.0116409
2025-01-01 21:46:00,1.021761,1.0117522
2025-01-01 21:47:00,1.0218759,1.0118592
2025-01-01 21:48:00,1.021986,1.0119617
2025-01-01 21:49:00,1.0220916,1.0120602
2025-01-01 21:50:00,1.0221928,1.0121546
2025-01-01 21:51:00,1.0222899,1.0122452
2025-01-01 21:52:00,1.0223829,1.0123321
2025-01-01 21:53:00,1.022472,1.0124155
2025-01-01 21:54:00,1.0225575,1.0124955
2025-01-01 21:55:00,1.0226395,1.0125722
2025-01-01 21:56:00,1.0227181,1.0126458
2025-01-01 21:57:00,1.0227933,1.0127165
2025-01-01 21:58:00,1.0228654,1.0127844
2025-01-01 21:59:00,1.0229346,1.0128493
2025-01-01 22:00:00,1.0232835,1.0131805
2025-01-01 22:01:00,1.0236182,1.0134984
2025-01-01 22:02:00,1.0239395,1.0138035
2025-01-01 22:03:00,1.0242478,1.0140965
2025-01-01 22:04:00,1.0245436,1.0143777
2025-01-01 22:05:00,1.0248276,1.0146476
2025-01-01 22:06:00,1.0251,1.0149068
2025-01-01 22:07:00,1.0253614,1.0151554
2025-01-01 22:08:00,1.0256124,1.0153942
2025-01-01 22:09:00,1.0258532,1.0156233
2025-01-01 22:10:00,1.0260842,1.0158434
2025-01-01 22:11:00,1.0263059,1.0160546
2025-01-01 22:12:00,1.0265186,1.0162573
2025-01-01 22:13:00,1.0267228,1.0164521
2025-01-01 22:14:00,1.0269186,1.0166389
2025-01-01 22:15:00,1.0271066,1.0168183
2025-01-01 22:16:00,1.027287,1.0169905
2025-01-01 22:17:00,1.0274601,1.0171559
2025-01-01 22:18:00,1.0276262,1.0173146
2025-01-01 22:19:00,1.0277855,1.0174669
2025-01-01 22:20:00,1.0279384,1.0176133
2025-01-01 22:21:00,1.028085,1.0177538
2025-01-01 22:22:00,1.0282258,1.0178887
2025-01-01 22:23:00,1.0283608,1.0180181
2025-01-01 22:24:00,1.0284904,1.0181425
2025-01-01 22:25:00,1.0286148,1.0182619
2025-01-01 22:26:00,1.0287341,1.0183766
2025-01-01 22:27:00,1.0288485,1.0184867
2025-01-01 22:28:00,1.0289584,1.0185925
2025-01-01 22:29:00,1.0290638,1.018694
2025-01-01 22:30:00,1.0295212,1.0191346
2025-01-01 22:31:00,1.0299603,1.0195577
2025-01-01 22:32:00,1.0303817,1.0199639
2025-01-01 22:33:00,1.0307862,1.0203539
2025-01-01 22:34:00,1.0311744,1.0207283
2025-01-01 22:35:00,1.0315472,1.0210878
2025-01-01 22:36:00,1.0319049,1.021433
2025-01-01 22:37:00,1.0322484,1.0217644
2025-01-01 22:38:00,1.0325781,1.0220826
2025-01-01 22:39:00,1.0328945,1.0223882
2025-01-01 22:40:00,1.0331982,1.0226816
2025-01-01 22:41:00,1.0334898,1.0229634
2025-01-01 22:42:00,1.0337696,1.0232339
2025-01-01 22:43:00,1.0340383,1.0234935
2025-01-01 22:44:00,1.0342963,1.0237429
2025-01-01 22:45:00,1.0345438,1.0239825
2025-01-01 22:46:00,1.0347815,1.0242125
2025-01-01 22:47:00,1.0350095,1.0244335
2025-01-01 22:48:00,1.0352286,1.0246457
2025-01-01 22:49:00,1.0354388,1.0248494
2025-01-01 22:50:00,1.0356407,1.025045
2025-01-01 22:51:00,1.0358343,1.0252329
2025-01-01 22:52:00,1.0360204,1.0254134
2025-01-01 22:53:00,1.0361989,1.0255868
2025-01-01 22:54:00,1.0363703,1.0257533
2025-01-01 22:55:00,1.0365349,1.0259134
2025-01-01 22:56:00,1.0366929,1.0260669
2025-01-01 22:57:00,1.0368446,1.0262146
2025-01-01 22:58:00,1.0369902,1.0263563
2025-01-01 22:59:00,1.0371299,1.0264926
2025-01-01 23:00:00,1.0376875,1.0270348
2025-01-01 23:01:00,1.038223,1.0275553
2025-01-01 23:02:00,1.0387369,1.0280553
2025-01-01 23:03:00,1.0392305,1.0285352
2025-01-01 23:04:00,1.0397042,1.0289962
2025-01-01 23:05:00,1.040159,1.0294389
2025-01-01 23:06:00,1.0405957,1.0298638
2025-01-01 23:07:00,1.0410148,1.030272
2025-01-01 23:08:00,1.0414174,1.030664
2025-01-01 23:09:00,1.0418038,1.0310403
2025-01-01 23:10:00,1.0421748,1.0314018
2025-01-01 23:11:00,1.0425311,1.0317489
2025-01-01 23:12:00,1.042873,1.0320822
2025-01-01 23:13:00,1.0432014,1.0324024
2025-01-01 23:14:00,1.0435166,1.0327098
2025-01-01 23:15:00,1.0438194,1.0330052
2025-01-01 23:16:00,1.0441101,1.033289
2025-01-01 23:17:00,1.0443891,1.0335613
2025-01-01 23:18:00,1.0446572,1.0338231
2025-01-01 23:19:00,1.0449146,1.0340744
2025-01-01 23:20:00,1.0451617,1.034316
2025-01-01 23:21:00,1.045399,1.0345479
2025-01-01 23:22:00,1.0456268,1.0347707
2025-01-01 23:23:00,1.0458456,1.0349848
2025-01-01 23:24:00,1.0460558,1.0351905
2025-01-01 23:25:00,1.0462576,1.035388
2025-01-01 23:26:00,1.0464513,1.0355779
2025-01-01 23:27:00,1.0466375,1.0357604
2025-01-01 23:28:00,1.0468163,1.0359358
2025-01-01 23:29:00,1.046988,1.0361042
2025-01-01 23:30:00,1.047636,1.0367383
2025-01-01 23:31:00,1.0482583,1.0373471
2025-01-01 23:32:00,1.0488557,1.0379318
2025-01-01 23:33:00,1.0494293,1.0384933
2025-01-01 23:34:00,1.04998,1.0390325
2025-01-01 23:35:00,1.0505089,1.0395502
2025-01-01 23:36:00,1.0510166,1.0400475
2025-01-01 23:37:00,1.0515041,1.0405251
2025-01-01 23:38:00,1.0519723,1.0409838
2025-01-01 23:39:00,1.0524218,1.0414243
2025-01-01 23:40:00,1.0528535,1.0418472
2025-01-01 23:41:00,1.0532681,1.0422536
2025-01-01 23:42:00,1.0536661,1.042644
2025-01-01 23:43:00,1.0540484,1.0430189
2025-01-01 23:44:00,1.0544155,1.043379
2025-01-01 23:45:00,1.0547678,1.0437249
2025-01-01 23:46:00,1.0551064,1.0440571
2025-01-01 23:47:00,1.0554316,1.0443764
2025-01-01 23:48:00,1.0557438,1.044683
2025-01-01 23:49:00,1.0560436,1.0449775
2025-01-01 23:50:00,1.0563316,1.0452605
2025-01-01 23:51:00,1.0566083,1.0455325
2025-01-01 23:52:00,1.056874,1.0457937
2025-01-01 23:53:00,1.0571291,1.0460446
2025-01-01 23:54:00,1.0573742,1.0462857
2025-01-01 23:55:00,1.0576097,1.0465176
2025-01-01 23:56:00,1.0578359,1.0467403
2025-01-01 23:57:00,1.0580531,1.0469544
2025-01-01 23:58:00,1.0582619,1.0471601
2025-01-01 23:59:00,1.0584624,1.0473578
