TIME,C_001_v000,C_001_v001,C_001_v002
2025-01-01 00:01:00,1.0086448,1.3259625,1.5813886
2025-01-01 00:02:00,1.0089006,1.326057,1.5811487
2025-01-01 00:03:00,1.0091549,1.3261486,1.5809059
2025-01-01 00:04:00,1.0094078,1.3262377,1.5806603
2025-01-01 00:05:00,1.0096593,1.326324,1.580412
2025-01-01 00:06:00,1.0099094,1.3264076,1.5801609
2025-01-01 00:07:00,1.0101581,1.3264886,1.5799071
2025-01-01 00:08:00,1.0104054,1.3265669,1.5796506
2025-01-01 00:09:00,1.0106515,1.3266428,1.5793915
2025-01-01 00:10:00,1.0108962,1.3267161,1.5791298
2025-01-01 00:11:00,1.0111398,1.3267869,1.5788655
2025-01-01 00:12:00,1.011382,1.3268551,1.5785987
2025-01-01 00:13:00,1.0116231,1.3269209,1.5783294
2025-01-01 00:14:00,1.011863,1.3269843,1.5780576
2025-01-01 00:15:00,1.0121017,1.3270452,1.5777835
2025-01-01 00:16:00,1.0123392,1.3271039,1.5775069
2025-01-01 00:17:00,1.0125757,1.3271601,1.5772281
2025-01-01 00:18:00,1.0128112,1.327214,1.5769469
2025-01-01 00:19:00,1.0130455,1.3272657,1.5766634
2025-01-01 00:20:00,1.0132788,1.3273151,1.5763776
2025-01-01 00:21:00,1.0135112,1.3273623,1.5760896
2025-01-01 00:22:00,1.0137426,1.3274072,1.5757996
2025-01-01 00:23:00,1.0139731,1.3274503,1.5755074
2025-01-01 00:24:00,1.0142026,1.327491,1.5752131
2025-01-01 00:25:00,1.0144312,1.3275297,1.5749167
2025-01-01 00:26:00,1.0146589,1.3275661,1.5746183
2025-01-01 00:27:00,1.0148859,1.3276007,1.574318
2025-01-01 00:28:00,1.015112,1.3276333,1.5740157
2025-01-01 00:29:00,1.0153375,1.3276639,1.5737116
2025-01-01 00:30:00,1.015562,1.3276925,1.5734055
2025-01-01 00:31:00,1.0157859,1.3277193,1.5730977
2025-01-01 00:32:00,1.0160092,1.3277441,1.5727881
2025-01-01 00:33:00,1.0162318,1.3277673,1.5724767
2025-01-01 00:34:00,1.0164537,1.3277885,1.5721636
2025-01-01 00:35:00,1.016675,1.3278079,1.5718489
2025-01-01 00:36:00,1.0168958,1.3278257,1.5715325
2025-01-01 00:37:00,1.0171161,1.3278418,1.5712146
2025-01-01 00:38:00,1.0173358,1.3278561,1.5708951
2025-01-01 00:39:00,1.017555,1.3278688,1.5705742
2025-01-01 00:40:00,1.0177739,1.3278799,1.5702517
2025-01-01 00:41:00,1.0179923,1.3278894,1.5699278
2025-01-01 00:42:00,1.0182102,1.3278975,1.5696025
2025-01-01 00:43:00,1.0184278,1.327904,1.569276
2025-01-01 00:44:00,1.018645,1.3279091,1.568948
2025-01-01 00:45:00,1.018862,1.3279127,1.5686189
2025-01-01 00:46:00,1.0190787,1.3279148,1.5682884
2025-01-01 00:47:00,1.0192952,1.3279157,1.5679568
2025-01-01 00:48:00,1.0195115,1.3279152,1.5676241
2025-01-01 00:49:00,1.0197275,1.3279134,1.5672903
2025-01-01 00:50:00,1.0199434,1.3279103,1.5669553
2025-01-01 00:51:00,1.0201591,1.327906,1.5666194
2025-01-01 00:52:00,1.0203748,1.3279005,1.5662825
2025-01-01 00:53:00,1.0205904,1.3278939,1.5659447
2025-01-01 00:54:00,1.020806,1.3278861,1.5656059
2025-01-01 00:55:00,1.0210215,1.3278772,1.5652663
2025-01-01 00:56:00,1.021237,1.3278672,1.5649258
2025-01-01 00:57:00,1.0214527,1.3278562,1.5645846
2025-01-01 00:58:00,1.0216683,1.3278441,1.5642426
2025-01-01 00:59:00,1.0218841,1.3278311,1.5638999
2025-01-01 01:00:00,1.0221001,1.3278173,1.5635564
2025-01-01 01:01:00,1.0223162,1.3278024,1.5632125
2025-01-01 01:02:00,1.0225325,1.3277868,1.5628679
2025-01-01 01:03:00,1.022749,1.3277704,1.5625228
2025-01-01 01:04:00,1.0229657,1.327753,1.5621772
2025-01-01 01:05:00,1.0231827,1.327735,1.561831
2025-01-01 01:06:00,1.0234001,1.3277161,1.5614845
2025-01-01 01:07:00,1.0236179,1.3276967,1.5611377
2025-01-01 01:08:00,1.0238359,1.3276765,1.5607904
2025-01-01 01:09:00,1.0240543,1.3276557,1.5604428
2025-01-01 01:10:00,1.0242732,1.3276343,1.560095
2025-01-01 01:11:00,1.0244925,1.3276123,1.5597467
2025-01-01 01:12:00,1.0247122,1.3275898,1.5593985
2025-01-01 01:13:00,1.0249325,1.3275667,1.55905
2025-01-01 01:14:00,1.0251533,1.3275433,1.5587014
2025-01-01 01:15:00,1.0253747,1.3275192,1.5583527
2025-01-01 01:16:00,1.0255966,1.3274949,1.558004
2025-01-01 01:17:00,1.0258192,1.3274701,1.5576553
2025-01-01 01:18:00,1.0260423,1.327445,1.5573065
2025-01-01 01:19:00,1.0262662,1.3274196,1.556958
2025-01-01 01:20:00,1.0264908,1.3273939,1.5566094
2025-01-01 01:21:00,1.026716,1.3273679,1.556261
2025-01-01 01:22:00,1.026942,1.3273417,1.5559127
2025-01-01 01:23:00,1.0271688,1.3273153,1.5555648
2025-01-01 01:24:00,1.0273963,1.3272887,1.555217
2025-01-01 01:25:00,1.0276247,1.327262,1.5548695
2025-01-01 01:26:00,1.027854,1.3272353,1.5545224
2025-01-01 01:27:00,1.028084,1.3272084,1.5541756
2025-01-01 01:28:00,1.028315,1.3271816,1.5538292
2025-01-01 01:29:00,1.0285469,1.3271546,1.5534832
2025-01-01 01:30:00,1.0287797,1.3271277,1.5531378
2025-01-01 01:31:00,1.0290135,1.3271008,1.5527928
2025-01-01 01:32:00,1.0292482,1.3270739,1.5524483
2025-01-01 01:33:00,1.029484,1.3270472,1.5521044
2025-01-01 01:34:00,1.0297209,1.3270206,1.551761
2025-01-01 01:35:00,1.0299587,1.3269943,1.5514184
2025-01-01 01:36:00,1.0301977,1.326968,1.5510764
2025-01-01 01:37:00,1.0304378,1.326942,1.5507351
2025-01-01 01:38:00,1.030679,1.3269161,1.5503945
2025-01-01 01:39:00,1.0309213,1.3268906,1.5500548
2025-01-01 01:40:00,1.0311648,1.3268653,1.5497158
2025-01-01 01:41:00,1.0314095,1.3268404,1.5493777
2025-01-01 01:42:00,1.0316554,1.3268158,1.5490403
2025-01-01 01:43:00,1.0319026,1.3267915,1.5487039
2025-01-01 01:44:00,1.0321509,1.3267677,1.5483685
2025-01-01 01:45:00,1.0324005,1.3267443,1.548034
2025-01-01 01:46:00,1.0326514,1.3267213,1.5477004
2025-01-01 01:47:00,1.0329037,1.3266988,1.5473679
2025-01-01 01:48:00,1.0331572,1.3266767,1.5470364
2025-01-01 01:49:00,1.0334121,1.3266551,1.5467061
2025-01-01 01:50:00,1.0336683,1.3266342,1.5463768
2025-01-01 01:51:00,1.0339261,1.3266139,1.5460488
2025-01-01 01:52:00,1.0341852,1.326594,1.5457219
2025-01-01 01:53:00,1.0344455,1.3265748,1.5453961
2025-01-01 01:54:00,1.0347074,1.3265562,1.5450715
2025-01-01 01:55:00,1.0349708,1.3265382,1.5447482
2025-01-01 01:56:00,1.0352355,1.3265209,1.5444262
2025-01-01 01:57:00,1.0355018,1.3265043,1.5441055
2025-01-01 01:58:00,1.0357696,1.3264884,1.543786
2025-01-01 01:59:00,1.0360389,1.3264732,1.543468
2025-01-01 02:00:00,1.0363096,1.3264588,1.5431514
2025-01-01 02:01:00,1.036582,1.3264452,1.5428362
2025-01-01 02:02:00,1.0368559,1.3264323,1.5425223
2025-01-01 02:03:00,1.0371313,1.3264203,1.54221
2025-01-01 02:04:00,1.0374084,1.3264091,1.5418991
2025-01-01 02:05:00,1.037687,1.3263987,1.5415897
2025-01-01 02:06:00,1.0379672,1.3263892,1.5412819
2025-01-01 02:07:00,1.038249,1.3263806,1.5409756
2025-01-01 02:08:00,1.0385325,1.3263729,1.5406709
2025-01-01 02:09:00,1.0388176,1.3263661,1.5403678
2025-01-01 02:10:00,1.0391043,1.3263602,1.5400662
2025-01-01 02:11:00,1.0393928,1.3263552,1.5397664
2025-01-01 02:12:00,1.0396829,1.3263513,1.5394683
2025-01-01 02:13:00,1.0399746,1.3263483,1.5391717
2025-01-01 02:14:00,1.0402681,1.3263463,1.5388769
2025-01-01 02:15:00,1.0405632,1.3263453,1.5385839
2025-01-01 02:16:00,1.04086,1.3263454,1.5382925
2025-01-01 02:17:00,1.0411586,1.3263464,1.5380028
2025-01-01 02:18:00,1.0414588,1.3263485,1.5377151
2025-01-01 02:19:00,1.0417609,1.3263518,1.5374291
2025-01-01 02:20:00,1.0420645,1.3263559,1.5371449
2025-01-01 02:21:00,1.0423701,1.3263613,1.5368625
2025-01-01 02:22:00,1.0426773,1.3263677,1.536582
2025-01-01 02:23:00,1.0429863,1.3263752,1.5363034
2025-01-01 02:24:00,1.0432969,1.326384,1.5360266
2025-01-01 02:25:00,1.0436094,1.3263937,1.5357517
2025-01-01 02:26:00,1.0439236,1.3264046,1.5354787
2025-01-01 02:27:00,1.0442396,1.3264167,1.5352077
2025-01-01 02:28:00,1.0445575,1.3264298,1.5349387
2025-01-01 02:29:00,1.0448769,1.3264443,1.5346715
2025-01-01 02:30:00,1.0451983,1.3264598,1.5344063
2025-01-01 02:31:00,1.0455214,1.3264766,1.5341432
2025-01-01 02:32:00,1.0458462,1.3264945,1.533882
2025-01-01 02:33:00,1.0461729,1.3265135,1.5336227
2025-01-01 02:34:00,1.0465014,1.3265339,1.5333657
2025-01-01 02:35:00,1.0468316,1.3265555,1.5331106
2025-01-01 02:36:00,1.0471636,1.3265781,1.5328575
2025-01-01 02:37:00,1.0474974,1.3266021,1.5326065
2025-01-01 02:38:00,1.0478328,1.3266273,1.5323575
2025-01-01 02:39:00,1.0481702,1.3266536,1.5321105
2025-01-01 02:40:00,1.0485092,1.3266811,1.5318657
2025-01-01 02:41:00,1.04885,1.32671,1.5316229
2025-01-01 02:42:00,1.0491927,1.32674,1.5313822
2025-01-01 02:43:00,1.0495371,1.3267714,1.5311437
2025-01-01 02:44:00,1.0498831,1.3268038,1.5309072
2025-01-01 02:45:00,1.050231,1.3268377,1.5306728
2025-01-01 02:46:00,1.0505806,1.3268726,1.5304406
2025-01-01 02:47:00,1.0509319,1.3269088,1.5302105
2025-01-01 02:48:00,1.051285,1.3269464,1.5299824
2025-01-01 02:49:00,1.0516399,1.326985,1.5297567
2025-01-01 02:50:00,1.0519964,1.3270249,1.5295329
2025-01-01 02:51:00,1.0523547,1.3270662,1.5293113
2025-01-01 02:52:00,1.0527146,1.3271086,1.529092
2025-01-01 02:53:00,1.0530763,1.3271523,1.5288746
2025-01-01 02:54:00,1.0534396,1.3271971,1.5286596
2025-01-01 02:55:00,1.0538046,1.3272432,1.5284466
2025-01-01 02:56:00,1.0541713,1.3272905,1.5282358
2025-01-01 02:57:00,1.0545397,1.327339,1.528027
2025-01-01 02:58:00,1.0549096,1.3273889,1.5278206
2025-01-01 02:59:00,1.0552813,1.3274398,1.5276163
2025-01-01 03:00:00,1.0556545,1.327492,1.5274141
2025-01-01 03:01:00,1.0560294,1.3275454,1.527214
2025-01-01 03:02:00,1.0564059,1.3275999,1.5270162
2025-01-01 03:03:00,1.0567839,1.3276557,1.5268204
2025-01-01 03:04:00,1.0571636,1.3277127,1.5266268
2025-01-01 03:05:00,1.0575448,1.3277707,1.5264354
2025-01-01 03:06:00,1.0579276,1.32783,1.5262461
2025-01-01 03:07:00,1.0583119,1.3278904,1.5260589
2025-01-01 03:08:00,1.0586977,1.3279519,1.5258739
2025-01-01 03:09:00,1.059085,1.3280146,1.525691
2025-01-01 03:10:00,1.0594739,1.3280785,1.5255103
2025-01-01 03:11:00,1.0598642,1.3281434,1.5253316
2025-01-01 03:12:00,1.0602559,1.3282095,1.5251551
2025-01-01 03:13:00,1.060649,1.3282766,1.5249807
2025-01-01 03:14:00,1.0610436,1.3283448,1.5248084
2025-01-01 03:15:00,1.0614396,1.3284142,1.5246382
2025-01-01 03:16:00,1.0618371,1.3284845,1.52447
2025-01-01 03:17:00,1.0622358,1.328556,1.5243039
2025-01-01 03:18:00,1.062636,1.3286285,1.5241401
2025-01-01 03:19:00,1.0630374,1.328702,1.5239782
2025-01-01 03:20:00,1.0634402,1.3287765,1.5238184
2025-01-01 03:21:00,1.0638442,1.3288519,1.5236605
2025-01-01 03:22:00,1.0642495,1.3289285,1.5235047
2025-01-01 03:23:00,1.064656,1.3290058,1.523351
2025-01-01 03:24:00,1.0650638,1.3290843,1.5231992
2025-01-01 03:25:00,1.0654728,1.3291636,1.5230495
2025-01-01 03:26:00,1.0658829,1.3292438,1.5229018
2025-01-01 03:27:00,1.0662942,1.329325,1.522756
2025-01-01 03:28:00,1.0667067,1.329407,1.5226122
2025-01-01 03:29:00,1.0671202,1.3294898,1.5224704
2025-01-01 03:30:00,1.0675349,1.3295736,1.5223304
2025-01-01 03:31:00,1.0679506,1.3296582,1.5221924
2025-01-01 03:32:00,1.0683674,1.3297435,1.5220563
2025-01-01 03:33:00,1.0687851,1.3298297,1.5219221
2025-01-01 03:34:00,1.0692039,1.3299167,1.5217899
2025-01-01 03:35:00,1.0696236,1.3300045,1.5216595
2025-01-01 03:36:00,1.0700442,1.3300929,1.5215309
2025-01-01 03:37:00,1.0704657,1.3301821,1.5214041
2025-01-01 03:38:00,1.0708882,1.330272,1.5212792
2025-01-01 03:39:00,1.0713115,1.3303626,1.5211561
2025-01-01 03:40:00,1.0717356,1.3304538,1.5210347
2025-01-01 03:41:00,1.0721605,1.3305455,1.5209153
2025-01-01 03:42:00,1.0725862,1.330638,1.5207974
2025-01-01 03:43:00,1.0730127,1.3307312,1.5206814
2025-01-01 03:44:00,1.0734398,1.3308247,1.5205669
2025-01-01 03:45:00,1.0738677,1.3309189,1.5204543
2025-01-01 03:46:00,1.0742962,1.3310136,1.5203434
2025-01-01 03:47:00,1.0747254,1.3311088,1.520234
2025-01-01 03:48:00,1.075155,1.3312044,1.5201263
2025-01-01 03:49:00,1.0755854,1.3313006,1.5200202
2025-01-01 03:50:00,1.0760162,1.3313972,1.5199158
2025-01-01 03:51:00,1.0764476,1.3314941,1.519813
2025-01-01 03:52:00,1.0768794,1.3315915,1.5197116
2025-01-01 03:53:00,1.0773116,1.3316891,1.5196118
2025-01-01 03:54:00,1.0777444,1.3317871,1.5195136
2025-01-01 03:55:00,1.0781775,1.3318855,1.5194168
2025-01-01 03:56:00,1.0786109,1.331984,1.5193214
2025-01-01 03:57:00,1.0790446,1.332083,1.5192276
2025-01-01 03:58:00,1.0794786,1.332182,1.5191352
2025-01-01 03:59:00,1.0799129,1.3322814,1.5190442
2025-01-01 04:00:00,1.0803474,1.3323808,1.5189545
2025-01-01 04:01:00,1.0807822,1.3324805,1.5188663
2025-01-01 04:02:00,1.081217,1.3325802,1.5187794
2025-01-01 04:03:00,1.0816519,1.3326801,1.5186937
2025-01-01 04:04:00,1.0820869,1.3327799,1.5186094
2025-01-01 04:05:00,1.082522,1.3328799,1.5185263
2025-01-01 04:06:00,1.0829571,1.3329798,1.5184444
2025-01-01 04:07:00,1.0833923,1.3330797,1.5183637
2025-01-01 04:08:00,1.0838273,1.3331796,1.5182843
2025-01-01 04:09:00,1.0842621,1.3332794,1.518206
2025-01-01 04:10:00,1.0846969,1.333379,1.5181289
2025-01-01 04:11:00,1.0851316,1.3334786,1.5180527
2025-01-01 04:12:00,1.085566,1.3335779,1.5179778
2025-01-01 04:13:00,1.0860002,1.333677,1.5179039
2025-01-01 04:14:00,1.0864342,1.333776,1.517831
2025-01-01 04:15:00,1.0868678,1.3338747,1.5177591
2025-01-01 04:16:00,1.0873011,1.3339732,1.5176882
2025-01-01 04:17:00,1.0877341,1.3340713,1.5176183
2025-01-01 04:18:00,1.0881666,1.334169,1.5175493
2025-01-01 04:19:00,1.0885986,1.3342664,1.5174811
2025-01-01 04:20:00,1.0890301,1.3343633,1.5174139
2025-01-01 04:21:00,1.0894612,1.3344599,1.5173475
2025-01-01 04:22:00,1.0898917,1.334556,1.5172818
2025-01-01 04:23:00,1.0903215,1.3346516,1.517217
2025-01-01 04:24:00,1.0907508,1.3347466,1.517153
2025-01-01 04:25:00,1.0911794,1.3348411,1.5170896
2025-01-01 04:26:00,1.0916073,1.3349351,1.517027
2025-01-01 04:27:00,1.0920343,1.3350283,1.516965
2025-01-01 04:28:00,1.0924608,1.3351209,1.5169038
2025-01-01 04:29:00,1.0928862,1.3352128,1.5168431
2025-01-01 04:30:00,1.0933108,1.3353041,1.516783
2025-01-01 04:31:00,1.0937346,1.3353946,1.5167235
2025-01-01 04:32:00,1.0941575,1.3354843,1.5166645
2025-01-01 04:33:00,1.0945792,1.3355732,1.516606
2025-01-01 04:34:00,1.095,1.3356613,1.516548
2025-01-01 04:35:00,1.0954198,1.3357484,1.5164905
2025-01-01 04:36:00,1.0958384,1.3358347,1.5164332
2025-01-01 04:37:00,1.096256,1.33592,1.5163765
2025-01-01 04:38:00,1.0966724,1.3360044,1.5163201
2025-01-01 04:39:00,1.0970876,1.3360877,1.516264
2025-01-01 04:40:00,1.0975015,1.3361701,1.5162082
2025-01-01 04:41:00,1.0979141,1.3362514,1.5161526
2025-01-01 04:42:00,1.0983255,1.3363315,1.5160974
2025-01-01 04:43:00,1.0987355,1.3364105,1.5160424
2025-01-01 04:44:00,1.099144,1.3364884,1.5159874
2025-01-01 04:45:00,1.0995512,1.3365651,1.5159328
2025-01-01 04:46:00,1.0999569,1.3366406,1.5158782
2025-01-01 04:47:00,1.100361,1.3367149,1.5158237
2025-01-01 04:48:00,1.1007636,1.3367877,1.5157692
2025-01-01 04:49:00,1.1011646,1.3368593,1.5157149
2025-01-01 04:50:00,1.101564,1.3369296,1.5156604
2025-01-01 04:51:00,1.1019617,1.3369983,1.515606
2025-01-01 04:52:00,1.1023577,1.3370658,1.5155516
2025-01-01 04:53:00,1.102752,1.3371319,1.515497
2025-01-01 04:54:00,1.1031445,1.3371964,1.5154423
2025-01-01 04:55:00,1.1035352,1.3372593,1.5153875
2025-01-01 04:56:00,1.103924,1.3373208,1.5153325
2025-01-01 04:57:00,1.104311,1.3373806,1.5152773
2025-01-01 04:58:00,1.104696,1.337439,1.5152218
2025-01-01 04:59:00,1.105079,1.3374956,1.5151662
2025-01-01 05:00:00,1.10546,1.3375505,1.5151103
2025-01-01 05:01:00,1.1058391,1.3376038,1.515054
2025-01-01 05:02:00,1.106216,1.3376553,1.5149974
2025-01-01 05:03:00,1.1065909,1.3377051,1.5149404
2025-01-01 05:04:00,1.1069635,1.337753,1.514883
2025-01-01 05:05:00,1.107334,1.3377993,1.5148252
2025-01-01 05:06:00,1.1077023,1.3378437,1.5147669
2025-01-01 05:07:00,1.1080682,1.3378861,1.5147082
2025-01-01 05:08:00,1.1084319,1.3379266,1.5146489
2025-01-01 05:09:00,1.1087934,1.3379653,1.5145891
2025-01-01 05:10:00,1.1091523,1.3380018,1.5145288
2025-01-01 05:11:00,1.109509,1.3380365,1.5144677
2025-01-01 05:12:00,1.1098632,1.3380691,1.5144061
2025-01-01 05:13:00,1.1102148,1.3380996,1.5143439
2025-01-01 05:14:00,1.110564,1.3381281,1.514281
2025-01-01 05:15:00,1.1109107,1.3381544,1.5142174
2025-01-01 05:16:00,1.1112547,1.3381786,1.514153
2025-01-01 05:17:00,1.1115961,1.3382007,1.5140879
2025-01-01 05:18:00,1.111935,1.3382206,1.514022
2025-01-01 05:19:00,1.1122711,1.3382381,1.5139552
2025-01-01 05:20:00,1.1126045,1.3382535,1.5138878
2025-01-01 05:21:00,1.1129352,1.3382666,1.5138193
2025-01-01 05:22:00,1.1132631,1.3382773,1.5137501
2025-01-01 05:23:00,1.1135882,1.3382858,1.5136799
2025-01-01 05:24:00,1.1139104,1.3382919,1.5136087
2025-01-01 05:25:00,1.1142298,1.3382956,1.5135366
2025-01-01 05:26:00,1.1145462,1.3382968,1.5134635
2025-01-01 05:27:00,1.1148597,1.3382957,1.5133893
2025-01-01 05:28:00,1.1151704,1.3382921,1.5133144
2025-01-01 05:29:00,1.1154779,1.338286,1.5132382
2025-01-01 05:30:00,1.1157824,1.3382773,1.5131608
2025-01-01 05:31:00,1.1160839,1.3382661,1.5130825
2025-01-01 05:32:00,1.1163822,1.3382524,1.513003
2025-01-01 05:33:00,1.1166774,1.3382361,1.5129223
2025-01-01 05:34:00,1.1169695,1.3382171,1.5128404
2025-01-01 05:35:00,1.1172583,1.3381956,1.5127574
2025-01-01 05:36:00,1.1175439,1.3381712,1.5126731
2025-01-01 05:37:00,1.1178263,1.3381443,1.5125875
2025-01-01 05:38:00,1.1181055,1.3381146,1.5125008
2025-01-01 05:39:00,1.1183813,1.3380823,1.5124128
2025-01-01 05:40:00,1.1186538,1.3380471,1.5123234
2025-01-01 05:41:00,1.118923,1.3380092,1.5122327
2025-01-01 05:42:00,1.1191887,1.3379686,1.5121406
2025-01-01 05:43:00,1.119451,1.3379251,1.5120472
2025-01-01 05:44:00,1.11971,1.3378787,1.5119524
2025-01-01 05:45:00,1.1199653,1.3378295,1.5118562
2025-01-01 05:46:00,1.1202173,1.3377775,1.5117586
2025-01-01 05:47:00,1.1204658,1.3377224,1.5116595
2025-01-01 05:48:00,1.1207106,1.3376646,1.5115589
2025-01-01 05:49:00,1.120952,1.3376038,1.511457
2025-01-01 05:50:00,1.1211897,1.33754,1.5113534
2025-01-01 05:51:00,1.1214238,1.3374733,1.5112484
2025-01-01 05:52:00,1.1216544,1.3374035,1.5111418
2025-01-01 05:53:00,1.1218811,1.3373307,1.5110337
2025-01-01 05:54:00,1.1221043,1.337255,1.510924
2025-01-01 05:55:00,1.1223238,1.3371762,1.5108128
2025-01-01 05:56:00,1.1225395,1.3370943,1.5106999
2025-01-01 05:57:00,1.1227515,1.3370094,1.5105854
2025-01-01 05:58:00,1.1229596,1.3369213,1.5104692
2025-01-01 05:59:00,1.123164,1.3368303,1.5103515
2025-01-01 06:00:00,1.1233647,1.336736,1.5102321
2025-01-01 06:01:00,1.1235614,1.3366386,1.510111
2025-01-01 06:02:00,1.1237543,1.3365381,1.5099882
2025-01-01 06:03:00,1.1239433,1.3364344,1.5098637
2025-01-01 06:04:00,1.1241286,1.3363276,1.5097376
2025-01-01 06:05:00,1.1243098,1.3362175,1.5096097
2025-01-01 06:06:00,1.124487,1.3361043,1.5094801
2025-01-01 06:07:00,1.1246605,1.3359878,1.5093488
2025-01-01 06:08:00,1.1248299,1.3358682,1.5092156
2025-01-01 06:09:00,1.1249954,1.3357453,1.5090806
2025-01-01 06:10:00,1.1251569,1.3356192,1.508944
2025-01-01 06:11:00,1.1253142,1.3354897,1.5088055
2025-01-01 06:12:00,1.1254677,1.3353572,1.5086653
2025-01-01 06:13:00,1.1256173,1.3352214,1.5085233
2025-01-01 06:14:00,1.1257626,1.3350822,1.5083795
2025-01-01 06:15:00,1.1259038,1.3349397,1.5082338
2025-01-01 06:16:00,1.126041,1.3347939,1.5080862
2025-01-01 06:17:00,1.1261742,1.3346448,1.5079368
2025-01-01 06:18:00,1.1263032,1.3344924,1.5077857
2025-01-01 06:19:00,1.1264281,1.3343368,1.5076326
2025-01-01 06:20:00,1.1265489,1.3341777,1.5074776
2025-01-01 06:21:00,1.1266656,1.3340154,1.5073209
2025-01-01 06:22:00,1.126778,1.3338498,1.5071622
2025-01-01 06:23:00,1.1268864,1.3336807,1.5070016
2025-01-01 06:24:00,1.1269906,1.3335084,1.5068393
2025-01-01 06:25:00,1.1270906,1.3333327,1.506675
2025-01-01 06:26:00,1.1271864,1.3331536,1.5065088
2025-01-01 06:27:00,1.127278,1.3329712,1.5063407
2025-01-01 06:28:00,1.1273655,1.3327855,1.5061709
2025-01-01 06:29:00,1.1274487,1.3325964,1.505999
2025-01-01 06:30:00,1.1275277,1.3324039,1.5058253
2025-01-01 06:31:00,1.1276025,1.3322082,1.5056497
2025-01-01 06:32:00,1.127673,1.332009,1.5054722
2025-01-01 06:33:00,1.1277394,1.3318064,1.5052928
2025-01-01 06:34:00,1.1278015,1.3316005,1.5051115
2025-01-01 06:35:00,1.1278595,1.3313913,1.5049282
2025-01-01 06:36:00,1.1279131,1.3311788,1.5047432
2025-01-01 06:37:00,1.1279625,1.3309628,1.5045562
2025-01-01 06:38:00,1.1280077,1.3307436,1.5043674
2025-01-01 06:39:00,1.1280485,1.3305209,1.5041766
2025-01-01 06:40:00,1.1280851,1.330295,1.503984
2025-01-01 06:41:00,1.1281176,1.3300656,1.5037894
2025-01-01 06:42:00,1.1281457,1.3298329,1.503593
2025-01-01 06:43:00,1.1281697,1.329597,1.5033947
2025-01-01 06:44:00,1.1281893,1.3293577,1.5031946
2025-01-01 06:45:00,1.1282047,1.3291152,1.5029926
2025-01-01 06:46:00,1.1282159,1.3288692,1.5027888
2025-01-01 06:47:00,1.1282228,1.32862,1.502583
2025-01-01 06:48:00,1.1282254,1.3283675,1.5023755
2025-01-01 06:49:00,1.1282239,1.3281116,1.502166
2025-01-01 06:50:00,1.128218,1.3278525,1.5019549
2025-01-01 06:51:00,1.128208,1.3275902,1.5017419
2025-01-01 06:52:00,1.1281937,1.3273246,1.501527
2025-01-01 06:53:00,1.1281753,1.3270557,1.5013103
2025-01-01 06:54:00,1.1281526,1.3267835,1.5010918
2025-01-01 06:55:00,1.1281258,1.3265084,1.5008718
2025-01-01 06:56:00,1.1280947,1.3262298,1.5006497
2025-01-01 06:57:00,1.1280594,1.325948,1.5004259
2025-01-01 06:58:00,1.1280198,1.3256631,1.5002004
2025-01-01 06:59:00,1.1279762,1.325375,1.4999732
2025-01-01 07:00:00,1.1279283,1.3250836,1.4997442
2025-01-01 07:01:00,1.1278763,1.3247892,1.4995134
2025-01-01 07:02:00,1.12782,1.3244915,1.4992809
2025-01-01 07:03:00,1.1277597,1.3241907,1.4990468
2025-01-01 07:04:00,1.1276952,1.3238869,1.498811
2025-01-01 07:05:00,1.1276267,1.3235799,1.4985735
2025-01-01 07:06:00,1.1275539,1.32327,1.4983344
2025-01-01 07:07:00,1.1274772,1.3229568,1.4980937
2025-01-01 07:08:00,1.1273962,1.3226407,1.4978514
2025-01-01 07:09:00,1.1273112,1.3223215,1.4976074
2025-01-01 07:10:00,1.1272222,1.3219993,1.4973618
2025-01-01 07:11:00,1.1271291,1.3216741,1.4971147
2025-01-01 07:12:00,1.127032,1.3213459,1.496866
2025-01-01 07:13:00,1.1269308,1.3210149,1.4966158
2025-01-01 07:14:00,1.1268257,1.3206807,1.496364
2025-01-01 07:15:00,1.1267166,1.3203437,1.4961108
2025-01-01 07:16:00,1.1266035,1.3200039,1.4958562
2025-01-01 07:17:00,1.1264864,1.3196611,1.4956
2025-01-01 07:18:00,1.1263654,1.3193156,1.4953424
2025-01-01 07:19:00,1.1262405,1.3189671,1.4950833
2025-01-01 07:20:00,1.1261116,1.3186159,1.4948229
2025-01-01 07:21:00,1.125979,1.3182619,1.4945611
2025-01-01 07:22:00,1.1258423,1.3179051,1.4942979
2025-01-01 07:23:00,1.1257019,1.3175455,1.4940335
2025-01-01 07:24:00,1.1255577,1.3171833,1.4937676
2025-01-01 07:25:00,1.1254096,1.3168182,1.4935005
2025-01-01 07:26:00,1.1252577,1.3164507,1.4932321
2025-01-01 07:27:00,1.1251022,1.3160805,1.4929625
2025-01-01 07:28:00,1.1249428,1.3157076,1.4926916
2025-01-01 07:29:00,1.1247797,1.315332,1.4924196
2025-01-01 07:30:00,1.1246129,1.314954,1.4921464
2025-01-01 07:31:00,1.1244425,1.3145734,1.4918721
2025-01-01 07:32:00,1.1242683,1.3141904,1.4915965
2025-01-01 07:33:00,1.1240906,1.3138047,1.4913199
2025-01-01 07:34:00,1.1239092,1.3134167,1.4910423
2025-01-01 07:35:00,1.1237242,1.3130263,1.4907635
2025-01-01 07:36:00,1.1235358,1.3126335,1.4904839
2025-01-01 07:37:00,1.1233437,1.3122382,1.4902031
2025-01-01 07:38:00,1.1231482,1.3118407,1.4899215
2025-01-01 07:39:00,1.1229492,1.3114408,1.4896388
2025-01-01 07:40:00,1.1227468,1.3110387,1.4893554
2025-01-01 07:41:00,1.122541,1.3106344,1.489071
2025-01-01 07:42:00,1.1223316,1.3102278,1.4887857
2025-01-01 07:43:00,1.122119,1.309819,1.4884998
2025-01-01 07:44:00,1.121903,1.309408,1.4882128
2025-01-01 07:45:00,1.1216836,1.3089949,1.4879252
2025-01-01 07:46:00,1.121461,1.3085798,1.4876368
2025-01-01 07:47:00,1.1212351,1.3081625,1.4873477
2025-01-01 07:48:00,1.121006,1.3077433,1.487058
2025-01-01 07:49:00,1.1207738,1.307322,1.4867676
2025-01-01 07:50:00,1.1205382,1.3068988,1.4864767
2025-01-01 07:51:00,1.1202997,1.3064736,1.4861851
2025-01-01 07:52:00,1.120058,1.3060466,1.4858929
2025-01-01 07:53:00,1.1198131,1.3056178,1.4856002
2025-01-01 07:54:00,1.1195652,1.305187,1.4853071
2025-01-01 07:55:00,1.1193144,1.3047546,1.4850135
2025-01-01 07:56:00,1.1190605,1.3043203,1.4847195
2025-01-01 07:57:00,1.1188037,1.3038844,1.4844252
2025-01-01 07:58:00,1.1185441,1.3034468,1.4841304
2025-01-01 07:59:00,1.1182815,1.3030075,1.4838353
2025-01-01 08:00:00,1.118016,1.3025665,1.4835399
2025-01-01 08:01:00,1.1177477,1.3021241,1.4832443
2025-01-01 08:02:00,1.1174767,1.3016801,1.4829485
2025-01-01 08:03:00,1.1172028,1.3012346,1.4826525
2025-01-01 08:04:00,1.1169263,1.3007877,1.4823563
2025-01-01 08:05:00,1.1166471,1.3003393,1.4820601
2025-01-01 08:06:00,1.1163652,1.2998896,1.4817637
2025-01-01 08:07:00,1.1160808,1.2994385,1.4814674
2025-01-01 08:08:00,1.1157937,1.2989861,1.481171
2025-01-01 08:09:00,1.115504,1.2985325,1.4808745
2025-01-01 08:10:00,1.115212,1.2980776,1.4805783
2025-01-01 08:11:00,1.1149174,1.2976215,1.4802821
2025-01-01 08:12:00,1.1146204,1.2971642,1.479986
2025-01-01 08:13:00,1.114321,1.296706,1.4796901
2025-01-01 08:14:00,1.1140193,1.2962465,1.4793944
2025-01-01 08:15:00,1.1137152,1.2957861,1.479099
2025-01-01 08:16:00,1.1134088,1.2953247,1.4788039
2025-01-01 08:17:00,1.1131002,1.2948623,1.478509
2025-01-01 08:18:00,1.1127893,1.294399,1.4782145
2025-01-01 08:19:00,1.1124763,1.2939348,1.4779204
2025-01-01 08:20:00,1.1121612,1.2934699,1.4776268
2025-01-01 08:21:00,1.1118438,1.293004,1.4773335
2025-01-01 08:22:00,1.1115246,1.2925376,1.4770409
2025-01-01 08:23:00,1.1112033,1.2920705,1.476749
2025-01-01 08:24:00,1.11088,1.2916026,1.4764574
2025-01-01 08:25:00,1.1105548,1.291134,1.4761665
2025-01-01 08:26:00,1.1102276,1.290665,1.4758762
2025-01-01 08:27:00,1.1098986,1.2901953,1.4755865
2025-01-01 08:28:00,1.1095678,1.2897252,1.4752977
2025-01-01 08:29:00,1.109235,1.2892547,1.4750097
2025-01-01 08:30:00,1.1089007,1.2887837,1.4747224
2025-01-01 08:31:00,1.1085646,1.2883123,1.474436
2025-01-01 08:32:00,1.1082268,1.2878406,1.4741505
2025-01-01 08:33:00,1.1078874,1.2873687,1.473866
2025-01-01 08:34:00,1.1075463,1.2868963,1.4735824
2025-01-01 08:35:00,1.1072038,1.2864239,1.4732997
2025-01-01 08:36:00,1.1068597,1.2859514,1.4730182
2025-01-01 08:37:00,1.1065142,1.2854786,1.4727377
2025-01-01 08:38:00,1.1061672,1.2850058,1.4724584
2025-01-01 08:39:00,1.1058189,1.284533,1.4721801
2025-01-01 08:40:00,1.1054691,1.2840602,1.4719032
2025-01-01 08:41:00,1.1051182,1.2835875,1.4716275
2025-01-01 08:42:00,1.1047659,1.2831148,1.4713529
2025-01-01 08:43:00,1.1044123,1.2826422,1.4710798
2025-01-01 08:44:00,1.1040576,1.2821699,1.470808
2025-01-01 08:45:00,1.1037017,1.2816979,1.4705375
2025-01-01 08:46:00,1.1033448,1.2812259,1.4702686
2025-01-01 08:47:00,1.1029867,1.2807544,1.4700011
2025-01-01 08:48:00,1.1026276,1.2802832,1.4697351
2025-01-01 08:49:00,1.1022676,1.2798125,1.4694707
2025-01-01 08:50:00,1.1019065,1.279342,1.4692079
2025-01-01 08:51:00,1.1015447,1.2788723,1.4689466
2025-01-01 08:52:00,1.1011819,1.2784028,1.468687
2025-01-01 08:53:00,1.1008183,1.2779341,1.4684292
2025-01-01 08:54:00,1.1004539,1.2774658,1.468173
2025-01-01 08:55:00,1.1000887,1.2769983,1.4679188
2025-01-01 08:56:00,1.0997229,1.2765315,1.4676663
2025-01-01 08:57:00,1.0993564,1.2760652,1.4674156
2025-01-01 08:58:00,1.0989892,1.2756,1.4671668
2025-01-01 08:59:00,1.0986216,1.2751354,1.4669199
2025-01-01 09:00:00,1.0982534,1.2746718,1.466675
2025-01-01 09:01:00,1.0978845,1.2742089,1.4664322
2025-01-01 09:02:00,1.0975153,1.2737471,1.4661914
2025-01-01 09:03:00,1.0971457,1.2732862,1.4659526
2025-01-01 09:04:00,1.0967757,1.2728264,1.465716
2025-01-01 09:05:00,1.0964053,1.2723677,1.4654816
2025-01-01 09:06:00,1.0960345,1.2719101,1.4652493
2025-01-01 09:07:00,1.0956635,1.2714535,1.4650193
2025-01-01 09:08:00,1.0952926,1.2709984,1.4647917
2025-01-01 09:09:00,1.0949211,1.2705443,1.4645662
2025-01-01 09:10:00,1.0945497,1.2700914,1.4643431
2025-01-01 09:11:00,1.0941781,1.26964,1.4641224
2025-01-01 09:12:00,1.0938063,1.2691898,1.463904
2025-01-01 09:13:00,1.0934346,1.268741,1.4636881
2025-01-01 09:14:00,1.0930629,1.2682937,1.4634748
2025-01-01 09:15:00,1.0926912,1.2678479,1.4632639
2025-01-01 09:16:00,1.0923196,1.2674035,1.4630555
2025-01-01 09:17:00,1.091948,1.2669607,1.4628497
2025-01-01 09:18:00,1.0915768,1.2665195,1.4626467
2025-01-01 09:19:00,1.0912056,1.26608,1.4624462
2025-01-01 09:20:00,1.0908347,1.265642,1.4622484
2025-01-01 09:21:00,1.0904641,1.2652059,1.4620534
2025-01-01 09:22:00,1.0900939,1.2647715,1.4618611
2025-01-01 09:23:00,1.0897238,1.2643387,1.4616716
2025-01-01 09:24:00,1.0893543,1.2639079,1.4614849
2025-01-01 09:25:00,1.0889851,1.2634789,1.4613011
2025-01-01 09:26:00,1.0886164,1.2630517,1.4611202
2025-01-01 09:27:00,1.0882481,1.2626266,1.4609423
2025-01-01 09:28:00,1.0878804,1.2622035,1.4607671
2025-01-01 09:29:00,1.0875133,1.2617823,1.4605951
2025-01-01 09:30:00,1.0871468,1.2613631,1.4604261
2025-01-01 09:31:00,1.0867808,1.260946,1.4602602
2025-01-01 09:32:00,1.0864156,1.2605311,1.4600972
2025-01-01 09:33:00,1.086051,1.2601182,1.4599375
2025-01-01 09:34:00,1.0856873,1.2597077,1.4597808
2025-01-01 09:35:00,1.0853242,1.2592993,1.4596274
2025-01-01 09:36:00,1.084962,1.2588931,1.4594771
2025-01-01 09:37:00,1.0846006,1.2584893,1.4593301
2025-01-01 09:38:00,1.0842401,1.2580878,1.4591863
2025-01-01 09:39:00,1.0838804,1.2576886,1.4590459
2025-01-01 09:40:00,1.0835217,1.2572918,1.4589087
2025-01-01 09:41:00,1.083164,1.2568974,1.4587748
2025-01-01 09:42:00,1.0828073,1.2565055,1.4586444
2025-01-01 09:43:00,1.0824516,1.2561162,1.4585174
2025-01-01 09:44:00,1.0820969,1.2557292,1.4583938
2025-01-01 09:45:00,1.0817435,1.2553449,1.4582736
2025-01-01 09:46:00,1.081391,1.2549632,1.458157
2025-01-01 09:47:00,1.0810398,1.254584,1.4580438
2025-01-01 09:48:00,1.0806897,1.2542075,1.4579341
2025-01-01 09:49:00,1.0803409,1.2538337,1.457828
2025-01-01 09:50:00,1.0799934,1.2534627,1.4577258
2025-01-01 09:51:00,1.0796471,1.2530942,1.4576268
2025-01-01 09:52:00,1.079302,1.2527287,1.4575316
2025-01-01 09:53:00,1.0789583,1.2523658,1.45744
2025-01-01 09:54:00,1.0786159,1.2520058,1.4573522
2025-01-01 09:55:00,1.078275,1.2516487,1.4572679
2025-01-01 09:56:00,1.0779355,1.2512944,1.4571874
2025-01-01 09:57:00,1.0775974,1.250943,1.4571106
2025-01-01 09:58:00,1.0772607,1.2505945,1.4570377
2025-01-01 09:59:00,1.0769255,1.250249,1.4569685
2025-01-01 10:00:00,1.076592,1.2499065,1.4569032
2025-01-01 10:01:00,1.0762599,1.249567,1.4568416
2025-01-01 10:02:00,1.0759294,1.2492306,1.4567839
2025-01-01 10:03:00,1.0756005,1.2488972,1.4567301
2025-01-01 10:04:00,1.0752732,1.2485669,1.4566802
2025-01-01 10:05:00,1.0749475,1.2482396,1.4566342
2025-01-01 10:06:00,1.0746236,1.2479156,1.4565921
2025-01-01 10:07:00,1.0743012,1.2475947,1.4565539
2025-01-01 10:08:00,1.0739807,1.2472769,1.4565197
2025-01-01 10:09:00,1.0736618,1.2469624,1.4564896
2025-01-01 10:10:00,1.0733448,1.246651,1.4564633
2025-01-01 10:11:00,1.0730295,1.246343,1.456441
2025-01-01 10:12:00,1.072716,1.2460382,1.4564229
2025-01-01 10:13:00,1.0724043,1.2457366,1.4564087
2025-01-01 10:14:00,1.0720944,1.2454385,1.4563987
2025-01-01 10:15:00,1.0717865,1.2451435,1.4563926
2025-01-01 10:16:00,1.0714804,1.244852,1.4563907
2025-01-01 10:17:00,1.0711762,1.2445638,1.4563929
2025-01-01 10:18:00,1.0708739,1.2442789,1.4563992
2025-01-01 10:19:00,1.0705736,1.2439976,1.4564096
2025-01-01 10:20:00,1.0702752,1.2437196,1.4564241
2025-01-01 10:21:00,1.0699787,1.243445,1.4564428
2025-01-01 10:22:00,1.0696843,1.2431738,1.4564656
2025-01-01 10:23:00,1.0693918,1.2429062,1.4564927
2025-01-01 10:24:00,1.0691015,1.242642,1.4565238
2025-01-01 10:25:00,1.0688131,1.2423813,1.4565592
2025-01-01 10:26:00,1.0685267,1.2421242,1.4565986
2025-01-01 10:27:00,1.0682425,1.2418705,1.4566424
2025-01-01 10:28:00,1.0679604,1.2416204,1.4566904
2025-01-01 10:29:00,1.0676802,1.2413739,1.4567425
2025-01-01 10:30:00,1.0674024,1.241131,1.456799
2025-01-01 10:31:00,1.0671264,1.2408915,1.4568596
2025-01-01 10:32:00,1.0668527,1.2406557,1.4569244
2025-01-01 10:33:00,1.0665811,1.2404234,1.4569936
2025-01-01 10:34:00,1.0663117,1.2401948,1.457067
2025-01-01 10:35:00,1.0660446,1.23997,1.4571447
2025-01-01 10:36:00,1.0657794,1.2397486,1.4572266
2025-01-01 10:37:00,1.0655166,1.2395308,1.4573127
2025-01-01 10:38:00,1.0652559,1.2393167,1.4574031
2025-01-01 10:39:00,1.0649974,1.2391063,1.4574977
2025-01-01 10:40:00,1.0647411,1.2388996,1.4575967
2025-01-01 10:41:00,1.0644871,1.2386965,1.4576999
2025-01-01 10:42:00,1.0642352,1.238497,1.4578073
2025-01-01 10:43:00,1.0639857,1.2383013,1.4579191
2025-01-01 10:44:00,1.0637383,1.2381092,1.4580351
2025-01-01 10:45:00,1.0634933,1.2379209,1.4581554
2025-01-01 10:46:00,1.0632504,1.2377362,1.4582798
2025-01-01 10:47:00,1.0630099,1.2375554,1.4584087
2025-01-01 10:48:00,1.0627716,1.2373781,1.4585418
2025-01-01 10:49:00,1.0625355,1.2372046,1.4586791
2025-01-01 10:50:00,1.0623018,1.2370348,1.4588207
2025-01-01 10:51:00,1.0620703,1.2368686,1.4589665
2025-01-01 10:52:00,1.0618411,1.2367063,1.4591167
2025-01-01 10:53:00,1.0616142,1.2365477,1.459271
2025-01-01 10:54:00,1.0613896,1.2363927,1.4594296
2025-01-01 10:55:00,1.0611672,1.2362415,1.4595923
2025-01-01 10:56:00,1.0609472,1.236094,1.4597595
2025-01-01 10:57:00,1.0607295,1.2359502,1.4599308
2025-01-01 10:58:00,1.060514,1.2358102,1.4601063
2025-01-01 10:59:00,1.0603008,1.2356739,1.4602859
2025-01-01 11:00:00,1.06009,1.2355412,1.4604698
2025-01-01 11:01:00,1.0598814,1.2354124,1.460658
2025-01-01 11:02:00,1.0596751,1.2352872,1.4608502
2025-01-01 11:03:00,1.0594711,1.2351657,1.4610467
2025-01-01 11:04:00,1.0592694,1.2350479,1.4612473
2025-01-01 11:05:00,1.05907,1.2349339,1.4614521
2025-01-01 11:06:00,1.0588728,1.2348235,1.461661
2025-01-01 11:07:00,1.0586779,1.2347168,1.461874
2025-01-01 11:08:00,1.0584854,1.2346138,1.4620912
2025-01-01 11:09:00,1.058295,1.2345145,1.4623125
2025-01-01 11:10:00,1.0581069,1.2344187,1.4625379
2025-01-01 11:11:00,1.0579212,1.2343267,1.4627674
2025-01-01 11:12:00,1.0577376,1.2342384,1.4630009
2025-01-01 11:13:00,1.0575563,1.2341537,1.4632384
2025-01-01 11:14:00,1.0573771,1.2340727,1.46348
2025-01-01 11:15:00,1.0572003,1.2339952,1.4637257
2025-01-01 11:16:00,1.0570257,1.2339214,1.4639753
2025-01-01 11:17:00,1.0568534,1.2338513,1.4642291
2025-01-01 11:18:00,1.0566832,1.2337848,1.4644867
2025-01-01 11:19:00,1.0565151,1.2337217,1.4647483
2025-01-01 11:20:00,1.0563493,1.2336624,1.4650137
2025-01-01 11:21:00,1.0561856,1.2336065,1.4652832
2025-01-01 11:22:00,1.0560242,1.2335541,1.4655565
2025-01-01 11:23:00,1.0558648,1.2335054,1.4658337
2025-01-01 11:24:00,1.0557077,1.2334602,1.4661148
2025-01-01 11:25:00,1.0555526,1.2334185,1.4663997
2025-01-01 11:26:00,1.0553997,1.2333802,1.4666885
2025-01-01 11:27:00,1.055249,1.2333455,1.466981
2025-01-01 11:28:00,1.0551002,1.2333143,1.4672774
2025-01-01 11:29:00,1.0549536,1.2332864,1.4675775
2025-01-01 11:30:00,1.054809,1.2332621,1.4678813
2025-01-01 11:31:00,1.0546665,1.2332411,1.4681889
2025-01-01 11:32:00,1.0545261,1.2332236,1.4685001
2025-01-01 11:33:00,1.0543877,1.2332094,1.4688151
2025-01-01 11:34:00,1.0542513,1.2331986,1.4691336
2025-01-01 11:35:00,1.0541168,1.2331913,1.4694558
2025-01-01 11:36:00,1.0539845,1.2331872,1.4697816
2025-01-01 11:37:00,1.053854,1.2331864,1.470111
2025-01-01 11:38:00,1.0537256,1.233189,1.470444
2025-01-01 11:39:00,1.053599,1.2331948,1.4707805
2025-01-01 11:40:00,1.0534743,1.2332039,1.4711204
2025-01-01 11:41:00,1.0533516,1.2332162,1.4714638
2025-01-01 11:42:00,1.0532308,1.2332318,1.4718107
2025-01-01 11:43:00,1.0531118,1.2332505,1.472161
2025-01-01 11:44:00,1.0529946,1.2332724,1.4725147
2025-01-01 11:45:00,1.0528793,1.2332976,1.4728718
2025-01-01 11:46:00,1.0527657,1.2333257,1.4732322
2025-01-01 11:47:00,1.052654,1.2333572,1.4735959
2025-01-01 11:48:00,1.0525441,1.2333915,1.4739628
2025-01-01 11:49:00,1.0524359,1.2334291,1.474333
2025-01-01 11:50:00,1.0523294,1.2334696,1.4747065
2025-01-01 11:51:00,1.0522246,1.2335132,1.4750831
2025-01-01 11:52:00,1.0521216,1.2335598,1.4754629
2025-01-01 11:53:00,1.0520202,1.2336093,1.4758458
2025-01-01 11:54:00,1.0519204,1.2336619,1.4762318
2025-01-01 11:55:00,1.0518223,1.2337173,1.4766209
2025-01-01 11:56:00,1.0517257,1.2337756,1.4770131
2025-01-01 11:57:00,1.0516307,1.2338368,1.4774082
2025-01-01 11:58:00,1.0515374,1.2339009,1.4778063
2025-01-01 11:59:00,1.0514455,1.2339678,1.4782073
2025-01-01 12:00:00,1.0513551,1.2340374,1.4786114
2025-01-01 12:01:00,1.0512662,1.2341099,1.4790181
2025-01-01 12:02:00,1.0511789,1.2341852,1.4794279
2025-01-01 12:03:00,1.051093,1.2342631,1.4798404
2025-01-01 12:04:00,1.0510083,1.2343436,1.4802556
2025-01-01 12:05:00,1.0509251,1.234427,1.4806737
2025-01-01 12:06:00,1.0508434,1.2345128,1.4810944
2025-01-01 12:07:00,1.0507629,1.2346014,1.4815177
2025-01-01 12:08:00,1.0506837,1.2346923,1.4819437
2025-01-01 12:09:00,1.0506058,1.234786,1.4823723
2025-01-01 12:10:00,1.0505292,1.2348821,1.4828035
2025-01-01 12:11:00,1.0504539,1.2349808,1.4832371
2025-01-01 12:12:00,1.0503796,1.2350819,1.4836733
2025-01-01 12:13:00,1.0503067,1.2351854,1.484112
2025-01-01 12:14:00,1.0502349,1.2352914,1.484553
2025-01-01 12:15:00,1.0501642,1.2353996,1.4849966
2025-01-01 12:16:00,1.0500946,1.2355102,1.4854423
2025-01-01 12:17:00,1.050026,1.2356232,1.4858904
2025-01-01 12:18:00,1.0499586,1.2357385,1.4863408
2025-01-01 12:19:00,1.0498922,1.2358559,1.4867934
2025-01-01 12:20:00,1.0498267,1.2359756,1.4872483
2025-01-01 12:21:00,1.0497622,1.2360976,1.4877052
2025-01-01 12:22:00,1.0496987,1.2362216,1.4881644
2025-01-01 12:23:00,1.0496361,1.2363477,1.4886255
2025-01-01 12:24:00,1.0495744,1.236476,1.4890889
2025-01-01 12:25:00,1.0495136,1.2366062,1.4895542
2025-01-01 12:26:00,1.0494535,1.2367387,1.4900213
2025-01-01 12:27:00,1.0493942,1.236873,1.4904906
2025-01-01 12:28:00,1.0493357,1.2370093,1.4909616
2025-01-01 12:29:00,1.049278,1.2371476,1.4914346
2025-01-01 12:30:00,1.049221,1.2372876,1.4919093
2025-01-01 12:31:00,1.0491647,1.2374297,1.4923857
2025-01-01 12:32:00,1.049109,1.2375735,1.492864
2025-01-01 12:33:00,1.0490539,1.2377192,1.4933441
2025-01-01 12:34:00,1.0489995,1.2378666,1.4938257
2025-01-01 12:35:00,1.0489457,1.2380158,1.494309
2025-01-01 12:36:00,1.0488923,1.2381666,1.4947938
2025-01-01 12:37:00,1.0488394,1.2383192,1.4952801
2025-01-01 12:38:00,1.0487871,1.2384733,1.495768
2025-01-01 12:39:00,1.0487351,1.2386291,1.4962573
2025-01-01 12:40:00,1.0486838,1.2387865,1.4967481
2025-01-01 12:41:00,1.0486326,1.2389452,1.4972403
2025-01-01 12:42:00,1.0485818,1.2391057,1.4977337
2025-01-01 12:43:00,1.0485315,1.2392676,1.4982285
2025-01-01 12:44:00,1.0484816,1.2394309,1.4987248
2025-01-01 12:45:00,1.0484318,1.2395957,1.499222
2025-01-01 12:46:00,1.0483822,1.2397617,1.4997206
2025-01-01 12:47:00,1.0483328,1.2399291,1.5002202
2025-01-01 12:48:00,1.0482837,1.2400978,1.5007209
2025-01-01 12:49:00,1.0482347,1.2402678,1.5012227
2025-01-01 12:50:00,1.0481858,1.2404389,1.5017256
2025-01-01 12:51:00,1.0481371,1.2406113,1.5022293
2025-01-01 12:52:00,1.0480883,1.2407849,1.5027341
2025-01-01 12:53:00,1.0480397,1.2409595,1.5032398
2025-01-01 12:54:00,1.047991,1.2411354,1.5037463
2025-01-01 12:55:00,1.0479424,1.2413123,1.5042536
2025-01-01 12:56:00,1.0478936,1.2414901,1.5047618
2025-01-01 12:57:00,1.0478449,1.241669,1.5052706
2025-01-01 12:58:00,1.047796,1.241849,1.5057802
2025-01-01 12:59:00,1.0477469,1.2420297,1.5062904
2025-01-01 13:00:00,1.0476978,1.2422115,1.5068014
2025-01-01 13:01:00,1.0476483,1.242394,1.5073129
2025-01-01 13:02:00,1.0475987,1.2425774,1.5078249
2025-01-01 13:03:00,1.0475489,1.2427616,1.5083374
2025-01-01 13:04:00,1.0474987,1.2429465,1.5088505
2025-01-01 13:05:00,1.0474483,1.2431322,1.5093639
2025-01-01 13:06:00,1.0473975,1.2433187,1.5098777
2025-01-01 13:07:00,1.0473464,1.2435057,1.5103918
2025-01-01 13:08:00,1.0472949,1.2436935,1.5109063
2025-01-01 13:09:00,1.0472429,1.2438817,1.5114211
2025-01-01 13:10:00,1.0471904,1.2440706,1.5119362
2025-01-01 13:11:00,1.0471376,1.2442601,1.5124513
2025-01-01 13:12:00,1.0470842,1.24445,1.5129668
2025-01-01 13:13:00,1.0470303,1.2446405,1.5134822
2025-01-01 13:14:00,1.0469759,1.2448313,1.5139978
2025-01-01 13:15:00,1.0469208,1.2450225,1.5145134
2025-01-01 13:16:00,1.0468651,1.2452142,1.515029
2025-01-01 13:17:00,1.0468088,1.2454062,1.5155447
2025-01-01 13:18:00,1.0467519,1.2455986,1.5160601
2025-01-01 13:19:00,1.0466942,1.2457911,1.5165756
2025-01-01 13:20:00,1.0466359,1.245984,1.5170909
2025-01-01 13:21:00,1.0465767,1.2461771,1.517606
2025-01-01 13:22:00,1.0465169,1.2463703,1.5181209
2025-01-01 13:23:00,1.0464562,1.2465638,1.5186355
2025-01-01 13:24:00,1.0463947,1.2467574,1.5191499
2025-01-01 13:25:00,1.0463324,1.246951,1.5196639
2025-01-01 13:26:00,1.0462692,1.2471448,1.5201776
2025-01-01 13:27:00,1.0462052,1.2473387,1.5206909
2025-01-01 13:28:00,1.0461401,1.2475324,1.5212038
2025-01-01 13:29:00,1.0460742,1.2477262,1.5217161
2025-01-01 13:30:00,1.0460074,1.2479202,1.5222281
2025-01-01 13:31:00,1.0459396,1.2481139,1.5227395
2025-01-01 13:32:00,1.0458707,1.2483075,1.5232503
2025-01-01 13:33:00,1.0458007,1.248501,1.5237606
2025-01-01 13:34:00,1.0457298,1.2486942,1.52427
2025-01-01 13:35:00,1.0456576,1.2488874,1.524779
2025-01-01 13:36:00,1.0455844,1.2490803,1.5252872
2025-01-01 13:37:00,1.0455102,1.2492731,1.5257946
2025-01-01 13:38:00,1.0454347,1.2494655,1.5263013
2025-01-01 13:39:00,1.0453582,1.2496576,1.5268072
2025-01-01 13:40:00,1.0452803,1.2498494,1.5273123
2025-01-01 13:41:00,1.0452013,1.250041,1.5278164
2025-01-01 13:42:00,1.0451212,1.2502321,1.5283197
2025-01-01 13:43:00,1.0450397,1.2504228,1.5288221
2025-01-01 13:44:00,1.0449569,1.2506132,1.5293235
2025-01-01 13:45:00,1.0448729,1.250803,1.5298239
2025-01-01 13:46:00,1.0447875,1.2509924,1.5303233
2025-01-01 13:47:00,1.0447009,1.2511814,1.5308216
2025-01-01 13:48:00,1.0446129,1.2513698,1.5313189
2025-01-01 13:49:00,1.0445236,1.2515577,1.531815
2025-01-01 13:50:00,1.0444328,1.251745,1.5323101
2025-01-01 13:51:00,1.0443406,1.2519318,1.5328039
2025-01-01 13:52:00,1.0442472,1.2521179,1.5332966
2025-01-01 13:53:00,1.0441521,1.2523034,1.5337881
2025-01-01 13:54:00,1.0440557,1.2524883,1.5342783
2025-01-01 13:55:00,1.0439578,1.2526724,1.5347672
2025-01-01 13:56:00,1.0438584,1.2528559,1.5352548
2025-01-01 13:57:00,1.0437576,1.2530388,1.5357411
2025-01-01 13:58:00,1.0436552,1.2532208,1.536226
2025-01-01 13:59:00,1.0435513,1.2534021,1.5367095
2025-01-01 14:00:00,1.0434458,1.2535826,1.5371916
2025-01-01 14:01:00,1.0433389,1.2537624,1.5376724
2025-01-01 14:02:00,1.0432303,1.2539413,1.5381516
2025-01-01 14:03:00,1.0431201,1.2541194,1.5386294
2025-01-01 14:04:00,1.0430084,1.2542967,1.5391057
2025-01-01 14:05:00,1.0428951,1.2544731,1.5395803
2025-01-01 14:06:00,1.0427802,1.2546486,1.5400536
2025-01-01 14:07:00,1.0426636,1.2548232,1.5405252
2025-01-01 14:08:00,1.0425453,1.2549969,1.5409951
2025-01-01 14:09:00,1.0424255,1.2551696,1.5414636
2025-01-01 14:10:00,1.042304,1.2553415,1.5419303
2025-01-01 14:11:00,1.0421809,1.2555125,1.5423955
2025-01-01 14:12:00,1.0420561,1.2556823,1.542859
2025-01-01 14:13:00,1.0419295,1.2558513,1.5433207
2025-01-01 14:14:00,1.0418012,1.2560191,1.5437806
2025-01-01 14:15:00,1.0416713,1.256186,1.5442388
2025-01-01 14:16:00,1.0415397,1.2563517,1.5446954
2025-01-01 14:17:00,1.0414063,1.2565166,1.54515
2025-01-01 14:18:00,1.0412711,1.2566803,1.5456029
2025-01-01 14:19:00,1.0411344,1.256843,1.546054
2025-01-01 14:20:00,1.0409957,1.2570045,1.5465033
2025-01-01 14:21:00,1.0408554,1.257165,1.5469507
2025-01-01 14:22:00,1.0407133,1.2573243,1.5473962
2025-01-01 14:23:00,1.0405695,1.2574825,1.5478399
2025-01-01 14:24:00,1.040424,1.2576396,1.5482817
2025-01-01 14:25:00,1.0402766,1.2577957,1.5487214
2025-01-01 14:26:00,1.0401275,1.2579504,1.5491594
2025-01-01 14:27:00,1.0399766,1.2581042,1.5495955
2025-01-01 14:28:00,1.039824,1.2582567,1.5500294
2025-01-01 14:29:00,1.0396695,1.2584081,1.5504615
2025-01-01 14:30:00,1.0395133,1.2585582,1.5508915
2025-01-01 14:31:00,1.0393554,1.2587072,1.5513196
2025-01-01 14:32:00,1.0391957,1.258855,1.5517458
2025-01-01 14:33:00,1.0390341,1.2590016,1.5521698
2025-01-01 14:34:00,1.0388708,1.2591469,1.5525918
2025-01-01 14:35:00,1.0387057,1.2592912,1.5530119
2025-01-01 14:36:00,1.0385388,1.2594341,1.5534298
2025-01-01 14:37:00,1.0383703,1.2595758,1.5538456
2025-01-01 14:38:00,1.0381998,1.2597164,1.5542595
2025-01-01 14:39:00,1.0380276,1.2598557,1.5546712
2025-01-01 14:40:00,1.0378537,1.2599938,1.5550809
2025-01-01 14:41:00,1.037678,1.2601306,1.5554885
2025-01-01 14:42:00,1.0375005,1.2602662,1.5558939
2025-01-01 14:43:00,1.0373213,1.2604007,1.5562973
2025-01-01 14:44:00,1.0371404,1.2605337,1.5566986
2025-01-01 14:45:00,1.0369576,1.2606657,1.5570977
2025-01-01 14:46:00,1.0367732,1.2607963,1.5574946
2025-01-01 14:47:00,1.036587,1.2609258,1.5578896
2025-01-01 14:48:00,1.036399,1.2610539,1.5582823
2025-01-01 14:49:00,1.0362095,1.2611809,1.5586729
2025-01-01 14:50:00,1.036018,1.2613065,1.5590613
2025-01-01 14:51:00,1.035825,1.261431,1.5594476
2025-01-01 14:52:00,1.0356302,1.2615542,1.5598319
2025-01-01 14:53:00,1.0354338,1.2616763,1.5602138
2025-01-01 14:54:00,1.0352356,1.2617971,1.5605937
2025-01-01 14:55:00,1.0350358,1.2619166,1.5609714
2025-01-01 14:56:00,1.0348344,1.262035,1.561347
2025-01-01 14:57:00,1.0346315,1.2621522,1.5617205
2025-01-01 14:58:00,1.0344267,1.2622682,1.5620917
2025-01-01 14:59:00,1.0342203,1.2623829,1.5624608
2025-01-01 15:00:00,1.0340123,1.2624964,1.5628278
2025-01-01 15:01:00,1.0338027,1.2626088,1.5631925
2025-01-01 15:02:00,1.0335916,1.2627199,1.5635551
2025-01-01 15:03:00,1.0333788,1.2628299,1.5639156
2025-01-01 15:04:00,1.0331645,1.2629386,1.564274
2025-01-01 15:05:00,1.0329486,1.2630463,1.5646302
2025-01-01 15:06:00,1.0327313,1.2631527,1.5649842
2025-01-01 15:07:00,1.0325123,1.2632581,1.5653361
2025-01-01 15:08:00,1.0322919,1.2633623,1.5656859
2025-01-01 15:09:00,1.0320699,1.2634653,1.5660336
2025-01-01 15:10:00,1.0318465,1.2635672,1.5663791
2025-01-01 15:11:00,1.0316217,1.2636681,1.5667225
2025-01-01 15:12:00,1.0313954,1.2637678,1.5670638
2025-01-01 15:13:00,1.0311677,1.2638665,1.567403
2025-01-01 15:14:00,1.0309386,1.263964,1.5677401
2025-01-01 15:15:00,1.0307081,1.2640606,1.5680751
2025-01-01 15:16:00,1.0304762,1.2641561,1.5684081
2025-01-01 15:17:00,1.030243,1.2642505,1.5687389
2025-01-01 15:18:00,1.0300086,1.264344,1.5690677
2025-01-01 15:19:00,1.0297726,1.2644364,1.5693945
2025-01-01 15:20:00,1.0295355,1.2645278,1.5697192
2025-01-01 15:21:00,1.0292971,1.2646182,1.5700419
2025-01-01 15:22:00,1.0290575,1.2647077,1.5703626
2025-01-01 15:23:00,1.0288166,1.2647961,1.5706812
2025-01-01 15:24:00,1.0285745,1.2648838,1.5709978
2025-01-01 15:25:00,1.0283313,1.2649704,1.5713124
2025-01-01 15:26:00,1.0280869,1.2650561,1.5716251
2025-01-01 15:27:00,1.0278413,1.265141,1.5719358
2025-01-01 15:28:00,1.0275947,1.265225,1.5722445
2025-01-01 15:29:00,1.0273468,1.2653081,1.5725514
2025-01-01 15:30:00,1.0270981,1.2653905,1.5728563
2025-01-01 15:31:00,1.0268482,1.2654719,1.5731592
2025-01-01 15:32:00,1.0265974,1.2655528,1.5734603
2025-01-01 15:33:00,1.0263455,1.2656326,1.5737594
2025-01-01 15:34:00,1.0260928,1.2657118,1.5740569
2025-01-01 15:35:00,1.025839,1.2657902,1.5743523
2025-01-01 15:36:00,1.0255843,1.265868,1.5746459
2025-01-01 15:37:00,1.0253288,1.265945,1.5749377
2025-01-01 15:38:00,1.0250725,1.2660214,1.5752279
2025-01-01 15:39:00,1.0248152,1.2660971,1.5755161
2025-01-01 15:40:00,1.0245572,1.2661722,1.5758026
2025-01-01 15:41:00,1.0242984,1.2662466,1.5760872
2025-01-01 15:42:00,1.0240388,1.2663203,1.5763701
2025-01-01 15:43:00,1.0237786,1.2663937,1.5766513
2025-01-01 15:44:00,1.0235176,1.2664664,1.576931
2025-01-01 15:45:00,1.023256,1.2665386,1.5772089
2025-01-01 15:46:00,1.0229938,1.2666103,1.5774851
2025-01-01 15:47:00,1.0227308,1.2666816,1.5777596
2025-01-01 15:48:00,1.0224675,1.2667522,1.5780326
2025-01-01 15:49:00,1.0222036,1.2668226,1.5783039
2025-01-01 15:50:00,1.021939,1.2668926,1.5785737
2025-01-01 15:51:00,1.0216742,1.266962,1.5788419
2025-01-01 15:52:00,1.0214088,1.2670313,1.5791086
2025-01-01 15:53:00,1.021143,1.2671002,1.5793737
2025-01-01 15:54:00,1.0208768,1.2671688,1.5796374
2025-01-01 15:55:00,1.0206102,1.2672371,1.5798997
2025-01-01 15:56:00,1.0203434,1.267305,1.5801604
2025-01-01 15:57:00,1.0200763,1.2673728,1.5804197
2025-01-01 15:58:00,1.0198089,1.2674404,1.5806776
2025-01-01 15:59:00,1.0195413,1.2675079,1.5809342
2025-01-01 16:00:00,1.0192735,1.2675751,1.5811894
2025-01-01 16:01:00,1.0190057,1.2676424,1.5814432
2025-01-01 16:02:00,1.0187376,1.2677094,1.5816958
2025-01-01 16:03:00,1.0184695,1.2677764,1.581947
2025-01-01 16:04:00,1.0182012,1.2678434,1.582197
2025-01-01 16:05:00,1.017933,1.2679104,1.5824457
2025-01-01 16:06:00,1.0176648,1.2679774,1.5826933
2025-01-01 16:07:00,1.0173967,1.2680444,1.5829396
2025-01-01 16:08:00,1.0171287,1.2681115,1.5831848
2025-01-01 16:09:00,1.0168607,1.2681787,1.583429
2025-01-01 16:10:00,1.016593,1.268246,1.5836718
2025-01-01 16:11:00,1.0163255,1.2683136,1.5839137
2025-01-01 16:12:00,1.0160581,1.2683814,1.5841546
2025-01-01 16:13:00,1.015791,1.2684493,1.5843943
2025-01-01 16:14:00,1.0155244,1.2685175,1.5846331
2025-01-01 16:15:00,1.015258,1.2685859,1.5848709
2025-01-01 16:16:00,1.0149919,1.2686547,1.5851077
2025-01-01 16:17:00,1.0147263,1.2687238,1.5853436
2025-01-01 16:18:00,1.0144612,1.2687933,1.5855787
2025-01-01 16:19:00,1.0141965,1.2688633,1.5858128
2025-01-01 16:20:00,1.0139323,1.2689337,1.5860461
2025-01-01 16:21:00,1.0136688,1.2690045,1.5862787
2025-01-01 16:22:00,1.0134058,1.2690758,1.5865103
2025-01-01 16:23:00,1.0131434,1.2691476,1.5867413
2025-01-01 16:24:00,1.0128818,1.26922,1.5869715
2025-01-01 16:25:00,1.0126208,1.2692931,1.5872011
2025-01-01 16:26:00,1.0123607,1.2693667,1.58743
2025-01-01 16:27:00,1.0121012,1.269441,1.5876582
2025-01-01 16:28:00,1.0118426,1.2695159,1.5878857
2025-01-01 16:29:00,1.0115849,1.2695916,1.5881127
2025-01-01 16:30:00,1.011328,1.269668,1.5883391
2025-01-01 16:31:00,1.011072,1.2697452,1.588565
2025-01-01 16:32:00,1.0108172,1.2698232,1.5887904
2025-01-01 16:33:00,1.0105633,1.269902,1.5890152
2025-01-01 16:34:00,1.0103103,1.2699817,1.5892398
2025-01-01 16:35:00,1.0100586,1.2700624,1.5894638
2025-01-01 16:36:00,1.009808,1.270144,1.5896875
2025-01-01 16:37:00,1.0095584,1.2702265,1.5899107
2025-01-01 16:38:00,1.0093101,1.27031,1.5901338
2025-01-01 16:39:00,1.0090631,1.2703946,1.5903565
2025-01-01 16:40:00,1.0088174,1.2704802,1.5905789
2025-01-01 16:41:00,1.0085729,1.2705669,1.590801
2025-01-01 16:42:00,1.0083299,1.2706548,1.591023
2025-01-01 16:43:00,1.0080882,1.2707438,1.5912447
2025-01-01 16:44:00,1.007848,1.2708341,1.5914664
2025-01-01 16:45:00,1.0076092,1.2709255,1.5916879
2025-01-01 16:46:00,1.007372,1.2710181,1.5919093
2025-01-01 16:47:00,1.0071363,1.2711122,1.5921307
2025-01-01 16:48:00,1.0069022,1.2712075,1.5923519
2025-01-01 16:49:00,1.0066696,1.2713041,1.5925732
2025-01-01 16:50:00,1.0064389,1.2714022,1.5927945
2025-01-01 16:51:00,1.0062097,1.2715017,1.5930159
2025-01-01 16:52:00,1.0059824,1.2716025,1.5932374
2025-01-01 16:53:00,1.0057567,1.2717049,1.593459
2025-01-01 16:54:00,1.005533,1.2718089,1.5936806
2025-01-01 16:55:00,1.005311,1.2719142,1.5939026
2025-01-01 16:56:00,1.005091,1.2720213,1.5941247
2025-01-01 16:57:00,1.0048729,1.2721299,1.594347
2025-01-01 16:58:00,1.0046567,1.2722402,1.5945696
2025-01-01 16:59:00,1.0044426,1.2723521,1.5947924
2025-01-01 17:00:00,1.0042304,1.2724657,1.5950155
2025-01-01 17:01:00,1.0040205,1.2725811,1.595239
2025-01-01 17:02:00,1.0038124,1.2726982,1.5954629
2025-01-01 17:03:00,1.0036067,1.2728171,1.5956872
2025-01-01 17:04:00,1.0034031,1.2729378,1.5959119
2025-01-01 17:05:00,1.0032018,1.2730604,1.5961372
2025-01-01 17:06:00,1.0030028,1.2731849,1.5963628
2025-01-01 17:07:00,1.002806,1.2733113,1.596589
2025-01-01 17:08:00,1.0026115,1.2734395,1.5968157
2025-01-01 17:09:00,1.0024194,1.2735698,1.5970429
2025-01-01 17:10:00,1.0022296,1.273702,1.5972708
2025-01-01 17:11:00,1.0020423,1.2738364,1.5974994
2025-01-01 17:12:00,1.0018575,1.2739727,1.5977285
2025-01-01 17:13:00,1.0016752,1.2741112,1.5979583
2025-01-01 17:14:00,1.0014955,1.2742517,1.5981888
2025-01-01 17:15:00,1.0013183,1.2743944,1.59842
2025-01-01 17:16:00,1.0011437,1.2745392,1.598652
2025-01-01 17:17:00,1.0009718,1.2746862,1.5988848
2025-01-01 17:18:00,1.0008026,1.2748356,1.5991185
2025-01-01 17:19:00,1.0006361,1.2749871,1.5993528
2025-01-01 17:20:00,1.0004723,1.2751409,1.5995882
2025-01-01 17:21:00,1.0003113,1.275297,1.5998243
2025-01-01 17:22:00,1.0001531,1.2754555,1.6000614
2025-01-01 17:23:00,0.99999774,1.2756163,1.6002995
2025-01-01 17:24:00,0.99984527,1.2757795,1.6005385
2025-01-01 17:25:00,0.9996957,1.2759452,1.6007785
2025-01-01 17:26:00,0.9995491,1.2761132,1.6010195
2025-01-01 17:27:00,0.99940544,1.2762837,1.6012615
2025-01-01 17:28:00,0.99926484,1.2764567,1.6015046
2025-01-01 17:29:00,0.9991272,1.2766323,1.6017488
2025-01-01 17:30:00,0.9989927,1.2768104,1.601994
2025-01-01 17:31:00,0.99886125,1.276991,1.6022404
2025-01-01 17:32:00,0.9987329,1.2771742,1.602488
2025-01-01 17:33:00,0.99860775,1.2773601,1.6027368
2025-01-01 17:34:00,0.9984858,1.2775486,1.6029867
2025-01-01 17:35:00,0.9983671,1.2777398,1.6032379
2025-01-01 17:36:00,0.99825156,1.2779336,1.6034904
2025-01-01 17:37:00,0.9981393,1.2781302,1.603744
2025-01-01 17:38:00,0.99803036,1.2783294,1.6039989
2025-01-01 17:39:00,0.99792475,1.2785314,1.6042552
2025-01-01 17:40:00,0.9978225,1.2787362,1.6045128
2025-01-01 17:41:00,0.9977237,1.2789438,1.6047717
2025-01-01 17:42:00,0.9976282,1.2791542,1.6050321
2025-01-01 17:43:00,0.9975362,1.2793674,1.6052938
2025-01-01 17:44:00,0.99744767,1.2795836,1.6055568
2025-01-01 17:45:00,0.9973626,1.2798024,1.6058214
2025-01-01 17:46:00,0.9972811,1.2800244,1.6060873
2025-01-01 17:47:00,0.99720305,1.2802491,1.6063548
2025-01-01 17:48:00,0.9971286,1.2804768,1.6066236
2025-01-01 17:49:00,0.9970578,1.2807076,1.6068941
2025-01-01 17:50:00,0.99699056,1.2809411,1.607166
2025-01-01 17:51:00,0.99692696,1.2811778,1.6074395
2025-01-01 17:52:00,0.9968671,1.2814176,1.6077147
2025-01-01 17:53:00,0.9968109,1.2816602,1.6079912
2025-01-01 17:54:00,0.99675834,1.2819059,1.6082693
2025-01-01 17:55:00,0.9967095,1.2821547,1.6085491
2025-01-01 17:56:00,0.9966644,1.2824064,1.6088305
2025-01-01 17:57:00,0.9966231,1.2826614,1.6091136
2025-01-01 17:58:00,0.9965856,1.2829194,1.6093981
2025-01-01 17:59:00,0.99655193,1.2831806,1.6096845
2025-01-01 18:00:00,0.99652207,1.2834449,1.6099725
2025-01-01 18:01:00,0.996496,1.2837123,1.6102622
2025-01-01 18:02:00,0.99647385,1.2839829,1.6105535
2025-01-01 18:03:00,0.9964556,1.2842566,1.6108465
2025-01-01 18:04:00,0.99644125,1.2845335,1.6111413
2025-01-01 18:05:00,0.9964308,1.2848136,1.6114378
2025-01-01 18:06:00,0.9964243,1.2850969,1.611736
2025-01-01 18:07:00,0.9964218,1.2853835,1.6120361
2025-01-01 18:08:00,0.99642324,1.2856733,1.612338
2025-01-01 18:09:00,0.99642867,1.2859663,1.6126415
2025-01-01 18:10:00,0.9964381,1.2862625,1.6129469
2025-01-01 18:11:00,0.99645156,1.2865621,1.6132541
2025-01-01 18:12:00,0.9964691,1.2868649,1.613563
2025-01-01 18:13:00,0.9964906,1.287171,1.6138737
2025-01-01 18:14:00,0.9965162,1.2874804,1.6141864
2025-01-01 18:15:00,0.9965459,1.287793,1.6145008
2025-01-01 18:16:00,0.99657965,1.2881091,1.614817
2025-01-01 18:17:00,0.99661756,1.2884283,1.6151351
2025-01-01 18:18:00,0.9966595,1.2887509,1.6154552
2025-01-01 18:19:00,0.99670565,1.2890768,1.6157769
2025-01-01 18:20:00,0.9967559,1.2894061,1.6161005
2025-01-01 18:21:00,0.99681026,1.2897385,1.6164261
2025-01-01 18:22:00,0.99686885,1.2900745,1.6167536
2025-01-01 18:23:00,0.99693155,1.2904137,1.6170828
2025-01-01 18:24:00,0.9969984,1.2907563,1.617414
2025-01-01 18:25:00,0.9970695,1.2911023,1.6177471
2025-01-01 18:26:00,0.99714476,1.2914516,1.618082
2025-01-01 18:27:00,0.9972242,1.2918042,1.6184188
2025-01-01 18:28:00,0.9973079,1.2921602,1.6187576
2025-01-01 18:29:00,0.99739575,1.2925196,1.6190982
2025-01-01 18:30:00,0.99748784,1.2928822,1.6194407
2025-01-01 18:31:00,0.99758416,1.2932483,1.6197851
2025-01-01 18:32:00,0.9976847,1.2936177,1.6201314
2025-01-01 18:33:00,0.9977896,1.2939906,1.6204797
2025-01-01 18:34:00,0.99789864,1.2943667,1.6208298
2025-01-01 18:35:00,0.9980119,1.2947462,1.6211817
2025-01-01 18:36:00,0.99812937,1.2951291,1.6215357
2025-01-01 18:37:00,0.9982511,1.2955152,1.6218914
2025-01-01 18:38:00,0.9983771,1.2959048,1.622249
2025-01-01 18:39:00,0.9985073,1.2962976,1.6226085
2025-01-01 18:40:00,0.99864185,1.2966938,1.62297
2025-01-01 18:41:00,0.99878055,1.2970934,1.6233333
2025-01-01 18:42:00,0.99892354,1.2974962,1.6236985
2025-01-01 18:43:00,0.99907076,1.2979023,1.6240655
2025-01-01 18:44:00,0.9992223,1.2983118,1.6244344
2025-01-01 18:45:00,0.99937797,1.2987247,1.6248051
2025-01-01 18:46:00,0.99953794,1.2991408,1.6251777
2025-01-01 18:47:00,0.9997022,1.2995602,1.6255522
2025-01-01 18:48:00,0.99987066,1.2999829,1.6259284
2025-01-01 18:49:00,1.0000434,1.3004088,1.6263065
2025-01-01 18:50:00,1.0002203,1.3008381,1.6266866
2025-01-01 18:51:00,1.0004015,1.3012707,1.6270683
2025-01-01 18:52:00,1.0005869,1.3017064,1.6274518
2025-01-01 18:53:00,1.0007764,1.3021454,1.6278372
2025-01-01 18:54:00,1.0009702,1.3025876,1.6282243
2025-01-01 18:55:00,1.0011683,1.3030331,1.6286132
2025-01-01 18:56:00,1.0013704,1.3034818,1.6290039
2025-01-01 18:57:00,1.0015769,1.3039336,1.6293963
2025-01-01 18:58:00,1.0017874,1.3043886,1.6297905
2025-01-01 18:59:00,1.0020022,1.3048469,1.6301863
2025-01-01 19:00:00,1.0022211,1.3053082,1.630584
2025-01-01 19:01:00,1.0024443,1.3057728,1.6309834
2025-01-01 19:02:00,1.0026715,1.3062404,1.6313844
2025-01-01 19:03:00,1.0029029,1.3067112,1.6317871
2025-01-01 19:04:00,1.0031383,1.3071849,1.6321914
2025-01-01 19:05:00,1.0033779,1.307662,1.6325974
2025-01-01 19:06:00,1.0036216,1.308142,1.633005
2025-01-01 19:07:00,1.0038694,1.308625,1.6334143
2025-01-01 19:08:00,1.0041213,1.3091111,1.6338252
2025-01-01 19:09:00,1.0043772,1.3096001,1.6342376
2025-01-01 19:10:00,1.0046372,1.3100922,1.6346517
2025-01-01 19:11:00,1.0049012,1.3105873,1.6350672
2025-01-01 19:12:00,1.0051693,1.3110853,1.6354843
2025-01-01 19:13:00,1.0054413,1.3115863,1.6359029
2025-01-01 19:14:00,1.0057173,1.3120902,1.6363231
2025-01-01 19:15:00,1.0059973,1.3125969,1.6367447
2025-01-01 19:16:00,1.0062813,1.3131065,1.6371677
2025-01-01 19:17:00,1.0065691,1.313619,1.6375922
2025-01-01 19:18:00,1.006861,1.3141344,1.6380181
2025-01-01 19:19:00,1.0071568,1.3146527,1.6384456
2025-01-01 19:20:00,1.0074564,1.3151735,1.6388743
2025-01-01 19:21:00,1.0077599,1.3156972,1.6393044
2025-01-01 19:22:00,1.0080673,1.3162236,1.6397357
2025-01-01 19:23:00,1.0083784,1.3167528,1.6401684
2025-01-01 19:24:00,1.0086933,1.3172847,1.6406025
2025-01-01 19:25:00,1.0090121,1.3178191,1.6410377
2025-01-01 19:26:00,1.0093347,1.3183564,1.6414742
2025-01-01 19:27:00,1.0096608,1.318896,1.641912
2025-01-01 19:28:00,1.0099908,1.3194385,1.6423509
2025-01-01 19:29:00,1.0103245,1.3199834,1.642791
2025-01-01 19:30:00,1.0106618,1.3205309,1.6432323
2025-01-01 19:31:00,1.0110029,1.3210808,1.6436746
2025-01-01 19:32:00,1.0113475,1.3216332,1.6441182
2025-01-01 19:33:00,1.0116957,1.3221883,1.6445627
2025-01-01 19:34:00,1.0120476,1.3227456,1.6450083
2025-01-01 19:35:00,1.012403,1.3233052,1.6454549
2025-01-01 19:36:00,1.012762,1.3238674,1.6459025
2025-01-01 19:37:00,1.0131243,1.3244319,1.6463511
2025-01-01 19:38:00,1.0134902,1.3249986,1.6468006
2025-01-01 19:39:00,1.0138596,1.3255676,1.647251
2025-01-01 19:40:00,1.0142324,1.326139,1.6477022
2025-01-01 19:41:00,1.0146086,1.3267125,1.6481545
2025-01-01 19:42:00,1.0149882,1.3272882,1.6486074
2025-01-01 19:43:00,1.015371,1.327866,1.6490612
2025-01-01 19:44:00,1.0157573,1.328446,1.6495157
2025-01-01 19:45:00,1.0161468,1.3290281,1.649971
2025-01-01 19:46:00,1.0165396,1.3296121,1.650427
2025-01-01 19:47:00,1.0169355,1.3301983,1.6508836
2025-01-01 19:48:00,1.0173347,1.3307865,1.6513408
2025-01-01 19:49:00,1.0177372,1.3313766,1.6517987
2025-01-01 19:50:00,1.0181426,1.3319687,1.6522572
2025-01-01 19:51:00,1.0185512,1.3325626,1.6527163
2025-01-01 19:52:00,1.018963,1.3331584,1.6531758
2025-01-01 19:53:00,1.0193777,1.3337559,1.6536359
2025-01-01 19:54:00,1.0197954,1.3343552,1.6540964
2025-01-01 19:55:00,1.0202162,1.3349564,1.6545572
2025-01-01 19:56:00,1.0206399,1.3355592,1.6550184
2025-01-01 19:57:00,1.0210664,1.3361638,1.6554801
2025-01-01 19:58:00,1.0214959,1.3367699,1.6559421
2025-01-01 19:59:00,1.0219283,1.3373778,1.6564044
2025-01-01 20:00:00,1.0223637,1.3379872,1.656867
2025-01-01 20:01:00,1.0228015,1.3385981,1.6573297
2025-01-01 20:02:00,1.0232424,1.3392105,1.6577926
2025-01-01 20:03:00,1.0236857,1.3398243,1.6582557
2025-01-01 20:04:00,1.0241318,1.3404396,1.6587188
2025-01-01 20:05:00,1.0245806,1.3410562,1.6591821
2025-01-01 20:06:00,1.0250319,1.3416742,1.6596453
2025-01-01 20:07:00,1.0254859,1.3422935,1.6601086
2025-01-01 20:08:00,1.0259423,1.342914,1.6605718
2025-01-01 20:09:00,1.0264014,1.3435359,1.6610351
2025-01-01 20:10:00,1.0268629,1.3441588,1.6614982
2025-01-01 20:11:00,1.0273267,1.3447828,1.6619611
2025-01-01 20:12:00,1.027793,1.3454081,1.662424
2025-01-01 20:13:00,1.0282617,1.3460344,1.6628865
2025-01-01 20:14:00,1.0287327,1.3466618,1.6633488
2025-01-01 20:15:00,1.0292059,1.34729,1.6638108
2025-01-01 20:16:00,1.0296814,1.3479193,1.6642727
2025-01-01 20:17:00,1.0301592,1.3485495,1.664734
2025-01-01 20:18:00,1.030639,1.3491806,1.665195
2025-01-01 20:19:00,1.0311211,1.3498124,1.6656555
2025-01-01 20:20:00,1.0316054,1.3504452,1.6661156
2025-01-01 20:21:00,1.0320915,1.3510785,1.6665752
2025-01-01 20:22:00,1.0325797,1.3517126,1.6670341
2025-01-01 20:23:00,1.0330698,1.3523474,1.6674926
2025-01-01 20:24:00,1.0335621,1.3529829,1.6679505
2025-01-01 20:25:00,1.0340562,1.3536189,1.6684077
2025-01-01 20:26:00,1.0345521,1.3542553,1.668864
2025-01-01 20:27:00,1.0350498,1.3548924,1.6693199
2025-01-01 20:28:00,1.0355494,1.3555298,1.6697748
2025-01-01 20:29:00,1.0360507,1.3561677,1.670229
2025-01-01 20:30:00,1.0365536,1.3568059,1.6706822
2025-01-01 20:31:00,1.0370584,1.3574445,1.6711346
2025-01-01 20:32:00,1.0375646,1.3580834,1.671586
2025-01-01 20:33:00,1.0380726,1.3587226,1.6720365
2025-01-01 20:34:00,1.038582,1.3593619,1.6724861
2025-01-01 20:35:00,1.0390929,1.3600013,1.6729345
2025-01-01 20:36:00,1.0396054,1.360641,1.6733819
2025-01-01 20:37:00,1.0401193,1.3612806,1.6738281
2025-01-01 20:38:00,1.0406345,1.3619204,1.6742733
2025-01-01 20:39:00,1.0411512,1.36256,1.6747171
2025-01-01 20:40:00,1.041669,1.3631997,1.6751597
2025-01-01 20:41:00,1.0421882,1.3638393,1.6756011
2025-01-01 20:42:00,1.0427086,1.3644787,1.6760411
2025-01-01 20:43:00,1.0432303,1.3651179,1.6764798
2025-01-01 20:44:00,1.043753,1.3657569,1.6769171
2025-01-01 20:45:00,1.0442768,1.3663957,1.677353
2025-01-01 20:46:00,1.044802,1.3670342,1.6777875
2025-01-01 20:47:00,1.0453279,1.3676723,1.6782204
2025-01-01 20:48:00,1.0458548,1.36831,1.6786517
2025-01-01 20:49:00,1.0463828,1.3689473,1.6790816
2025-01-01 20:50:00,1.0469115,1.3695841,1.6795096
2025-01-01 20:51:00,1.0474412,1.3702203,1.679936
2025-01-01 20:52:00,1.0479717,1.370856,1.6803608
2025-01-01 20:53:00,1.048503,1.3714911,1.6807839
2025-01-01 20:54:00,1.0490351,1.3721255,1.681205
2025-01-01 20:55:00,1.0495677,1.3727592,1.6816244
2025-01-01 20:56:00,1.0501012,1.3733923,1.682042
2025-01-01 20:57:00,1.0506352,1.3740245,1.6824577
2025-01-01 20:58:00,1.0511698,1.374656,1.6828715
2025-01-01 20:59:00,1.0517049,1.3752865,1.6832832
2025-01-01 21:00:00,1.0522406,1.3759162,1.6836929
2025-01-01 21:01:00,1.0527767,1.376545,1.6841006
2025-01-01 21:02:00,1.0533133,1.3771726,1.6845062
2025-01-01 21:03:00,1.0538502,1.3777994,1.6849098
2025-01-01 21:04:00,1.0543875,1.378425,1.6853111
2025-01-01 21:05:00,1.0549251,1.3790495,1.6857102
2025-01-01 21:06:00,1.0554628,1.3796729,1.6861072
2025-01-01 21:07:00,1.056001,1.3802952,1.6865019
2025-01-01 21:08:00,1.0565393,1.3809161,1.6868942
2025-01-01 21:09:00,1.0570776,1.3815359,1.6872842
2025-01-01 21:10:00,1.0576162,1.3821542,1.6876719
2025-01-01 21:11:00,1.0581548,1.3827713,1.6880571
2025-01-01 21:12:00,1.0586934,1.383387,1.6884398
2025-01-01 21:13:00,1.059232,1.3840011,1.6888201
2025-01-01 21:14:00,1.0597706,1.3846139,1.6891979
2025-01-01 21:15:00,1.0603092,1.3852252,1.6895732
2025-01-01 21:16:00,1.0608475,1.3858348,1.6899458
2025-01-01 21:17:00,1.0613856,1.3864429,1.6903157
2025-01-01 21:18:00,1.0619237,1.3870494,1.6906831
2025-01-01 21:19:00,1.0624615,1.3876542,1.6910478
2025-01-01 21:20:00,1.062999,1.3882573,1.6914097
2025-01-01 21:21:00,1.0635363,1.3888587,1.6917689
2025-01-01 21:22:00,1.0640731,1.3894582,1.6921253
2025-01-01 21:23:00,1.0646095,1.3900559,1.6924789
2025-01-01 21:24:00,1.0651456,1.3906517,1.6928295
2025-01-01 21:25:00,1.0656812,1.3912458,1.6931773
2025-01-01 21:26:00,1.0662163,1.3918378,1.6935222
2025-01-01 21:27:00,1.066751,1.392428,1.6938643
2025-01-01 21:28:00,1.0672852,1.3930161,1.6942033
2025-01-01 21:29:00,1.0678185,1.3936021,1.6945392
2025-01-01 21:30:00,1.0683514,1.3941861,1.694872
2025-01-01 21:31:00,1.0688834,1.394768,1.6952019
2025-01-01 21:32:00,1.069415,1.3953477,1.6955285
2025-01-01 21:33:00,1.0699456,1.3959252,1.695852
2025-01-01 21:34:00,1.0704756,1.3965005,1.6961724
2025-01-01 21:35:00,1.0710047,1.3970735,1.6964896
2025-01-01 21:36:00,1.071533,1.3976443,1.6968035
2025-01-01 21:37:00,1.0720603,1.3982127,1.6971141
2025-01-01 21:38:00,1.0725869,1.3987787,1.6974214
2025-01-01 21:39:00,1.0731125,1.3993424,1.6977255
2025-01-01 21:40:00,1.0736371,1.3999037,1.6980263
2025-01-01 21:41:00,1.0741607,1.4004624,1.6983236
2025-01-01 21:42:00,1.0746833,1.4010187,1.6986175
2025-01-01 21:43:00,1.0752048,1.4015726,1.698908
2025-01-01 21:44:00,1.0757253,1.4021238,1.699195
2025-01-01 21:45:00,1.0762446,1.4026724,1.6994786
2025-01-01 21:46:00,1.0767627,1.4032185,1.6997586
2025-01-01 21:47:00,1.0772797,1.4037619,1.7000352
2025-01-01 21:48:00,1.0777954,1.4043026,1.7003082
2025-01-01 21:49:00,1.0783099,1.4048406,1.7005775
2025-01-01 21:50:00,1.0788232,1.405376,1.7008433
2025-01-01 21:51:00,1.0793351,1.4059083,1.7011055
2025-01-01 21:52:00,1.0798457,1.4064381,1.7013639
2025-01-01 21:53:00,1.0803549,1.406965,1.7016187
2025-01-01 21:54:00,1.0808628,1.4074891,1.7018698
2025-01-01 21:55:00,1.0813692,1.4080102,1.7021172
2025-01-01 21:56:00,1.0818741,1.4085284,1.7023609
2025-01-01 21:57:00,1.0823777,1.4090439,1.7026007
2025-01-01 21:58:00,1.0828798,1.4095563,1.7028368
2025-01-01 21:59:00,1.0833802,1.4100657,1.703069
2025-01-01 22:00:00,1.0838792,1.410572,1.7032975
2025-01-01 22:01:00,1.0843766,1.4110754,1.7035221
2025-01-01 22:02:00,1.0848724,1.4115757,1.7037427
2025-01-01 22:03:00,1.0853666,1.4120729,1.7039596
2025-01-01 22:04:00,1.0858592,1.412567,1.7041725
2025-01-01 22:05:00,1.08635,1.4130579,1.7043815
2025-01-01 22:06:00,1.0868392,1.4135457,1.7045865
2025-01-01 22:07:00,1.0873266,1.4140303,1.7047876
2025-01-01 22:08:00,1.0878124,1.4145118,1.7049847
2025-01-01 22:09:00,1.0882963,1.4149901,1.7051778
2025-01-01 22:10:00,1.0887785,1.415465,1.705367
2025-01-01 22:11:00,1.0892589,1.4159367,1.705552
2025-01-01 22:12:00,1.0897375,1.4164052,1.7057331
2025-01-01 22:13:00,1.0902143,1.4168702,1.70591
2025-01-01 22:14:00,1.0906892,1.4173322,1.706083
2025-01-01 22:15:00,1.0911622,1.4177907,1.7062519
2025-01-01 22:16:00,1.0916333,1.4182457,1.7064166
2025-01-01 22:17:00,1.0921025,1.4186974,1.7065772
2025-01-01 22:18:00,1.0925697,1.4191457,1.7067337
2025-01-01 22:19:00,1.093035,1.4195906,1.706886
2025-01-01 22:20:00,1.0934983,1.420032,1.7070342
2025-01-01 22:21:00,1.0939597,1.4204701,1.7071784
2025-01-01 22:22:00,1.094419,1.4209046,1.7073183
2025-01-01 22:23:00,1.0948763,1.4213357,1.707454
2025-01-01 22:24:00,1.0953315,1.4217633,1.7075855
2025-01-01 22:25:00,1.0957847,1.4221873,1.7077129
2025-01-01 22:26:00,1.0962359,1.4226079,1.707836
2025-01-01 22:27:00,1.0966849,1.4230249,1.7079549
2025-01-01 22:28:00,1.097132,1.4234383,1.7080697
2025-01-01 22:29:00,1.0975769,1.4238482,1.7081801
2025-01-01 22:30:00,1.0980196,1.4242545,1.7082864
2025-01-01 22:31:00,1.0984602,1.4246572,1.7083884
2025-01-01 22:32:00,1.0988986,1.4250563,1.7084862
2025-01-01 22:33:00,1.099335,1.4254519,1.7085797
2025-01-01 22:34:00,1.0997691,1.4258437,1.708669
2025-01-01 22:35:00,1.100201,1.426232,1.708754
2025-01-01 22:36:00,1.1006309,1.4266167,1.7088348
2025-01-01 22:37:00,1.1010585,1.4269977,1.7089113
2025-01-01 22:38:00,1.1014838,1.427375,1.7089835
2025-01-01 22:39:00,1.101907,1.4277486,1.7090515
2025-01-01 22:40:00,1.102328,1.4281186,1.7091151
2025-01-01 22:41:00,1.1027467,1.4284849,1.7091746
2025-01-01 22:42:00,1.1031631,1.4288476,1.7092297
2025-01-01 22:43:00,1.1035774,1.4292065,1.7092806
2025-01-01 22:44:00,1.1039894,1.4295617,1.7093272
2025-01-01 22:45:00,1.1043991,1.4299133,1.7093697
2025-01-01 22:46:00,1.1048065,1.430261,1.7094077
2025-01-01 22:47:00,1.1052117,1.4306052,1.7094415
2025-01-01 22:48:00,1.1056147,1.4309456,1.7094711
2025-01-01 22:49:00,1.1060153,1.4312823,1.7094964
2025-01-01 22:50:00,1.1064137,1.4316154,1.7095175
2025-01-01 22:51:00,1.1068097,1.4319446,1.7095342
2025-01-01 22:52:00,1.1072036,1.4322702,1.7095468
2025-01-01 22:53:00,1.1075951,1.4325919,1.709555
2025-01-01 22:54:00,1.1079844,1.4329102,1.7095592
2025-01-01 22:55:00,1.1083714,1.4332246,1.7095591
2025-01-01 22:56:00,1.108756,1.4335352,1.7095547
2025-01-01 22:57:00,1.1091383,1.4338422,1.7095461
2025-01-01 22:58:00,1.1095184,1.4341453,1.7095333
2025-01-01 22:59:00,1.1098962,1.4344449,1.7095163
2025-01-01 23:00:00,1.1102716,1.4347407,1.7094951
2025-01-01 23:01:00,1.1106448,1.4350327,1.7094697
2025-01-01 23:02:00,1.1110157,1.4353211,1.7094401
2025-01-01 23:03:00,1.1113843,1.4356058,1.7094064
2025-01-01 23:04:00,1.1117506,1.4358867,1.7093685
2025-01-01 23:05:00,1.1121147,1.436164,1.7093265
2025-01-01 23:06:00,1.1124765,1.4364376,1.7092804
2025-01-01 23:07:00,1.1128359,1.4367075,1.7092301
2025-01-01 23:08:00,1.1131932,1.4369737,1.7091757
2025-01-01 23:09:00,1.1135482,1.4372363,1.7091172
2025-01-01 23:10:00,1.1139008,1.4374952,1.7090546
2025-01-01 23:11:00,1.1142513,1.4377505,1.708988
2025-01-01 23:12:00,1.1145995,1.438002,1.7089174
2025-01-01 23:13:00,1.1149455,1.43825,1.7088426
2025-01-01 23:14:00,1.1152892,1.4384943,1.7087638
2025-01-01 23:15:00,1.1156307,1.438735,1.7086811
2025-01-01 23:16:00,1.1159701,1.4389721,1.7085943
2025-01-01 23:17:00,1.1163071,1.4392055,1.7085037
2025-01-01 23:18:00,1.1166421,1.4394355,1.708409
2025-01-01 23:19:00,1.1169748,1.4396617,1.7083104
2025-01-01 23:20:00,1.1173054,1.4398845,1.7082078
2025-01-01 23:21:00,1.1176337,1.4401038,1.7081014
2025-01-01 23:22:00,1.11796,1.4403194,1.7079911
2025-01-01 23:23:00,1.118284,1.4405315,1.7078769
2025-01-01 23:24:00,1.118606,1.4407401,1.7077589
2025-01-01 23:25:00,1.1189257,1.4409453,1.707637
2025-01-01 23:26:00,1.1192434,1.4411469,1.7075113
2025-01-01 23:27:00,1.119559,1.4413451,1.7073818
2025-01-01 23:28:00,1.1198726,1.4415398,1.7072487
2025-01-01 23:29:00,1.120184,1.441731,1.7071117
2025-01-01 23:30:00,1.1204934,1.4419188,1.706971
2025-01-01 23:31:00,1.1208007,1.4421033,1.7068267
2025-01-01 23:32:00,1.121106,1.4422843,1.7066786
2025-01-01 23:33:00,1.1214093,1.442462,1.706527
2025-01-01 23:34:00,1.1217107,1.4426363,1.7063717
2025-01-01 23:35:00,1.1220099,1.4428072,1.7062128
2025-01-01 23:36:00,1.1223073,1.4429749,1.7060503
2025-01-01 23:37:00,1.1226027,1.4431392,1.7058842
2025-01-01 23:38:00,1.1228961,1.4433004,1.7057147
2025-01-01 23:39:00,1.1231877,1.4434581,1.7055416
2025-01-01 23:40:00,1.1234772,1.4436127,1.7053651
2025-01-01 23:41:00,1.1237651,1.4437641,1.7051852
2025-01-01 23:42:00,1.124051,1.4439123,1.7050017
2025-01-01 23:43:00,1.124335,1.4440572,1.704815
2025-01-01 23:44:00,1.1246172,1.444199,1.7046248
2025-01-01 23:45:00,1.1248977,1.4443376,1.7044313
2025-01-01 23:46:00,1.1251763,1.4444733,1.7042345
2025-01-01 23:47:00,1.1254531,1.4446057,1.7040344
2025-01-01 23:48:00,1.1257282,1.444735,1.7038311
2025-01-01 23:49:00,1.1260016,1.4448614,1.7036245
2025-01-01 23:50:00,1.1262733,1.4449847,1.7034148
2025-01-01 23:51:00,1.1265432,1.445105,1.7032019
2025-01-01 23:52:00,1.1268115,1.4452224,1.7029859
2025-01-01 23:53:00,1.1270782,1.4453367,1.7027667
2025-01-01 23:54:00,1.1273432,1.4454482,1.7025446
2025-01-01 23:55:00,1.1276066,1.4455568,1.7023193
2025-01-01 23:56:00,1.1278685,1.4456625,1.7020911
2025-01-01 23:57:00,1.1281288,1.4457653,1.7018598
2025-01-01 23:58:00,1.1283876,1.4458653,1.7016257
2025-01-01 23:59:00,1.1286448,1.4459625,1.7013886
